
Opening input/output transcript to file "C:\Users\radie\Desktop\1_TrainingSIMS\realbifurcationSIM\\fluent-20260222-221003-8856.trn".
Auto-Transcript Start Time:  22:10:03, 22 Feb 2026 E. Australia Standard Time 

              Welcome to ANSYS Fluent 2025 R2.04

              Copyright 1987-2025 ANSYS, Inc. All Rights Reserved.
              Unauthorized use, distribution or duplication is prohibited.
              This product is subject to U.S. laws governing export and re-export.
              For full Legal Notice, see documentation.

Build Time: Oct  7 2025 15:34:38 EDT  Build Id: 10205  
 
Connected License Server List:	1055@localhost

     --------------------------------------------------------------
     This is an academic version of ANSYS FLUENT. Usage of this product
     license is limited to the terms and conditions specified in your ANSYS
     license form, additional terms section.
     --------------------------------------------------------------
Host spawning Node 0 on machine "DESKTOP-BBN4MI6" (win64).

-----------------------------------------------------------------------------------
ID    Hostname         Core  O.S.         PID    Vendor                           
-----------------------------------------------------------------------------------
n3    DESKTOP-BBN4MI6  4/12  Windows-x64  27048  Intel(R) Core(TM) i5-10400F      
n2    DESKTOP-BBN4MI6  3/12  Windows-x64  25208  Intel(R) Core(TM) i5-10400F      
n1    DESKTOP-BBN4MI6  2/12  Windows-x64  29072  Intel(R) Core(TM) i5-10400F      
n0*   DESKTOP-BBN4MI6  1/12  Windows-x64  28568  Intel(R) Core(TM) i5-10400F      
host  DESKTOP-BBN4MI6        Windows-x64  5332   Intel(R) Core(TM) i5-10400F      

MPI Option Selected: intel
Selected system interconnect: default
-----------------------------------------------------------------------------------

Cleanup script file is C:\\Users\\radie\\Desktop\\1_TrainingSIMS\\realbifurcationSIM\\cleanup-fluent-DESKTOP-BBN4MI6-5332.bat

Posting ANSYS Product Improvement Program startup data
Done.

Reading journal file results/coronary_extracted_vessel/Re700/run_coronary_extracted_vessel_Re700.jou...

> ; ===========================================================
; bifurcation_template_robust.jou  (BATCH-SAFE EXPORT FIX)
; Validated for ANSYS Fluent 2025 R2 (25.2)
; Mesh -> laminar -> water-liquid -> BCs -> iterate -> export
; ===========================================================

/file/set-tui-version "25.2"

> /file/set-batch-options yes no yes

> ; overwrite files? yes
; hide questions?  no   (keep no because BC sections still use scripted responses)
; exit on error?   yes

define/                 parametric-study/       solve/
display/                plot/                   surface/
exit                    preferences/            switch-to-meshing-mode
file/                   print-license-usage     turbo-setup/
mesh/                   report/                 views/
parallel/               server/

> ; Prevent overwrite prompts during export/write
/file/confirm-overwrite? no

> 
define/                 parametric-study/       solve/
display/                plot/                   surface/
exit                    preferences/            switch-to-meshing-mode
file/                   print-license-usage     turbo-setup/
mesh/                   report/                 views/
parallel/               server/

> /file/read-case "coronary_extracted_vessel.msh"Multicore SMT processors detected. Processor affinity set!

Reading "coronary_extracted_vessel.msh"...

Buffering for file scan...

Warning: Skipping edges zones section(s).
   24258 nodes.
   30106 nodes.
  156879 nodes.
   57325 triangular wall faces, zone 19.
    1031 mixed velocity-inlet faces, zone 20.
     709 mixed pressure-outlet faces, zone 21.
     267 mixed pressure-outlet faces, zone 22.
 1220320 mixed interior faces, zone 3117.
  567668 mixed cells, zone 3115.

Building...
     mesh
	auto partitioning mesh by Metis (fast),
	distributing mesh
		parts....,
		faces....,
		nodes....,
		cells....,
        bandwidth reduction using Reverse Cuthill-McKee: 140694/1073 = 131.122
     materials,
     interface,
     domains,
     zones,
	Skipping thread 11 of domain 1 (not referenced by grid).
	Skipping thread 14 of domain 1 (not referenced by grid).
	Skipping thread 15 of domain 1 (not referenced by grid).
	Skipping thread 16 of domain 1 (not referenced by grid).
	Skipping thread 17 of domain 1 (not referenced by grid).
	Skipping thread 18 of domain 1 (not referenced by grid).
	wall-fluid_domain
	inlet
	outlet_1
	outlet_2
	interior--fluid_domain
	fluid_domain
     parallel,
Done.
Mesh is now scaled to meters.


> 
adjoint/                parallel/               server/
define/                 parametric-study/       solve/
display/                plot/                   surface/
exit                    preferences/            turbo-setup/
file/                   print-license-usage     views/
mesh/                   report/

> ; ---------- Models ----------
/define/models/solver/pressure-based yes

> /define/models/viscous/laminar yes

> 
adjoint/                parallel/               server/
define/                 parametric-study/       solve/
display/                plot/                   surface/
exit                    preferences/            turbo-setup/
file/                   print-license-usage     views/
mesh/                   report/

> ; ---------- Materials ----------
/define/materials/copy fluid water-liquid

Material "water-liquid" copied from database: fluent-database.


> /define/boundary-conditions/fluid (fluid_domain)
fluid_domain yes water-liquid
Specify source terms? [no] no
Specify fixed values? [no] no
Frame Motion? [no] no
Use Profile for Reference Frame X-Origin of Rotation-Axis? [no] no
Reference Frame X-Origin of Rotation-Axis (constant or expression) (in [m]) [0] 0
Use Profile for Reference Frame Y-Origin of Rotation-Axis? [no] no
Reference Frame Y-Origin of Rotation-Axis (constant or expression) (in [m]) [0] 0
Use Profile for Reference Frame Z-Origin of Rotation-Axis? [no] no
Reference Frame Z-Origin of Rotation-Axis (constant or expression) (in [m]) [0] 0
Use Profile for Reference Frame X-Component of Rotation-Axis? [no] no
Reference Frame X-Component of Rotation-Axis (constant or expression) [0] 0
Use Profile for Reference Frame Y-Component of Rotation-Axis? [no] no
Reference Frame Y-Component of Rotation-Axis (constant or expression) [0] 0
Use Profile for Reference Frame Z-Component of Rotation-Axis? [no] no
Reference Frame Z-Component of Rotation-Axis (constant or expression) [1] 1
Mesh Motion? [no] no
Enter yes or no to continue [no] no
Porous zone? [no] no
3D Fan Zone? [no] no

> 
adjoint/                parallel/               server/
define/                 parametric-study/       solve/
display/                plot/                   surface/
exit                    preferences/            turbo-setup/
file/                   print-license-usage     views/
mesh/                   report/

> ; ---------- Boundary Conditions ----------
; INLET
/define/boundary-conditions/velocity-inlet (inlet)
inlet
Velocity Specification Method: Magnitude and Direction [no] no
Velocity Specification Method: Components [no] no
Velocity Specification Method: Magnitude, Normal to Boundary [yes] yes
Reference Frame: Absolute [yes] yes
Use Profile for Velocity Magnitude? [no] no
Velocity Magnitude (constant or expression) (in [m/s]) [0] 0.2098891755958882
Use Profile for Supersonic/Initial Gauge Pressure? [no] no
Supersonic/Initial Gauge Pressure (constant or expression) (in [Pa]) [0] 0

> 
adjoint/                parallel/               server/
define/                 parametric-study/       solve/
display/                plot/                   surface/
exit                    preferences/            turbo-setup/
file/                   print-license-usage     views/
mesh/                   report/

> ; OUTLETS
/define/boundary-conditions/pressure-outlet (outlet_2 outlet_1)
outlet_1
Backflow Reference Frame: Absolute [yes] yes
Use Profile for Gauge Pressure? [no] no
Gauge Pressure (constant or expression) (in [Pa]) [0] 0
Backflow Direction Specification Method: Direction Vector [no] no
Backflow Direction Specification Method: Normal to Boundary [yes] yes
Backflow Pressure Specification: Total Pressure [yes] yes
Radial Equilibrium Pressure Distribution [no] no
Average Pressure Specification? [no] no
Specify targeted mass flow rate [no] no

> 
adjoint/                parallel/               server/
define/                 parametric-study/       solve/
display/                plot/                   surface/
exit                    preferences/            turbo-setup/
file/                   print-license-usage     views/
mesh/                   report/

> /define/boundary-conditions/pressure-outlet (outlet_2 outlet_1)
outlet_2
Backflow Reference Frame: Absolute [yes] yes
Use Profile for Gauge Pressure? [no] no
Gauge Pressure (constant or expression) (in [Pa]) [0] 0
Backflow Direction Specification Method: Direction Vector [no] no
Backflow Direction Specification Method: Normal to Boundary [yes] yes
Backflow Pressure Specification: Total Pressure [yes] yes
Radial Equilibrium Pressure Distribution [no] no
Average Pressure Specification? [no] no
Specify targeted mass flow rate [no] no

> 
adjoint/                parallel/               server/
define/                 parametric-study/       solve/
display/                plot/                   surface/
exit                    preferences/            turbo-setup/
file/                   print-license-usage     views/
mesh/                   report/

> ; WALLS
/define/boundary-conditions/wall (wall-fluid_domain)
wall-fluid_domain
Wall Motion [motion-bc-stationary]: Change current value? [no] no
Shear Boundary Condition [shear-bc-noslip]: Change current value? [no] no

> 
adjoint/                parallel/               server/
define/                 parametric-study/       solve/
display/                plot/                   surface/
exit                    preferences/            turbo-setup/
file/                   print-license-usage     views/
mesh/                   report/

> ; ---------- Solution Methods ----------
/solve/set/p-v-coupling 24

> /solve/set/discretization-scheme/pressure 12

> /solve/set/discretization-scheme/mom 4

> 
adjoint/                parallel/               server/
define/                 parametric-study/       solve/
display/                plot/                   surface/
exit                    preferences/            turbo-setup/
file/                   print-license-usage     views/
mesh/                   report/

> ; ---------- Solution Controls ----------
/solve/monitors/residual/convergence-criteria 1e-6 1e-5 1e-5 1e-5

> /solve/monitors/residual/print? yes

> 
adjoint/                parallel/               server/
define/                 parametric-study/       solve/
display/                plot/                   surface/
exit                    preferences/            turbo-setup/
file/                   print-license-usage     views/
mesh/                   report/

> ; ---------- Initialization ----------
/solve/initialize/compute-defaults/velocity-inlet (inlet)
inlet

> /solve/initialize/initialize-flow

> 
adjoint/                parallel/               server/
define/                 parametric-study/       solve/
display/                plot/                   surface/
exit                    preferences/            turbo-setup/
file/                   print-license-usage     views/
mesh/                   report/

> ; ---------- Solve ----------
/solve/iterate 5000

  iter  continuity  x-velocity  y-velocity  z-velocity     time/iter

 Reversed flow on 709 faces (100.0% area) of pressure-outlet 21.
     1  1.0000e+00  3.7107e-03  4.7501e-03  1.1744e-03  4:21:05 4999

 Reversed flow on 167 faces (7.2% area) of pressure-outlet 21.
     2  8.4678e-01  1.1460e-02  1.6113e-02  6.2852e-03  3:51:29 4998

 Reversed flow on 136 faces (5.4% area) of pressure-outlet 21.
     3  4.3255e-01  3.7055e-03  4.8248e-03  3.2957e-03  3:26:48 4997

 Reversed flow on 44 faces (1.8% area) of pressure-outlet 21.
     4  3.0547e-01  1.8191e-03  2.2103e-03  1.9984e-03  3:07:11 4996

 Reversed flow on 29 faces (1.2% area) of pressure-outlet 21.
     5  2.3890e-01  1.1023e-03  1.1865e-03  1.3845e-03  2:51:26 4995

 Reversed flow on 18 faces (0.8% area) of pressure-outlet 21.
     6  1.8093e-01  7.9205e-04  7.8590e-04  1.0535e-03  2:38:57 4994

 Reversed flow on 13 faces (0.5% area) of pressure-outlet 21.
     7  1.3823e-01  6.2550e-04  5.8583e-04  8.4755e-04  2:28:56 4993

 Reversed flow on 11 faces (0.3% area) of pressure-outlet 21.
     8  1.0891e-01  5.2325e-04  4.7266e-04  7.1448e-04  2:20:55 4992

 Reversed flow on 14 faces (0.5% area) of pressure-outlet 21.
     9  8.9084e-02  4.5337e-04  4.0230e-04  6.2292e-04  2:14:23 4991

 Reversed flow on 14 faces (0.5% area) of pressure-outlet 21.
    10  7.5615e-02  4.0336e-04  3.5629e-04  5.5272e-04  2:09:15 4990

 Reversed flow on 19 faces (0.6% area) of pressure-outlet 21.
    11  6.6191e-02  3.6730e-04  3.2497e-04  4.9540e-04  2:05:01 4989

 Reversed flow on 21 faces (0.6% area) of pressure-outlet 21.

  iter  continuity  x-velocity  y-velocity  z-velocity     time/iter
    12  5.9764e-02  3.4118e-04  3.0266e-04  4.4491e-04  2:01:38 4988

 Reversed flow on 26 faces (0.8% area) of pressure-outlet 21.
    13  5.5546e-02  3.2337e-04  2.9074e-04  4.0470e-04  1:59:05 4987

 Reversed flow on 29 faces (0.9% area) of pressure-outlet 21.
    14  5.2563e-02  3.1053e-04  2.8320e-04  3.7067e-04  1:56:57 4986

 Reversed flow on 29 faces (0.9% area) of pressure-outlet 21.
    15  5.0362e-02  3.0048e-04  2.7841e-04  3.4491e-04  1:55:14 4985

 Reversed flow on 32 faces (1.1% area) of pressure-outlet 21.
    16  4.7984e-02  2.8825e-04  2.7058e-04  3.2153e-04  1:53:47 4984

 Reversed flow on 32 faces (1.1% area) of pressure-outlet 21.
    17  4.6006e-02  2.7795e-04  2.6435e-04  3.0558e-04  1:52:39 4983

 Reversed flow on 33 faces (1.1% area) of pressure-outlet 21.
    18  4.3928e-02  2.6618e-04  2.5464e-04  2.9157e-04  1:51:44 4982

 Reversed flow on 35 faces (1.2% area) of pressure-outlet 21.
    19  4.1710e-02  2.5262e-04  2.4283e-04  2.7910e-04  1:51:02 4981

 Reversed flow on 36 faces (1.3% area) of pressure-outlet 21.
    20  3.9591e-02  2.3871e-04  2.3026e-04  2.6838e-04  1:51:00 4980

 Reversed flow on 36 faces (1.3% area) of pressure-outlet 21.
    21  3.7527e-02  2.2457e-04  2.1697e-04  2.5756e-04  1:50:30 4979

 Reversed flow on 36 faces (1.3% area) of pressure-outlet 21.
    22  3.5512e-02  2.1077e-04  2.0353e-04  2.4669e-04  1:50:04 4978

 Reversed flow on 36 faces (1.3% area) of pressure-outlet 21.

  iter  continuity  x-velocity  y-velocity  z-velocity     time/iter
    23  3.3565e-02  1.9729e-04  1.9025e-04  2.3552e-04  1:49:36 4977

 Reversed flow on 36 faces (1.3% area) of pressure-outlet 21.
    24  3.1645e-02  1.8454e-04  1.7743e-04  2.2402e-04  1:49:16 4976

 Reversed flow on 36 faces (1.3% area) of pressure-outlet 21.
    25  2.9817e-02  1.7322e-04  1.6565e-04  2.1292e-04  1:49:01 4975

 Reversed flow on 37 faces (1.3% area) of pressure-outlet 21.
    26  2.8190e-02  1.6280e-04  1.5475e-04  2.0198e-04  1:48:42 4974

 Reversed flow on 37 faces (1.3% area) of pressure-outlet 21.
    27  2.6698e-02  1.5349e-04  1.4454e-04  1.9136e-04  1:48:32 4973

 Reversed flow on 37 faces (1.3% area) of pressure-outlet 21.
    28  2.5306e-02  1.4528e-04  1.3519e-04  1.8152e-04  1:48:23 4972

 Reversed flow on 36 faces (1.2% area) of pressure-outlet 21.
    29  2.4031e-02  1.3803e-04  1.2674e-04  1.7207e-04  1:48:16 4971

 Reversed flow on 36 faces (1.2% area) of pressure-outlet 21.
    30  2.2828e-02  1.3158e-04  1.1881e-04  1.6335e-04  1:48:12 4970

 Reversed flow on 36 faces (1.2% area) of pressure-outlet 21.
    31  2.1708e-02  1.2584e-04  1.1154e-04  1.5496e-04  1:48:09 4969

 Reversed flow on 36 faces (1.2% area) of pressure-outlet 21.
    32  2.0729e-02  1.2062e-04  1.0496e-04  1.4734e-04  1:48:00 4968

 Reversed flow on 36 faces (1.2% area) of pressure-outlet 21.
    33  1.9848e-02  1.1564e-04  9.8884e-05  1.4037e-04  1:47:58 4967

 Reversed flow on 36 faces (1.2% area) of pressure-outlet 21.

  iter  continuity  x-velocity  y-velocity  z-velocity     time/iter
    34  1.8999e-02  1.1084e-04  9.3282e-05  1.3406e-04  1:47:56 4966

 Reversed flow on 37 faces (1.3% area) of pressure-outlet 21.
    35  1.8237e-02  1.0634e-04  8.8077e-05  1.2827e-04  1:47:53 4965

 Reversed flow on 37 faces (1.3% area) of pressure-outlet 21.
    36  1.7528e-02  1.0201e-04  8.3234e-05  1.2309e-04  1:47:52 4964

 Reversed flow on 37 faces (1.3% area) of pressure-outlet 21.
    37  1.6896e-02  9.7801e-05  7.8712e-05  1.1846e-04  1:47:51 4963

 Reversed flow on 37 faces (1.3% area) of pressure-outlet 21.
    38  1.6337e-02  9.3792e-05  7.4527e-05  1.1436e-04  1:47:47 4962

 Reversed flow on 37 faces (1.3% area) of pressure-outlet 21.
    39  1.5819e-02  8.9923e-05  7.0747e-05  1.1074e-04  1:47:43 4961

 Reversed flow on 37 faces (1.3% area) of pressure-outlet 21.
    40  1.5333e-02  8.6087e-05  6.7255e-05  1.0740e-04  1:47:40 4960

 Reversed flow on 37 faces (1.3% area) of pressure-outlet 21.
    41  1.4880e-02  8.2351e-05  6.4018e-05  1.0453e-04  1:47:38 4959

 Reversed flow on 37 faces (1.3% area) of pressure-outlet 21.
    42  1.4483e-02  7.8719e-05  6.1002e-05  1.0186e-04  1:47:37 4958

 Reversed flow on 37 faces (1.3% area) of pressure-outlet 21.
    43  1.4101e-02  7.5163e-05  5.8180e-05  9.9277e-05  1:47:40 4957

 Reversed flow on 37 faces (1.3% area) of pressure-outlet 21.
    44  1.3745e-02  7.1763e-05  5.5597e-05  9.6935e-05  1:47:41 4956

 Reversed flow on 37 faces (1.3% area) of pressure-outlet 21.

  iter  continuity  x-velocity  y-velocity  z-velocity     time/iter
    45  1.3388e-02  6.8409e-05  5.3177e-05  9.4671e-05  1:47:36 4955

 Reversed flow on 37 faces (1.3% area) of pressure-outlet 21.
    46  1.2992e-02  6.5128e-05  5.0886e-05  9.2240e-05  1:47:35 4954

 Reversed flow on 37 faces (1.3% area) of pressure-outlet 21.
    47  1.2575e-02  6.1873e-05  4.8698e-05  8.9714e-05  1:47:30 4953

 Reversed flow on 37 faces (1.3% area) of pressure-outlet 21.
    48  1.2183e-02  5.8733e-05  4.6530e-05  8.7088e-05  1:47:25 4952

 Reversed flow on 37 faces (1.3% area) of pressure-outlet 21.
    49  1.1786e-02  5.5681e-05  4.4408e-05  8.4471e-05  1:47:23 4951

 Reversed flow on 37 faces (1.3% area) of pressure-outlet 21.
    50  1.1392e-02  5.2772e-05  4.2390e-05  8.1643e-05  1:47:20 4950

 Reversed flow on 37 faces (1.3% area) of pressure-outlet 21.
    51  1.0998e-02  4.9984e-05  4.0439e-05  7.8718e-05  1:47:18 4949

 Reversed flow on 37 faces (1.3% area) of pressure-outlet 21.
    52  1.0577e-02  4.7316e-05  3.8526e-05  7.5794e-05  1:47:19 4948

 Reversed flow on 37 faces (1.3% area) of pressure-outlet 21.
    53  1.0149e-02  4.4742e-05  3.6689e-05  7.2883e-05  1:47:16 4947

 Reversed flow on 37 faces (1.3% area) of pressure-outlet 21.
    54  9.7563e-03  4.2304e-05  3.5010e-05  6.9948e-05  1:47:18 4946

 Reversed flow on 37 faces (1.3% area) of pressure-outlet 21.
    55  9.3618e-03  4.0001e-05  3.3475e-05  6.7098e-05  1:47:18 4945

 Reversed flow on 37 faces (1.3% area) of pressure-outlet 21.

  iter  continuity  x-velocity  y-velocity  z-velocity     time/iter
    56  8.9876e-03  3.7853e-05  3.2035e-05  6.4363e-05  1:47:14 4944

 Reversed flow on 37 faces (1.3% area) of pressure-outlet 21.
    57  8.5985e-03  3.5785e-05  3.0666e-05  6.1688e-05  1:47:15 4943

 Reversed flow on 37 faces (1.3% area) of pressure-outlet 21.
    58  8.2273e-03  3.3866e-05  2.9430e-05  5.9023e-05  1:47:12 4942

 Reversed flow on 37 faces (1.3% area) of pressure-outlet 21.
    59  7.8680e-03  3.2093e-05  2.8250e-05  5.6490e-05  1:47:08 4941

 Reversed flow on 37 faces (1.3% area) of pressure-outlet 21.
    60  7.5306e-03  3.0407e-05  2.7173e-05  5.4084e-05  1:47:11 4940

 Reversed flow on 37 faces (1.3% area) of pressure-outlet 21.
    61  7.2046e-03  2.8808e-05  2.6198e-05  5.1885e-05  1:47:11 4939

 Reversed flow on 37 faces (1.3% area) of pressure-outlet 21.
    62  6.8960e-03  2.7275e-05  2.5250e-05  4.9776e-05  1:47:06 4938

 Reversed flow on 37 faces (1.3% area) of pressure-outlet 21.
    63  6.6026e-03  2.5824e-05  2.4315e-05  4.7732e-05  1:47:02 4937

 Reversed flow on 37 faces (1.3% area) of pressure-outlet 21.
    64  6.3178e-03  2.4490e-05  2.3410e-05  4.5794e-05  1:47:06 4936

 Reversed flow on 37 faces (1.3% area) of pressure-outlet 21.
    65  6.0363e-03  2.3220e-05  2.2532e-05  4.3927e-05  1:47:02 4935

 Reversed flow on 37 faces (1.3% area) of pressure-outlet 21.
    66  5.7645e-03  2.2010e-05  2.1665e-05  4.2125e-05  1:47:34 4934

 Reversed flow on 37 faces (1.3% area) of pressure-outlet 21.

  iter  continuity  x-velocity  y-velocity  z-velocity     time/iter
    67  5.5045e-03  2.0859e-05  2.0779e-05  4.0460e-05  1:47:34 4933

 Reversed flow on 37 faces (1.3% area) of pressure-outlet 21.
    68  5.2560e-03  1.9757e-05  1.9911e-05  3.8879e-05  1:47:24 4932

 Reversed flow on 37 faces (1.3% area) of pressure-outlet 21.
    69  5.0130e-03  1.8704e-05  1.9025e-05  3.7317e-05  1:47:41 4931

 Reversed flow on 37 faces (1.3% area) of pressure-outlet 21.
    70  4.7877e-03  1.7710e-05  1.8147e-05  3.5778e-05  1:47:47 4930

 Reversed flow on 37 faces (1.3% area) of pressure-outlet 21.
    71  4.5698e-03  1.6782e-05  1.7273e-05  3.4295e-05  1:47:42 4929

 Reversed flow on 37 faces (1.3% area) of pressure-outlet 21.
    72  4.3516e-03  1.5902e-05  1.6427e-05  3.2825e-05  1:47:34 4928

 Reversed flow on 37 faces (1.3% area) of pressure-outlet 21.
    73  4.1412e-03  1.5067e-05  1.5593e-05  3.1417e-05  1:47:25 4927

 Reversed flow on 37 faces (1.3% area) of pressure-outlet 21.
    74  3.9350e-03  1.4280e-05  1.4798e-05  3.0076e-05  1:47:19 4926

 Reversed flow on 37 faces (1.3% area) of pressure-outlet 21.
    75  3.7365e-03  1.3553e-05  1.4049e-05  2.8774e-05  1:47:10 4925

 Reversed flow on 37 faces (1.3% area) of pressure-outlet 21.
    76  3.5496e-03  1.2875e-05  1.3368e-05  2.7502e-05  1:47:03 4924

 Reversed flow on 37 faces (1.3% area) of pressure-outlet 21.
    77  3.3691e-03  1.2248e-05  1.2751e-05  2.6256e-05  1:46:58 4923

 Reversed flow on 37 faces (1.3% area) of pressure-outlet 21.

  iter  continuity  x-velocity  y-velocity  z-velocity     time/iter
    78  3.2011e-03  1.1666e-05  1.2181e-05  2.5066e-05  1:46:54 4922

 Reversed flow on 37 faces (1.3% area) of pressure-outlet 21.
    79  3.0422e-03  1.1128e-05  1.1666e-05  2.3925e-05  1:46:49 4921

 Reversed flow on 37 faces (1.3% area) of pressure-outlet 21.
    80  2.8930e-03  1.0635e-05  1.1204e-05  2.2857e-05  1:46:48 4920

 Reversed flow on 37 faces (1.3% area) of pressure-outlet 21.
    81  2.7493e-03  1.0189e-05  1.0780e-05  2.1810e-05  1:46:44 4919

 Reversed flow on 37 faces (1.3% area) of pressure-outlet 21.
    82  2.6145e-03  9.7767e-06  1.0378e-05  2.0793e-05  1:46:39 4918

 Reversed flow on 37 faces (1.3% area) of pressure-outlet 21.
    83  2.4880e-03  9.3930e-06  9.9898e-06  1.9834e-05  1:46:35 4917

 Reversed flow on 37 faces (1.3% area) of pressure-outlet 21.
    84  2.3685e-03  9.0398e-06  9.6301e-06  1.8911e-05  1:46:38 4916

 Reversed flow on 37 faces (1.3% area) of pressure-outlet 21.
    85  2.2549e-03  8.7163e-06  9.2984e-06  1.8026e-05  1:46:37 4915

 Reversed flow on 37 faces (1.3% area) of pressure-outlet 21.
    86  2.1468e-03  8.4166e-06  8.9933e-06  1.7177e-05  1:46:34 4914

 Reversed flow on 37 faces (1.3% area) of pressure-outlet 21.
    87  2.0434e-03  8.1417e-06  8.7119e-06  1.6351e-05  1:46:31 4913

 Reversed flow on 37 faces (1.3% area) of pressure-outlet 21.
    88  1.9452e-03  7.8904e-06  8.4490e-06  1.5560e-05  1:46:29 4912

 Reversed flow on 37 faces (1.3% area) of pressure-outlet 21.

  iter  continuity  x-velocity  y-velocity  z-velocity     time/iter
    89  1.8518e-03  7.6668e-06  8.2052e-06  1.4801e-05  1:46:29 4911

 Reversed flow on 37 faces (1.3% area) of pressure-outlet 21.
    90  1.7635e-03  7.4638e-06  7.9773e-06  1.4051e-05  1:48:41 4910

 Reversed flow on 37 faces (1.3% area) of pressure-outlet 21.
    91  1.6804e-03  7.2774e-06  7.7603e-06  1.3328e-05  1:48:11 4909

 Reversed flow on 37 faces (1.3% area) of pressure-outlet 21.
    92  1.6028e-03  7.1015e-06  7.5485e-06  1.2633e-05  1:47:48 4908

 Reversed flow on 37 faces (1.3% area) of pressure-outlet 21.
    93  1.5292e-03  6.9282e-06  7.3401e-06  1.1967e-05  1:47:31 4907

 Reversed flow on 37 faces (1.3% area) of pressure-outlet 21.
    94  1.4581e-03  6.7575e-06  7.1315e-06  1.1333e-05  1:47:15 4906

 Reversed flow on 37 faces (1.3% area) of pressure-outlet 21.
    95  1.3896e-03  6.5895e-06  6.9186e-06  1.0726e-05  1:47:02 4905

 Reversed flow on 37 faces (1.3% area) of pressure-outlet 21.
    96  1.3241e-03  6.4174e-06  6.7034e-06  1.0151e-05  1:46:50 4904

 Reversed flow on 37 faces (1.3% area) of pressure-outlet 21.
    97  1.2616e-03  6.2366e-06  6.4873e-06  9.6008e-06  1:46:43 4903

 Reversed flow on 37 faces (1.3% area) of pressure-outlet 21.
    98  1.2012e-03  6.0513e-06  6.2681e-06  9.0748e-06  1:46:35 4902

 Reversed flow on 37 faces (1.3% area) of pressure-outlet 21.
    99  1.1428e-03  5.8585e-06  6.0442e-06  8.5690e-06  1:46:29 4901

 Reversed flow on 37 faces (1.3% area) of pressure-outlet 21.

  iter  continuity  x-velocity  y-velocity  z-velocity     time/iter
   100  1.0867e-03  5.6592e-06  5.8182e-06  8.0894e-06  1:46:27 4900

 Reversed flow on 37 faces (1.3% area) of pressure-outlet 21.
   101  1.0330e-03  5.4544e-06  5.5897e-06  7.6357e-06  1:46:27 4899

 Reversed flow on 37 faces (1.3% area) of pressure-outlet 21.
   102  9.8126e-04  5.2438e-06  5.3610e-06  7.2029e-06  1:46:21 4898

 Reversed flow on 37 faces (1.3% area) of pressure-outlet 21.
   103  9.3124e-04  5.0260e-06  5.1299e-06  6.7920e-06  1:46:27 4897

 Reversed flow on 37 faces (1.3% area) of pressure-outlet 21.
   104  8.8283e-04  4.8050e-06  4.9013e-06  6.4015e-06  1:46:19 4896

 Reversed flow on 37 faces (1.3% area) of pressure-outlet 21.
   105  8.3574e-04  4.5792e-06  4.6743e-06  6.0298e-06  1:46:16 4895

 Reversed flow on 37 faces (1.3% area) of pressure-outlet 21.
   106  7.9026e-04  4.3507e-06  4.4475e-06  5.6778e-06  1:51:59 4894

 Reversed flow on 37 faces (1.3% area) of pressure-outlet 21.
   107  7.4637e-04  4.1255e-06  4.2243e-06  5.3436e-06  1:50:51 4893

 Reversed flow on 37 faces (1.3% area) of pressure-outlet 21.
   108  7.0466e-04  3.9032e-06  4.0072e-06  5.0261e-06  1:49:58 4892

 Reversed flow on 37 faces (1.3% area) of pressure-outlet 21.
   109  6.6484e-04  3.6847e-06  3.7969e-06  4.7236e-06  1:49:09 4891

 Reversed flow on 37 faces (1.3% area) of pressure-outlet 21.
   110  6.2700e-04  3.4710e-06  3.5965e-06  4.4364e-06  1:48:29 4890

 Reversed flow on 37 faces (1.3% area) of pressure-outlet 21.

  iter  continuity  x-velocity  y-velocity  z-velocity     time/iter
   111  5.9128e-04  3.2648e-06  3.4020e-06  4.1688e-06  1:47:57 4889

 Reversed flow on 37 faces (1.3% area) of pressure-outlet 21.
   112  5.5751e-04  3.0684e-06  3.2152e-06  3.9202e-06  1:47:42 4888

 Reversed flow on 37 faces (1.3% area) of pressure-outlet 21.
   113  5.2576e-04  2.8811e-06  3.0366e-06  3.6894e-06  1:47:18 4887

 Reversed flow on 37 faces (1.3% area) of pressure-outlet 21.
   114  4.9579e-04  2.7054e-06  2.8648e-06  3.4710e-06  1:47:01 4886

 Reversed flow on 37 faces (1.3% area) of pressure-outlet 21.
   115  4.6755e-04  2.5403e-06  2.7016e-06  3.2650e-06  1:46:47 4885

 Reversed flow on 37 faces (1.3% area) of pressure-outlet 21.
   116  4.4107e-04  2.3853e-06  2.5476e-06  3.0712e-06  1:46:37 4884

 Reversed flow on 37 faces (1.3% area) of pressure-outlet 21.
   117  4.1657e-04  2.2428e-06  2.4031e-06  2.8886e-06  1:46:27 4883

 Reversed flow on 37 faces (1.3% area) of pressure-outlet 21.
   118  3.9375e-04  2.1115e-06  2.2676e-06  2.7145e-06  1:46:23 4882

 Reversed flow on 37 faces (1.3% area) of pressure-outlet 21.
   119  3.7231e-04  1.9905e-06  2.1418e-06  2.5502e-06  1:46:15 4881

 Reversed flow on 37 faces (1.3% area) of pressure-outlet 21.
   120  3.5217e-04  1.8790e-06  2.0249e-06  2.3958e-06  1:46:10 4880

 Reversed flow on 37 faces (1.3% area) of pressure-outlet 21.
   121  3.3321e-04  1.7756e-06  1.9159e-06  2.2496e-06  1:46:00 4879

 Reversed flow on 37 faces (1.3% area) of pressure-outlet 21.

  iter  continuity  x-velocity  y-velocity  z-velocity     time/iter
   122  3.1522e-04  1.6800e-06  1.8142e-06  2.1128e-06  1:46:00 4878

 Reversed flow on 37 faces (1.3% area) of pressure-outlet 21.
   123  2.9838e-04  1.5932e-06  1.7189e-06  1.9861e-06  1:46:00 4877

 Reversed flow on 37 faces (1.3% area) of pressure-outlet 21.
   124  2.8248e-04  1.5135e-06  1.6293e-06  1.8688e-06  1:45:56 4876

 Reversed flow on 37 faces (1.3% area) of pressure-outlet 21.
   125  2.6756e-04  1.4394e-06  1.5450e-06  1.7591e-06  1:45:54 4875

 Reversed flow on 37 faces (1.3% area) of pressure-outlet 21.
   126  2.5353e-04  1.3707e-06  1.4660e-06  1.6552e-06  1:45:52 4874

 Reversed flow on 37 faces (1.3% area) of pressure-outlet 21.
   127  2.4031e-04  1.3058e-06  1.3919e-06  1.5595e-06  1:45:48 4873

 Reversed flow on 37 faces (1.3% area) of pressure-outlet 21.
   128  2.2773e-04  1.2443e-06  1.3218e-06  1.4706e-06  1:45:50 4872

 Reversed flow on 37 faces (1.3% area) of pressure-outlet 21.
   129  2.1587e-04  1.1856e-06  1.2553e-06  1.3883e-06  1:45:48 4871

 Reversed flow on 37 faces (1.3% area) of pressure-outlet 21.
   130  2.0466e-04  1.1294e-06  1.1923e-06  1.3109e-06  1:45:45 4870

 Reversed flow on 37 faces (1.3% area) of pressure-outlet 21.
   131  1.9400e-04  1.0757e-06  1.1331e-06  1.2374e-06  1:45:45 4869

 Reversed flow on 37 faces (1.3% area) of pressure-outlet 21.
   132  1.8389e-04  1.0241e-06  1.0773e-06  1.1679e-06  1:45:42 4868

 Reversed flow on 37 faces (1.3% area) of pressure-outlet 21.

  iter  continuity  x-velocity  y-velocity  z-velocity     time/iter
   133  1.7425e-04  9.7449e-07  1.0239e-06  1.1017e-06  1:45:35 4867

 Reversed flow on 37 faces (1.3% area) of pressure-outlet 21.
   134  1.6510e-04  9.2696e-07  9.7287e-07  1.0401e-06  1:45:33 4866

 Reversed flow on 37 faces (1.3% area) of pressure-outlet 21.
   135  1.5646e-04  8.8167e-07  9.2455e-07  9.8292e-07  1:45:28 4865

 Reversed flow on 37 faces (1.3% area) of pressure-outlet 21.
   136  1.4831e-04  8.3900e-07  8.7818e-07  9.2960e-07  1:45:30 4864

 Reversed flow on 37 faces (1.3% area) of pressure-outlet 21.
   137  1.4062e-04  7.9897e-07  8.3389e-07  8.7962e-07  1:45:35 4863

 Reversed flow on 37 faces (1.3% area) of pressure-outlet 21.
   138  1.3336e-04  7.6071e-07  7.9106e-07  8.3287e-07  1:45:34 4862

 Reversed flow on 37 faces (1.3% area) of pressure-outlet 21.
   139  1.2657e-04  7.2391e-07  7.5029e-07  7.8941e-07  1:45:35 4861

 Reversed flow on 37 faces (1.3% area) of pressure-outlet 21.
   140  1.2009e-04  6.8879e-07  7.1195e-07  7.4821e-07  1:45:31 4860

 Reversed flow on 37 faces (1.3% area) of pressure-outlet 21.
   141  1.1386e-04  6.5520e-07  6.7533e-07  7.0902e-07  1:45:29 4859

 Reversed flow on 37 faces (1.3% area) of pressure-outlet 21.
   142  1.0787e-04  6.2301e-07  6.4013e-07  6.7180e-07  1:45:26 4858

 Reversed flow on 37 faces (1.3% area) of pressure-outlet 21.
   143  1.0218e-04  5.9221e-07  6.0711e-07  6.3577e-07  1:45:22 4857

 Reversed flow on 37 faces (1.3% area) of pressure-outlet 21.

  iter  continuity  x-velocity  y-velocity  z-velocity     time/iter
   144  9.6832e-05  5.6300e-07  5.7604e-07  6.0152e-07  1:45:20 4856

 Reversed flow on 37 faces (1.3% area) of pressure-outlet 21.
   145  9.1868e-05  5.3515e-07  5.4682e-07  5.6998e-07  1:45:18 4855

 Reversed flow on 37 faces (1.3% area) of pressure-outlet 21.
   146  8.7184e-05  5.0910e-07  5.1926e-07  5.4044e-07  1:45:17 4854

 Reversed flow on 37 faces (1.3% area) of pressure-outlet 21.
   147  8.2846e-05  4.8468e-07  4.9299e-07  5.1290e-07  1:45:19 4853

 Reversed flow on 37 faces (1.3% area) of pressure-outlet 21.
   148  7.8792e-05  4.6162e-07  4.6826e-07  4.8755e-07  1:45:20 4852

 Reversed flow on 37 faces (1.3% area) of pressure-outlet 21.
   149  7.4918e-05  4.3955e-07  4.4508e-07  4.6420e-07  1:45:16 4851

 Reversed flow on 37 faces (1.3% area) of pressure-outlet 21.
   150  7.1232e-05  4.1860e-07  4.2299e-07  4.4260e-07  1:45:13 4850

 Reversed flow on 37 faces (1.3% area) of pressure-outlet 21.
   151  6.7719e-05  3.9852e-07  4.0019e-07  4.2274e-07  1:45:15 4849

 Reversed flow on 37 faces (1.3% area) of pressure-outlet 21.
   152  6.4419e-05  3.7902e-07  3.7950e-07  4.0346e-07  1:45:18 4848

 Reversed flow on 37 faces (1.3% area) of pressure-outlet 21.
   153  6.1297e-05  3.6046e-07  3.6082e-07  3.8503e-07  1:45:19 4847

 Reversed flow on 37 faces (1.3% area) of pressure-outlet 21.
   154  5.8312e-05  3.4290e-07  3.4268e-07  3.6771e-07  1:45:19 4846

 Reversed flow on 37 faces (1.3% area) of pressure-outlet 21.

  iter  continuity  x-velocity  y-velocity  z-velocity     time/iter
   155  5.5512e-05  3.2636e-07  3.2569e-07  3.5112e-07  1:45:16 4845

 Reversed flow on 37 faces (1.3% area) of pressure-outlet 21.
   156  5.2852e-05  3.1064e-07  3.0967e-07  3.3527e-07  1:45:15 4844

 Reversed flow on 37 faces (1.3% area) of pressure-outlet 21.
   157  5.0319e-05  2.9589e-07  2.9453e-07  3.2129e-07  1:45:14 4843

 Reversed flow on 37 faces (1.3% area) of pressure-outlet 21.
   158  4.7944e-05  2.8227e-07  2.8009e-07  3.0887e-07  1:45:16 4842

 Reversed flow on 37 faces (1.3% area) of pressure-outlet 21.
   159  4.5760e-05  2.6940e-07  2.6624e-07  2.9738e-07  1:45:15 4841

 Reversed flow on 37 faces (1.3% area) of pressure-outlet 21.
   160  4.3751e-05  2.5715e-07  2.5301e-07  2.8640e-07  1:45:11 4840

 Reversed flow on 37 faces (1.3% area) of pressure-outlet 21.
   161  4.1908e-05  2.4545e-07  2.4069e-07  2.7614e-07  1:45:04 4839

 Reversed flow on 37 faces (1.3% area) of pressure-outlet 21.
   162  4.0208e-05  2.3435e-07  2.2911e-07  2.6620e-07  1:45:00 4838

 Reversed flow on 37 faces (1.3% area) of pressure-outlet 21.
   163  3.8622e-05  2.2386e-07  2.1880e-07  2.5622e-07  1:44:56 4837

 Reversed flow on 37 faces (1.3% area) of pressure-outlet 21.
   164  3.7075e-05  2.1389e-07  2.0970e-07  2.4635e-07  1:44:56 4836

 Reversed flow on 37 faces (1.3% area) of pressure-outlet 21.
   165  3.5588e-05  2.0451e-07  2.0130e-07  2.3728e-07  1:44:53 4835

 Reversed flow on 37 faces (1.3% area) of pressure-outlet 21.

  iter  continuity  x-velocity  y-velocity  z-velocity     time/iter
   166  3.4161e-05  1.9563e-07  1.9338e-07  2.2800e-07  1:44:50 4834

 Reversed flow on 37 faces (1.3% area) of pressure-outlet 21.
   167  3.2846e-05  1.8731e-07  1.8570e-07  2.1977e-07  1:44:47 4833

 Reversed flow on 37 faces (1.3% area) of pressure-outlet 21.
   168  3.1606e-05  1.7950e-07  1.7812e-07  2.1271e-07  1:44:44 4832

 Reversed flow on 37 faces (1.3% area) of pressure-outlet 21.
   169  3.0431e-05  1.7221e-07  1.7082e-07  2.0651e-07  1:44:43 4831

 Reversed flow on 37 faces (1.3% area) of pressure-outlet 21.
   170  2.9272e-05  1.6520e-07  1.6369e-07  2.0018e-07  1:44:39 4830

 Reversed flow on 37 faces (1.3% area) of pressure-outlet 21.
   171  2.8138e-05  1.5845e-07  1.5682e-07  1.9409e-07  1:44:46 4829

 Reversed flow on 37 faces (1.3% area) of pressure-outlet 21.
   172  2.6970e-05  1.5200e-07  1.5013e-07  1.8746e-07  1:44:47 4828

 Reversed flow on 37 faces (1.3% area) of pressure-outlet 21.
   173  2.5871e-05  1.4577e-07  1.4389e-07  1.8071e-07  1:44:48 4827

 Reversed flow on 37 faces (1.3% area) of pressure-outlet 21.
   174  2.4908e-05  1.3979e-07  1.3848e-07  1.7427e-07  1:44:46 4826

 Reversed flow on 37 faces (1.3% area) of pressure-outlet 21.
   175  2.4003e-05  1.3411e-07  1.3356e-07  1.6723e-07  1:44:42 4825

 Reversed flow on 37 faces (1.3% area) of pressure-outlet 21.
   176  2.3146e-05  1.2874e-07  1.2890e-07  1.6057e-07  1:44:38 4824

 Reversed flow on 37 faces (1.3% area) of pressure-outlet 21.

  iter  continuity  x-velocity  y-velocity  z-velocity     time/iter
   177  2.2352e-05  1.2380e-07  1.2425e-07  1.5401e-07  1:44:35 4823

 Reversed flow on 37 faces (1.3% area) of pressure-outlet 21.
   178  2.1640e-05  1.1945e-07  1.1991e-07  1.4836e-07  1:44:36 4822

 Reversed flow on 37 faces (1.3% area) of pressure-outlet 21.
   179  2.0969e-05  1.1534e-07  1.1571e-07  1.4384e-07  1:44:39 4821

 Reversed flow on 37 faces (1.3% area) of pressure-outlet 21.
   180  2.0345e-05  1.1141e-07  1.1161e-07  1.3998e-07  1:44:39 4820

 Reversed flow on 37 faces (1.3% area) of pressure-outlet 21.
   181  1.9814e-05  1.0763e-07  1.0757e-07  1.3640e-07  1:44:36 4819

 Reversed flow on 37 faces (1.3% area) of pressure-outlet 21.
   182  1.9315e-05  1.0410e-07  1.0371e-07  1.3242e-07  1:44:31 4818

 Reversed flow on 37 faces (1.3% area) of pressure-outlet 21.
   183  1.8809e-05  1.0072e-07  1.0018e-07  1.2858e-07  1:44:31 4817

 Reversed flow on 37 faces (1.3% area) of pressure-outlet 21.
   184  1.8265e-05  9.7110e-08  9.7396e-08  1.2482e-07  1:44:32 4816

 Reversed flow on 37 faces (1.3% area) of pressure-outlet 21.
   185  1.7711e-05  9.3654e-08  9.4915e-08  1.2062e-07  1:44:33 4815

 Reversed flow on 37 faces (1.3% area) of pressure-outlet 21.
   186  1.7132e-05  9.0512e-08  9.2620e-08  1.1645e-07  1:44:30 4814

 Reversed flow on 37 faces (1.3% area) of pressure-outlet 21.
   187  1.6552e-05  8.7461e-08  9.0256e-08  1.1293e-07  1:44:29 4813

 Reversed flow on 37 faces (1.3% area) of pressure-outlet 21.

  iter  continuity  x-velocity  y-velocity  z-velocity     time/iter
   188  1.6017e-05  8.4640e-08  8.7806e-08  1.1043e-07  1:44:28 4812

 Reversed flow on 37 faces (1.3% area) of pressure-outlet 21.
   189  1.5536e-05  8.2264e-08  8.5268e-08  1.0795e-07  1:44:24 4811

 Reversed flow on 37 faces (1.3% area) of pressure-outlet 21.
   190  1.5143e-05  8.0017e-08  8.2735e-08  1.0608e-07  1:44:20 4810

 Reversed flow on 37 faces (1.3% area) of pressure-outlet 21.
   191  1.4822e-05  7.7739e-08  8.0324e-08  1.0421e-07  1:44:25 4809

 Reversed flow on 37 faces (1.3% area) of pressure-outlet 21.
   192  1.4573e-05  7.5432e-08  7.7819e-08  1.0203e-07  1:44:22 4808

 Reversed flow on 37 faces (1.3% area) of pressure-outlet 21.
   193  1.4355e-05  7.3266e-08  7.5386e-08  9.9679e-08  1:44:19 4807

 Reversed flow on 37 faces (1.3% area) of pressure-outlet 21.
   194  1.4135e-05  7.1168e-08  7.3608e-08  9.7216e-08  1:44:20 4806

 Reversed flow on 37 faces (1.3% area) of pressure-outlet 21.
   195  1.3902e-05  6.9141e-08  7.2413e-08  9.4865e-08  1:44:21 4805

 Reversed flow on 37 faces (1.3% area) of pressure-outlet 21.
   196  1.3644e-05  6.7188e-08  7.1354e-08  9.2430e-08  1:44:18 4804

 Reversed flow on 37 faces (1.3% area) of pressure-outlet 21.
   197  1.3398e-05  6.5397e-08  7.0335e-08  8.9968e-08  1:44:15 4803

 Reversed flow on 37 faces (1.3% area) of pressure-outlet 21.
   198  1.3154e-05  6.3663e-08  6.9184e-08  8.7942e-08  1:44:16 4802

 Reversed flow on 37 faces (1.3% area) of pressure-outlet 21.

  iter  continuity  x-velocity  y-velocity  z-velocity     time/iter
   199  1.2884e-05  6.2283e-08  6.8006e-08  8.6541e-08  1:44:20 4801

 Reversed flow on 37 faces (1.3% area) of pressure-outlet 21.
   200  1.2602e-05  6.0931e-08  6.6585e-08  8.5260e-08  1:44:18 4800

 Reversed flow on 37 faces (1.3% area) of pressure-outlet 21.
   201  1.2273e-05  5.9427e-08  6.5012e-08  8.4514e-08  1:44:13 4799

 Reversed flow on 37 faces (1.3% area) of pressure-outlet 21.
   202  1.1967e-05  5.7806e-08  6.3115e-08  8.3553e-08  1:44:16 4798

 Reversed flow on 37 faces (1.3% area) of pressure-outlet 21.
   203  1.1685e-05  5.6211e-08  6.1184e-08  8.2641e-08  1:44:12 4797

 Reversed flow on 37 faces (1.3% area) of pressure-outlet 21.
   204  1.1523e-05  5.4726e-08  5.9686e-08  8.1523e-08  1:44:18 4796

 Reversed flow on 37 faces (1.3% area) of pressure-outlet 21.
   205  1.1397e-05  5.3374e-08  5.9314e-08  7.9625e-08  1:44:13 4795

 Reversed flow on 37 faces (1.3% area) of pressure-outlet 21.
   206  1.1318e-05  5.2124e-08  5.9377e-08  7.7496e-08  1:44:12 4794

 Reversed flow on 37 faces (1.3% area) of pressure-outlet 21.
   207  1.1295e-05  5.1180e-08  5.9666e-08  7.5391e-08  1:44:11 4793

 Reversed flow on 37 faces (1.3% area) of pressure-outlet 21.
   208  1.1385e-05  5.0404e-08  6.0303e-08  7.3750e-08  1:44:09 4792

 Reversed flow on 37 faces (1.3% area) of pressure-outlet 21.
   209  1.1281e-05  4.9841e-08  5.9828e-08  7.3846e-08  1:44:04 4791

 Reversed flow on 37 faces (1.3% area) of pressure-outlet 21.

  iter  continuity  x-velocity  y-velocity  z-velocity     time/iter
   210  1.1194e-05  4.9546e-08  5.9118e-08  7.4156e-08  1:44:04 4790

 Reversed flow on 37 faces (1.3% area) of pressure-outlet 21.
   211  1.1201e-05  4.9166e-08  5.8156e-08  7.5228e-08  1:44:02 4789

 Reversed flow on 37 faces (1.3% area) of pressure-outlet 21.
   212  1.1226e-05  4.8746e-08  5.7145e-08  7.3968e-08  1:44:09 4788

 Reversed flow on 37 faces (1.3% area) of pressure-outlet 21.
   213  1.1116e-05  4.8039e-08  5.5729e-08  7.3165e-08  1:44:15 4787

 Reversed flow on 37 faces (1.3% area) of pressure-outlet 21.
   214  1.0903e-05  4.7195e-08  5.4057e-08  7.2055e-08  1:44:10 4786

 Reversed flow on 37 faces (1.3% area) of pressure-outlet 21.
   215  1.0601e-05  4.6444e-08  5.2693e-08  7.0399e-08  1:44:02 4785

 Reversed flow on 37 faces (1.3% area) of pressure-outlet 21.
   216  1.0253e-05  4.5545e-08  5.1681e-08  6.8272e-08  1:43:56 4784

 Reversed flow on 37 faces (1.3% area) of pressure-outlet 21.
   217  9.9064e-06  4.4589e-08  5.0642e-08  6.6783e-08  1:43:49 4783

 Reversed flow on 37 faces (1.3% area) of pressure-outlet 21.
   218  9.6150e-06  4.3771e-08  4.9607e-08  6.5323e-08  1:43:50 4782

 Reversed flow on 37 faces (1.3% area) of pressure-outlet 21.
   219  9.3581e-06  4.3115e-08  4.8569e-08  6.3766e-08  1:45:43 4781

 Reversed flow on 37 faces (1.3% area) of pressure-outlet 21.
   220  9.1638e-06  4.2742e-08  4.7676e-08  6.2942e-08  1:47:00 4780

 Reversed flow on 37 faces (1.3% area) of pressure-outlet 21.

  iter  continuity  x-velocity  y-velocity  z-velocity     time/iter
   221  9.0452e-06  4.2363e-08  4.6790e-08  6.2584e-08  1:47:23 4779

 Reversed flow on 37 faces (1.3% area) of pressure-outlet 21.
   222  8.9625e-06  4.1929e-08  4.5679e-08  6.2064e-08  1:46:39 4778

 Reversed flow on 37 faces (1.3% area) of pressure-outlet 21.
   223  8.9228e-06  4.1577e-08  4.4424e-08  6.1129e-08  1:46:00 4777

 Reversed flow on 37 faces (1.3% area) of pressure-outlet 21.
   224  8.8066e-06  4.1290e-08  4.3278e-08  5.9741e-08  1:45:30 4776

 Reversed flow on 37 faces (1.3% area) of pressure-outlet 21.
   225  8.7089e-06  4.0871e-08  4.2273e-08  5.8748e-08  1:45:07 4775

 Reversed flow on 37 faces (1.3% area) of pressure-outlet 21.
   226  8.5771e-06  4.0256e-08  4.1983e-08  5.7653e-08  1:44:48 4774

 Reversed flow on 37 faces (1.3% area) of pressure-outlet 21.
   227  8.4313e-06  3.9649e-08  4.1833e-08  5.6099e-08  1:44:35 4773

 Reversed flow on 37 faces (1.3% area) of pressure-outlet 21.
   228  8.2536e-06  3.8898e-08  4.1528e-08  5.4890e-08  1:44:22 4772

 Reversed flow on 37 faces (1.3% area) of pressure-outlet 21.
   229  8.0621e-06  3.8167e-08  4.1096e-08  5.3619e-08  1:44:09 4771

 Reversed flow on 37 faces (1.3% area) of pressure-outlet 21.
   230  7.8302e-06  3.7519e-08  4.0442e-08  5.2862e-08  1:43:58 4770

 Reversed flow on 37 faces (1.3% area) of pressure-outlet 21.
   231  7.5629e-06  3.7039e-08  3.9621e-08  5.2442e-08  1:43:49 4769

 Reversed flow on 37 faces (1.3% area) of pressure-outlet 21.

  iter  continuity  x-velocity  y-velocity  z-velocity     time/iter
   232  7.2963e-06  3.6397e-08  3.8433e-08  5.2304e-08  1:43:41 4768

 Reversed flow on 37 faces (1.3% area) of pressure-outlet 21.
   233  7.0755e-06  3.5634e-08  3.6950e-08  5.1940e-08  1:43:32 4767

 Reversed flow on 37 faces (1.3% area) of pressure-outlet 21.
   234  6.9390e-06  3.4850e-08  3.5471e-08  5.1274e-08  1:43:29 4766

 Reversed flow on 37 faces (1.3% area) of pressure-outlet 21.
   235  6.7859e-06  3.4070e-08  3.4239e-08  4.9911e-08  1:43:23 4765

 Reversed flow on 37 faces (1.3% area) of pressure-outlet 21.
   236  6.6461e-06  3.3216e-08  3.3502e-08  4.8239e-08  1:43:23 4764

 Reversed flow on 37 faces (1.3% area) of pressure-outlet 21.
   237  6.5239e-06  3.2360e-08  3.2985e-08  4.6491e-08  1:43:20 4763

 Reversed flow on 37 faces (1.3% area) of pressure-outlet 21.
   238  6.4408e-06  3.1626e-08  3.2668e-08  4.5200e-08  1:43:18 4762

 Reversed flow on 37 faces (1.3% area) of pressure-outlet 21.
   239  6.3482e-06  3.0859e-08  3.2499e-08  4.4616e-08  1:43:11 4761

 Reversed flow on 37 faces (1.3% area) of pressure-outlet 21.
   240  6.3040e-06  3.0327e-08  3.2435e-08  4.4147e-08  1:43:07 4760

 Reversed flow on 37 faces (1.3% area) of pressure-outlet 21.
   241  6.3031e-06  3.0033e-08  3.2322e-08  4.4647e-08  1:43:06 4759

 Reversed flow on 37 faces (1.3% area) of pressure-outlet 21.
   242  6.3351e-06  2.9816e-08  3.2059e-08  4.4771e-08  1:43:05 4758

 Reversed flow on 37 faces (1.3% area) of pressure-outlet 21.

  iter  continuity  x-velocity  y-velocity  z-velocity     time/iter
   243  6.3316e-06  2.9474e-08  3.1543e-08  4.5444e-08  1:43:04 4757

 Reversed flow on 37 faces (1.3% area) of pressure-outlet 21.
   244  6.3319e-06  2.9017e-08  3.0737e-08  4.5841e-08  1:43:03 4756

 Reversed flow on 37 faces (1.3% area) of pressure-outlet 21.
   245  6.2939e-06  2.8580e-08  2.9886e-08  4.5887e-08  1:43:01 4755

 Reversed flow on 37 faces (1.3% area) of pressure-outlet 21.
   246  6.2164e-06  2.8095e-08  2.9282e-08  4.5506e-08  1:42:59 4754

 Reversed flow on 37 faces (1.3% area) of pressure-outlet 21.
   247  6.0864e-06  2.7599e-08  2.9295e-08  4.5558e-08  1:42:57 4753

 Reversed flow on 37 faces (1.3% area) of pressure-outlet 21.
   248  5.9565e-06  2.7210e-08  2.9396e-08  4.5346e-08  1:42:56 4752

 Reversed flow on 37 faces (1.3% area) of pressure-outlet 21.
   249  5.8419e-06  2.6984e-08  2.9563e-08  4.4688e-08  1:43:08 4751

 Reversed flow on 37 faces (1.3% area) of pressure-outlet 21.
   250  5.8004e-06  2.6850e-08  2.9694e-08  4.4158e-08  1:43:15 4750

 Reversed flow on 37 faces (1.3% area) of pressure-outlet 21.
   251  5.8137e-06  2.6827e-08  2.9848e-08  4.4402e-08  1:43:13 4749

 Reversed flow on 37 faces (1.3% area) of pressure-outlet 21.
   252  5.8942e-06  2.7000e-08  2.9819e-08  4.4602e-08  1:43:09 4748

 Reversed flow on 37 faces (1.3% area) of pressure-outlet 21.
   253  5.9955e-06  2.7164e-08  2.9638e-08  4.5283e-08  1:43:04 4747

 Reversed flow on 37 faces (1.3% area) of pressure-outlet 21.

  iter  continuity  x-velocity  y-velocity  z-velocity     time/iter
   254  6.1045e-06  2.7241e-08  2.9431e-08  4.5926e-08  1:43:00 4746

 Reversed flow on 37 faces (1.3% area) of pressure-outlet 21.
   255  6.1869e-06  2.7218e-08  2.9165e-08  4.6802e-08  1:42:59 4745

 Reversed flow on 37 faces (1.3% area) of pressure-outlet 21.
   256  6.2481e-06  2.7165e-08  2.9038e-08  4.7324e-08  1:42:57 4744

 Reversed flow on 37 faces (1.3% area) of pressure-outlet 21.
   257  6.3160e-06  2.7018e-08  2.9416e-08  4.7313e-08  1:42:59 4743

 Reversed flow on 37 faces (1.3% area) of pressure-outlet 21.
   258  6.3543e-06  2.6631e-08  2.9899e-08  4.7696e-08  1:42:56 4742

 Reversed flow on 37 faces (1.3% area) of pressure-outlet 21.
   259  6.3473e-06  2.6369e-08  3.0374e-08  4.7851e-08  1:42:54 4741

 Reversed flow on 37 faces (1.3% area) of pressure-outlet 21.
   260  6.3012e-06  2.6087e-08  3.0764e-08  4.7659e-08  1:42:49 4740

 Reversed flow on 37 faces (1.3% area) of pressure-outlet 21.
   261  6.2196e-06  2.5944e-08  3.1139e-08  4.7890e-08  1:42:44 4739

 Reversed flow on 37 faces (1.3% area) of pressure-outlet 21.
   262  6.1344e-06  2.5933e-08  3.1178e-08  4.8587e-08  1:42:43 4738

 Reversed flow on 37 faces (1.3% area) of pressure-outlet 21.
   263  6.1203e-06  2.5902e-08  3.0872e-08  4.9505e-08  1:48:04 4737

 Reversed flow on 37 faces (1.3% area) of pressure-outlet 21.
   264  6.1754e-06  2.5853e-08  3.0413e-08  5.0108e-08  1:46:57 4736

 Reversed flow on 37 faces (1.3% area) of pressure-outlet 21.

  iter  continuity  x-velocity  y-velocity  z-velocity     time/iter
   265  6.2388e-06  2.5792e-08  2.9862e-08  5.0188e-08  1:46:03 4735

 Reversed flow on 37 faces (1.3% area) of pressure-outlet 21.
   266  6.2870e-06  2.5666e-08  2.9140e-08  5.0067e-08  1:45:19 4734

 Reversed flow on 37 faces (1.3% area) of pressure-outlet 21.
   267  6.3338e-06  2.5523e-08  2.8636e-08  4.9761e-08  1:44:49 4733

 Reversed flow on 37 faces (1.3% area) of pressure-outlet 21.
   268  6.3783e-06  2.5354e-08  2.8883e-08  4.9250e-08  1:44:20 4732

 Reversed flow on 37 faces (1.3% area) of pressure-outlet 21.
   269  6.3908e-06  2.5106e-08  2.9303e-08  4.9270e-08  1:43:57 4731

 Reversed flow on 37 faces (1.3% area) of pressure-outlet 21.
   270  6.4060e-06  2.4985e-08  2.9862e-08  4.9075e-08  1:43:38 4730

 Reversed flow on 37 faces (1.3% area) of pressure-outlet 21.
   271  6.4812e-06  2.4887e-08  3.0258e-08  4.9548e-08  1:43:25 4729

 Reversed flow on 37 faces (1.3% area) of pressure-outlet 21.
   272  6.5384e-06  2.5019e-08  3.0491e-08  4.9638e-08  1:43:17 4728

 Reversed flow on 37 faces (1.3% area) of pressure-outlet 21.
   273  6.5898e-06  2.5252e-08  3.0471e-08  5.0607e-08  1:43:07 4727

 Reversed flow on 37 faces (1.3% area) of pressure-outlet 21.
   274  6.6082e-06  2.5372e-08  3.0136e-08  5.1467e-08  1:43:04 4726

 Reversed flow on 37 faces (1.3% area) of pressure-outlet 21.
   275  6.5905e-06  2.5445e-08  2.9484e-08  5.1625e-08  1:42:58 4725

 Reversed flow on 37 faces (1.3% area) of pressure-outlet 21.

  iter  continuity  x-velocity  y-velocity  z-velocity     time/iter
   276  6.4399e-06  2.5378e-08  2.8736e-08  5.0930e-08  1:42:50 4724

 Reversed flow on 37 faces (1.3% area) of pressure-outlet 21.
   277  6.2636e-06  2.5070e-08  2.7836e-08  5.0919e-08  1:42:41 4723

 Reversed flow on 37 faces (1.3% area) of pressure-outlet 21.
   278  6.0772e-06  2.4608e-08  2.7358e-08  5.0578e-08  1:42:38 4722

 Reversed flow on 37 faces (1.3% area) of pressure-outlet 21.
   279  5.8966e-06  2.4013e-08  2.7057e-08  4.9773e-08  1:42:32 4721

 Reversed flow on 37 faces (1.3% area) of pressure-outlet 21.
   280  5.7625e-06  2.3483e-08  2.6850e-08  4.8997e-08  1:42:31 4720

 Reversed flow on 37 faces (1.3% area) of pressure-outlet 21.
   281  5.6839e-06  2.3001e-08  2.6800e-08  4.8091e-08  1:42:24 4719

 Reversed flow on 37 faces (1.3% area) of pressure-outlet 21.
   282  5.6560e-06  2.2732e-08  2.6728e-08  4.7078e-08  1:42:21 4718

 Reversed flow on 37 faces (1.3% area) of pressure-outlet 21.
   283  5.6502e-06  2.2746e-08  2.6583e-08  4.6593e-08  1:42:15 4717

 Reversed flow on 37 faces (1.3% area) of pressure-outlet 21.
   284  5.6697e-06  2.2747e-08  2.6315e-08  4.6665e-08  1:42:10 4716

 Reversed flow on 37 faces (1.3% area) of pressure-outlet 21.
   285  5.6776e-06  2.2620e-08  2.5785e-08  4.6750e-08  1:42:07 4715

 Reversed flow on 37 faces (1.3% area) of pressure-outlet 21.
   286  5.6697e-06  2.2402e-08  2.5034e-08  4.6540e-08  1:42:09 4714

 Reversed flow on 37 faces (1.3% area) of pressure-outlet 21.

  iter  continuity  x-velocity  y-velocity  z-velocity     time/iter
   287  5.6423e-06  2.2157e-08  2.4186e-08  4.5993e-08  1:42:04 4713

 Reversed flow on 37 faces (1.3% area) of pressure-outlet 21.
   288  5.5766e-06  2.1681e-08  2.3617e-08  4.5940e-08  1:42:02 4712

 Reversed flow on 37 faces (1.3% area) of pressure-outlet 21.
   289  5.4512e-06  2.1215e-08  2.3614e-08  4.5278e-08  1:42:01 4711

 Reversed flow on 37 faces (1.3% area) of pressure-outlet 21.
   290  5.2782e-06  2.0767e-08  2.3616e-08  4.4464e-08  1:41:59 4710

 Reversed flow on 37 faces (1.3% area) of pressure-outlet 21.
   291  5.0392e-06  2.0295e-08  2.3631e-08  4.3506e-08  1:42:00 4709

 Reversed flow on 37 faces (1.3% area) of pressure-outlet 21.
   292  4.8386e-06  1.9735e-08  2.3259e-08  4.3021e-08  1:41:59 4708

 Reversed flow on 37 faces (1.3% area) of pressure-outlet 21.
   293  4.6804e-06  1.9462e-08  2.2690e-08  4.2853e-08  1:42:00 4707

 Reversed flow on 37 faces (1.3% area) of pressure-outlet 21.
   294  4.6393e-06  1.9438e-08  2.2123e-08  4.2822e-08  1:41:59 4706

 Reversed flow on 37 faces (1.3% area) of pressure-outlet 21.
   295  4.5888e-06  1.9379e-08  2.1560e-08  4.2443e-08  1:42:04 4705

 Reversed flow on 37 faces (1.3% area) of pressure-outlet 21.
   296  4.5907e-06  1.9192e-08  2.0724e-08  4.1812e-08  1:42:09 4704

 Reversed flow on 37 faces (1.3% area) of pressure-outlet 21.
   297  4.6029e-06  1.9010e-08  1.9748e-08  4.1132e-08  1:42:14 4703

 Reversed flow on 37 faces (1.3% area) of pressure-outlet 21.

  iter  continuity  x-velocity  y-velocity  z-velocity     time/iter
   298  4.6317e-06  1.8836e-08  1.9136e-08  4.0425e-08  1:42:12 4702

 Reversed flow on 37 faces (1.3% area) of pressure-outlet 21.
   299  4.6223e-06  1.8579e-08  1.9332e-08  3.9972e-08  1:42:10 4701

 Reversed flow on 37 faces (1.3% area) of pressure-outlet 21.
   300  4.6254e-06  1.8333e-08  1.9812e-08  3.9543e-08  1:42:18 4700

 Reversed flow on 37 faces (1.3% area) of pressure-outlet 21.
   301  4.6700e-06  1.8238e-08  2.0384e-08  3.9422e-08  1:42:11 4699

 Reversed flow on 37 faces (1.3% area) of pressure-outlet 21.
   302  4.6958e-06  1.8328e-08  2.0992e-08  3.8159e-08  1:42:26 4698

 Reversed flow on 37 faces (1.3% area) of pressure-outlet 21.
   303  4.6941e-06  1.8562e-08  2.1422e-08  3.8052e-08  1:42:17 4697

 Reversed flow on 37 faces (1.3% area) of pressure-outlet 21.
   304  4.6657e-06  1.8804e-08  2.1493e-08  3.8216e-08  1:42:17 4696

 Reversed flow on 37 faces (1.3% area) of pressure-outlet 21.
   305  4.6143e-06  1.8902e-08  2.1196e-08  3.8667e-08  1:42:09 4695

 Reversed flow on 37 faces (1.3% area) of pressure-outlet 21.
   306  4.5256e-06  1.8774e-08  2.0618e-08  3.8754e-08  1:42:01 4694

 Reversed flow on 37 faces (1.3% area) of pressure-outlet 21.
   307  4.3878e-06  1.8498e-08  1.9687e-08  3.9472e-08  1:41:57 4693

 Reversed flow on 37 faces (1.3% area) of pressure-outlet 21.
   308  4.2496e-06  1.8183e-08  1.8667e-08  3.9728e-08  1:41:56 4692

 Reversed flow on 37 faces (1.3% area) of pressure-outlet 21.

  iter  continuity  x-velocity  y-velocity  z-velocity     time/iter
   309  4.1302e-06  1.7791e-08  1.8188e-08  3.9458e-08  1:41:53 4691

 Reversed flow on 37 faces (1.3% area) of pressure-outlet 21.
   310  4.0426e-06  1.7353e-08  1.8235e-08  3.8748e-08  1:41:50 4690

 Reversed flow on 37 faces (1.3% area) of pressure-outlet 21.
   311  3.9993e-06  1.6989e-08  1.8486e-08  3.7855e-08  1:41:46 4689

 Reversed flow on 37 faces (1.3% area) of pressure-outlet 21.
   312  4.0056e-06  1.6610e-08  1.8742e-08  3.6368e-08  1:43:59 4688

 Reversed flow on 37 faces (1.3% area) of pressure-outlet 21.
   313  4.0640e-06  1.6404e-08  1.8947e-08  3.5699e-08  1:43:30 4687

 Reversed flow on 37 faces (1.3% area) of pressure-outlet 21.
   314  4.1331e-06  1.6545e-08  1.9197e-08  3.5483e-08  1:43:04 4686

 Reversed flow on 37 faces (1.3% area) of pressure-outlet 21.
   315  4.2233e-06  1.6812e-08  1.9322e-08  3.5759e-08  1:42:47 4685

 Reversed flow on 37 faces (1.3% area) of pressure-outlet 21.
   316  4.2824e-06  1.6962e-08  1.9249e-08  3.5889e-08  1:42:27 4684

 Reversed flow on 37 faces (1.3% area) of pressure-outlet 21.
   317  4.3602e-06  1.6983e-08  1.8893e-08  3.5861e-08  1:42:18 4683

 Reversed flow on 37 faces (1.3% area) of pressure-outlet 21.
   318  4.3829e-06  1.6723e-08  1.8301e-08  3.6452e-08  1:42:10 4682

 Reversed flow on 37 faces (1.3% area) of pressure-outlet 21.
   319  4.3425e-06  1.6464e-08  1.7940e-08  3.6494e-08  1:42:01 4681

 Reversed flow on 37 faces (1.3% area) of pressure-outlet 21.

  iter  continuity  x-velocity  y-velocity  z-velocity     time/iter
   320  4.2285e-06  1.6135e-08  1.8118e-08  3.5874e-08  1:41:49 4680

 Reversed flow on 37 faces (1.3% area) of pressure-outlet 21.
   321  4.0617e-06  1.5702e-08  1.8340e-08  3.5603e-08  1:41:46 4679

 Reversed flow on 37 faces (1.3% area) of pressure-outlet 21.
   322  3.9053e-06  1.5303e-08  1.8405e-08  3.5422e-08  1:41:41 4678

 Reversed flow on 37 faces (1.3% area) of pressure-outlet 21.
   323  3.8083e-06  1.5123e-08  1.8398e-08  3.5103e-08  1:41:36 4677

 Reversed flow on 37 faces (1.3% area) of pressure-outlet 21.
   324  3.8015e-06  1.5285e-08  1.8507e-08  3.5015e-08  1:41:31 4676

 Reversed flow on 37 faces (1.3% area) of pressure-outlet 21.
   325  3.8120e-06  1.5603e-08  1.8615e-08  3.5014e-08  1:41:27 4675

 Reversed flow on 37 faces (1.3% area) of pressure-outlet 21.
   326  3.8611e-06  1.5835e-08  1.8395e-08  3.5083e-08  1:41:24 4674

 Reversed flow on 37 faces (1.3% area) of pressure-outlet 21.
   327  3.9390e-06  1.6141e-08  1.7892e-08  3.4875e-08  1:41:20 4673

 Reversed flow on 37 faces (1.3% area) of pressure-outlet 21.
   328  3.9695e-06  1.6426e-08  1.7405e-08  3.4348e-08  1:41:18 4672

 Reversed flow on 37 faces (1.3% area) of pressure-outlet 21.
   329  3.9875e-06  1.6440e-08  1.7044e-08  3.4480e-08  1:41:17 4671

 Reversed flow on 37 faces (1.3% area) of pressure-outlet 21.
   330  4.0151e-06  1.6318e-08  1.7288e-08  3.4706e-08  1:41:15 4670

 Reversed flow on 37 faces (1.3% area) of pressure-outlet 21.

  iter  continuity  x-velocity  y-velocity  z-velocity     time/iter
   331  4.0509e-06  1.6119e-08  1.7905e-08  3.4649e-08  1:41:12 4669

 Reversed flow on 37 faces (1.3% area) of pressure-outlet 21.
   332  4.0523e-06  1.6054e-08  1.8592e-08  3.3384e-08  1:41:09 4668

 Reversed flow on 37 faces (1.3% area) of pressure-outlet 21.
   333  4.0341e-06  1.5925e-08  1.9116e-08  3.2806e-08  1:41:08 4667

 Reversed flow on 37 faces (1.3% area) of pressure-outlet 21.
   334  4.0029e-06  1.5796e-08  1.9313e-08  3.2688e-08  1:41:09 4666

 Reversed flow on 37 faces (1.3% area) of pressure-outlet 21.
   335  3.9442e-06  1.5988e-08  1.9273e-08  3.2450e-08  1:41:09 4665

 Reversed flow on 37 faces (1.3% area) of pressure-outlet 21.
   336  3.8751e-06  1.6130e-08  1.9057e-08  3.2622e-08  1:41:09 4664

 Reversed flow on 37 faces (1.3% area) of pressure-outlet 21.
   337  3.7658e-06  1.6071e-08  1.8496e-08  3.3283e-08  1:41:08 4663

 Reversed flow on 37 faces (1.3% area) of pressure-outlet 21.
   338  3.6816e-06  1.5912e-08  1.7657e-08  3.3581e-08  1:41:06 4662

 Reversed flow on 37 faces (1.3% area) of pressure-outlet 21.
   339  3.5998e-06  1.5662e-08  1.6732e-08  3.3621e-08  1:41:04 4661

 Reversed flow on 37 faces (1.3% area) of pressure-outlet 21.
   340  3.5559e-06  1.5349e-08  1.6257e-08  3.3405e-08  1:41:01 4660

 Reversed flow on 37 faces (1.3% area) of pressure-outlet 21.
   341  3.5518e-06  1.4972e-08  1.6483e-08  3.2832e-08  1:40:58 4659

 Reversed flow on 37 faces (1.3% area) of pressure-outlet 21.

  iter  continuity  x-velocity  y-velocity  z-velocity     time/iter
   342  3.5826e-06  1.4602e-08  1.6784e-08  3.2217e-08  1:41:01 4658

 Reversed flow on 37 faces (1.3% area) of pressure-outlet 21.
   343  3.6423e-06  1.4410e-08  1.7194e-08  3.1770e-08  1:41:01 4657

 Reversed flow on 37 faces (1.3% area) of pressure-outlet 21.
   344  3.7252e-06  1.4388e-08  1.7751e-08  3.1454e-08  1:40:59 4656

 Reversed flow on 37 faces (1.3% area) of pressure-outlet 21.
   345  3.8043e-06  1.4671e-08  1.8305e-08  3.1786e-08  1:41:01 4655

 Reversed flow on 37 faces (1.3% area) of pressure-outlet 21.
   346  3.8867e-06  1.5025e-08  1.8675e-08  3.2428e-08  1:40:59 4654

 Reversed flow on 37 faces (1.3% area) of pressure-outlet 21.
   347  3.9792e-06  1.5312e-08  1.8724e-08  3.3132e-08  1:40:58 4653

 Reversed flow on 37 faces (1.3% area) of pressure-outlet 21.
   348  4.0779e-06  1.5385e-08  1.8407e-08  3.4397e-08  1:40:56 4652

 Reversed flow on 37 faces (1.3% area) of pressure-outlet 21.
   349  4.1197e-06  1.5518e-08  1.7955e-08  3.5158e-08  1:40:56 4651

 Reversed flow on 37 faces (1.3% area) of pressure-outlet 21.
   350  4.0893e-06  1.5562e-08  1.7543e-08  3.5373e-08  1:40:52 4650

 Reversed flow on 37 faces (1.3% area) of pressure-outlet 21.
   351  3.9886e-06  1.5487e-08  1.7682e-08  3.5718e-08  1:40:51 4649

 Reversed flow on 37 faces (1.3% area) of pressure-outlet 21.
   352  3.8565e-06  1.5262e-08  1.7933e-08  3.5474e-08  1:40:47 4648

 Reversed flow on 37 faces (1.3% area) of pressure-outlet 21.

  iter  continuity  x-velocity  y-velocity  z-velocity     time/iter
   353  3.7590e-06  1.5246e-08  1.8126e-08  3.4931e-08  1:40:46 4647

 Reversed flow on 37 faces (1.3% area) of pressure-outlet 21.
   354  3.7375e-06  1.5301e-08  1.8386e-08  3.3812e-08  1:40:45 4646

 Reversed flow on 37 faces (1.3% area) of pressure-outlet 21.
   355  3.7128e-06  1.5385e-08  1.8596e-08  3.3184e-08  1:40:46 4645

 Reversed flow on 37 faces (1.3% area) of pressure-outlet 21.
   356  3.7126e-06  1.5720e-08  1.8461e-08  3.2538e-08  1:40:49 4644

 Reversed flow on 37 faces (1.3% area) of pressure-outlet 21.
   357  3.7538e-06  1.6039e-08  1.8050e-08  3.2841e-08  1:40:47 4643

 Reversed flow on 37 faces (1.3% area) of pressure-outlet 21.
   358  3.8019e-06  1.6185e-08  1.7581e-08  3.3156e-08  1:40:47 4642

 Reversed flow on 37 faces (1.3% area) of pressure-outlet 21.
   359  3.8315e-06  1.6075e-08  1.7046e-08  3.4024e-08  1:40:45 4641

 Reversed flow on 37 faces (1.3% area) of pressure-outlet 21.
   360  3.8728e-06  1.5852e-08  1.6545e-08  3.4815e-08  1:40:39 4640

 Reversed flow on 37 faces (1.3% area) of pressure-outlet 21.
   361  3.9370e-06  1.5617e-08  1.6479e-08  3.5365e-08  1:40:42 4639

 Reversed flow on 37 faces (1.3% area) of pressure-outlet 21.
   362  3.9611e-06  1.5363e-08  1.6939e-08  3.4487e-08  1:40:45 4638

 Reversed flow on 37 faces (1.3% area) of pressure-outlet 21.
   363  3.9476e-06  1.5041e-08  1.7378e-08  3.4397e-08  1:40:44 4637

 Reversed flow on 37 faces (1.3% area) of pressure-outlet 21.

  iter  continuity  x-velocity  y-velocity  z-velocity     time/iter
   364  3.9181e-06  1.4724e-08  1.7742e-08  3.4134e-08  1:40:41 4636

 Reversed flow on 37 faces (1.3% area) of pressure-outlet 21.
   365  3.8737e-06  1.4582e-08  1.8056e-08  3.3522e-08  1:40:39 4635

 Reversed flow on 37 faces (1.3% area) of pressure-outlet 21.
   366  3.8066e-06  1.4687e-08  1.8314e-08  3.3432e-08  1:40:34 4634

 Reversed flow on 37 faces (1.3% area) of pressure-outlet 21.
   367  3.7302e-06  1.4822e-08  1.8231e-08  3.4157e-08  1:40:32 4633

 Reversed flow on 37 faces (1.3% area) of pressure-outlet 21.
   368  3.6566e-06  1.4902e-08  1.7815e-08  3.4671e-08  1:40:31 4632

 Reversed flow on 37 faces (1.3% area) of pressure-outlet 21.
   369  3.6334e-06  1.4916e-08  1.7153e-08  3.5036e-08  1:40:36 4631

 Reversed flow on 37 faces (1.3% area) of pressure-outlet 21.
   370  3.6338e-06  1.4883e-08  1.6502e-08  3.5239e-08  1:40:31 4630

 Reversed flow on 37 faces (1.3% area) of pressure-outlet 21.
   371  3.6710e-06  1.4759e-08  1.6088e-08  3.5114e-08  1:40:28 4629

 Reversed flow on 37 faces (1.3% area) of pressure-outlet 21.
   372  3.7219e-06  1.4595e-08  1.6356e-08  3.4502e-08  1:40:24 4628

 Reversed flow on 37 faces (1.3% area) of pressure-outlet 21.
   373  3.7802e-06  1.4513e-08  1.6920e-08  3.3707e-08  1:40:25 4627

 Reversed flow on 37 faces (1.3% area) of pressure-outlet 21.
   374  3.8337e-06  1.4621e-08  1.7659e-08  3.3128e-08  1:40:23 4626

 Reversed flow on 37 faces (1.3% area) of pressure-outlet 21.

  iter  continuity  x-velocity  y-velocity  z-velocity     time/iter
   375  3.8963e-06  1.4759e-08  1.8346e-08  3.2637e-08  1:40:18 4625

 Reversed flow on 37 faces (1.3% area) of pressure-outlet 21.
   376  3.9551e-06  1.4990e-08  1.8865e-08  3.3010e-08  1:40:22 4624

 Reversed flow on 37 faces (1.3% area) of pressure-outlet 21.
   377  4.0377e-06  1.5519e-08  1.9129e-08  3.3283e-08  1:40:20 4623

 Reversed flow on 37 faces (1.3% area) of pressure-outlet 21.
   378  4.1140e-06  1.5899e-08  1.9090e-08  3.4672e-08  1:40:21 4622

 Reversed flow on 37 faces (1.3% area) of pressure-outlet 21.
   379  4.1206e-06  1.6284e-08  1.8844e-08  3.5214e-08  1:40:17 4621

 Reversed flow on 37 faces (1.3% area) of pressure-outlet 21.
   380  4.0245e-06  1.6435e-08  1.8346e-08  3.4994e-08  1:40:12 4620

 Reversed flow on 37 faces (1.3% area) of pressure-outlet 21.
   381  3.8865e-06  1.6252e-08  1.7655e-08  3.5322e-08  1:40:35 4619

 Reversed flow on 37 faces (1.3% area) of pressure-outlet 21.
   382  3.7228e-06  1.5790e-08  1.7166e-08  3.5272e-08  1:40:30 4618

 Reversed flow on 37 faces (1.3% area) of pressure-outlet 21.
   383  3.5835e-06  1.5281e-08  1.6961e-08  3.4700e-08  1:40:25 4617

 Reversed flow on 37 faces (1.3% area) of pressure-outlet 21.
   384  3.5078e-06  1.4822e-08  1.6959e-08  3.3739e-08  1:40:19 4616

 Reversed flow on 37 faces (1.3% area) of pressure-outlet 21.
   385  3.4370e-06  1.4493e-08  1.7128e-08  3.2514e-08  1:40:14 4615

 Reversed flow on 37 faces (1.3% area) of pressure-outlet 21.

  iter  continuity  x-velocity  y-velocity  z-velocity     time/iter
   386  3.3951e-06  1.4326e-08  1.7155e-08  3.1096e-08  1:40:15 4614

 Reversed flow on 37 faces (1.3% area) of pressure-outlet 21.
   387  3.3908e-06  1.4500e-08  1.7056e-08  3.0536e-08  1:40:12 4613

 Reversed flow on 37 faces (1.3% area) of pressure-outlet 21.
   388  3.4317e-06  1.4709e-08  1.6930e-08  3.0624e-08  1:40:15 4612

 Reversed flow on 37 faces (1.3% area) of pressure-outlet 21.
   389  3.4526e-06  1.4725e-08  1.6727e-08  3.1209e-08  1:40:08 4611

 Reversed flow on 37 faces (1.3% area) of pressure-outlet 21.
   390  3.5298e-06  1.4715e-08  1.6388e-08  3.1856e-08  1:40:05 4610

 Reversed flow on 37 faces (1.3% area) of pressure-outlet 21.
   391  3.6158e-06  1.4703e-08  1.6019e-08  3.2525e-08  1:40:02 4609

 Reversed flow on 37 faces (1.3% area) of pressure-outlet 21.
   392  3.6651e-06  1.4693e-08  1.5882e-08  3.1965e-08  1:40:00 4608

 Reversed flow on 37 faces (1.3% area) of pressure-outlet 21.
   393  3.6690e-06  1.4539e-08  1.6376e-08  3.2055e-08  1:40:01 4607

 Reversed flow on 37 faces (1.3% area) of pressure-outlet 21.
   394  3.6404e-06  1.4370e-08  1.6885e-08  3.1846e-08  1:39:59 4606

 Reversed flow on 37 faces (1.3% area) of pressure-outlet 21.
   395  3.5741e-06  1.4299e-08  1.7383e-08  3.1232e-08  1:39:55 4605

 Reversed flow on 37 faces (1.3% area) of pressure-outlet 21.
   396  3.5153e-06  1.4154e-08  1.7748e-08  3.0658e-08  1:39:49 4604

 Reversed flow on 37 faces (1.3% area) of pressure-outlet 21.

  iter  continuity  x-velocity  y-velocity  z-velocity     time/iter
   397  3.4327e-06  1.4122e-08  1.7859e-08  3.1477e-08  1:39:45 4603

 Reversed flow on 37 faces (1.3% area) of pressure-outlet 21.
   398  3.3860e-06  1.4429e-08  1.7750e-08  3.2120e-08  1:39:43 4602

 Reversed flow on 37 faces (1.3% area) of pressure-outlet 21.
   399  3.3779e-06  1.4716e-08  1.7452e-08  3.3067e-08  1:39:39 4601

 Reversed flow on 37 faces (1.3% area) of pressure-outlet 21.
   400  3.4386e-06  1.4896e-08  1.7077e-08  3.3904e-08  1:39:41 4600

 Reversed flow on 37 faces (1.3% area) of pressure-outlet 21.
   401  3.5586e-06  1.4940e-08  1.6654e-08  3.4441e-08  1:39:39 4599

 Reversed flow on 37 faces (1.3% area) of pressure-outlet 21.
   402  3.6914e-06  1.4954e-08  1.6264e-08  3.4640e-08  1:39:36 4598

 Reversed flow on 37 faces (1.3% area) of pressure-outlet 21.
   403  3.8175e-06  1.5022e-08  1.6499e-08  3.4414e-08  1:39:34 4597

 Reversed flow on 37 faces (1.3% area) of pressure-outlet 21.
   404  3.9132e-06  1.5042e-08  1.7198e-08  3.4082e-08  1:39:33 4596

 Reversed flow on 37 faces (1.3% area) of pressure-outlet 21.
   405  3.9814e-06  1.5134e-08  1.7931e-08  3.3763e-08  1:39:34 4595

 Reversed flow on 37 faces (1.3% area) of pressure-outlet 21.
   406  4.0301e-06  1.5308e-08  1.8642e-08  3.3246e-08  1:39:33 4594

 Reversed flow on 37 faces (1.3% area) of pressure-outlet 21.
   407  4.0772e-06  1.5605e-08  1.9161e-08  3.2580e-08  1:39:33 4593

 Reversed flow on 37 faces (1.3% area) of pressure-outlet 21.

  iter  continuity  x-velocity  y-velocity  z-velocity     time/iter
   408  4.0905e-06  1.5927e-08  1.9364e-08  3.3331e-08  1:39:31 4592

 Reversed flow on 37 faces (1.3% area) of pressure-outlet 21.
   409  4.0728e-06  1.6218e-08  1.9268e-08  3.4272e-08  1:39:30 4591

 Reversed flow on 37 faces (1.3% area) of pressure-outlet 21.
   410  3.9784e-06  1.6274e-08  1.8848e-08  3.4736e-08  1:39:27 4590

 Reversed flow on 37 faces (1.3% area) of pressure-outlet 21.
   411  3.8542e-06  1.6124e-08  1.8088e-08  3.5640e-08  1:39:26 4589

 Reversed flow on 37 faces (1.3% area) of pressure-outlet 21.
   412  3.7080e-06  1.5767e-08  1.7071e-08  3.6062e-08  1:39:32 4588

 Reversed flow on 37 faces (1.3% area) of pressure-outlet 21.
   413  3.6080e-06  1.5431e-08  1.6204e-08  3.6034e-08  1:39:28 4587

 Reversed flow on 37 faces (1.3% area) of pressure-outlet 21.
   414  3.5516e-06  1.5042e-08  1.6199e-08  3.5263e-08  1:39:24 4586

 Reversed flow on 37 faces (1.3% area) of pressure-outlet 21.
   415  3.4812e-06  1.4688e-08  1.6470e-08  3.3932e-08  1:39:23 4585

 Reversed flow on 37 faces (1.3% area) of pressure-outlet 21.
   416  3.4273e-06  1.4369e-08  1.6662e-08  3.2249e-08  1:39:22 4584

 Reversed flow on 37 faces (1.3% area) of pressure-outlet 21.
   417  3.4449e-06  1.4141e-08  1.6727e-08  3.1061e-08  1:39:17 4583

 Reversed flow on 37 faces (1.3% area) of pressure-outlet 21.
   418  3.4905e-06  1.4114e-08  1.6861e-08  3.0916e-08  1:39:18 4582

 Reversed flow on 37 faces (1.3% area) of pressure-outlet 21.

  iter  continuity  x-velocity  y-velocity  z-velocity     time/iter
   419  3.5491e-06  1.4285e-08  1.6975e-08  3.1289e-08  1:44:36 4581

 Reversed flow on 37 faces (1.3% area) of pressure-outlet 21.
   420  3.6316e-06  1.4435e-08  1.6958e-08  3.2128e-08  1:43:30 4580

 Reversed flow on 37 faces (1.3% area) of pressure-outlet 21.
   421  3.7570e-06  1.4454e-08  1.6776e-08  3.3051e-08  1:42:37 4579

 Reversed flow on 37 faces (1.3% area) of pressure-outlet 21.
   422  3.8357e-06  1.4403e-08  1.6498e-08  3.2707e-08  1:41:55 4578

 Reversed flow on 37 faces (1.3% area) of pressure-outlet 21.
   423  3.8577e-06  1.4209e-08  1.6129e-08  3.3035e-08  1:41:22 4577

 Reversed flow on 37 faces (1.3% area) of pressure-outlet 21.
   424  3.8266e-06  1.3929e-08  1.6149e-08  3.2697e-08  1:40:56 4576

 Reversed flow on 37 faces (1.3% area) of pressure-outlet 21.
   425  3.7487e-06  1.3565e-08  1.6393e-08  3.1959e-08  1:40:32 4575

 Reversed flow on 37 faces (1.3% area) of pressure-outlet 21.
   426  3.6390e-06  1.3252e-08  1.6609e-08  3.1390e-08  1:40:12 4574

 Reversed flow on 37 faces (1.3% area) of pressure-outlet 21.
   427  3.5070e-06  1.3035e-08  1.6728e-08  3.1319e-08  1:39:57 4573

 Reversed flow on 37 faces (1.3% area) of pressure-outlet 21.
   428  3.4026e-06  1.3075e-08  1.6723e-08  3.1052e-08  1:39:44 4572

 Reversed flow on 37 faces (1.3% area) of pressure-outlet 21.
   429  3.3338e-06  1.3390e-08  1.6605e-08  3.1332e-08  1:39:38 4571

 Reversed flow on 37 faces (1.3% area) of pressure-outlet 21.

  iter  continuity  x-velocity  y-velocity  z-velocity     time/iter
   430  3.3566e-06  1.3714e-08  1.6413e-08  3.1981e-08  1:39:29 4570

 Reversed flow on 37 faces (1.3% area) of pressure-outlet 21.
   431  3.4045e-06  1.3956e-08  1.6111e-08  3.1942e-08  1:39:24 4569

 Reversed flow on 37 faces (1.3% area) of pressure-outlet 21.
   432  3.4560e-06  1.4135e-08  1.5612e-08  3.1436e-08  1:39:17 4568

 Reversed flow on 37 faces (1.3% area) of pressure-outlet 21.
   433  3.5311e-06  1.4205e-08  1.5082e-08  3.1076e-08  1:39:14 4567

 Reversed flow on 37 faces (1.3% area) of pressure-outlet 21.
   434  3.5894e-06  1.4136e-08  1.4937e-08  3.0973e-08  1:39:14 4566

 Reversed flow on 37 faces (1.3% area) of pressure-outlet 21.
   435  3.5984e-06  1.3928e-08  1.5416e-08  3.0533e-08  1:39:12 4565

 Reversed flow on 37 faces (1.3% area) of pressure-outlet 21.
   436  3.5857e-06  1.3730e-08  1.5953e-08  2.9840e-08  1:39:07 4564

 Reversed flow on 37 faces (1.3% area) of pressure-outlet 21.
   437  3.5647e-06  1.3594e-08  1.6421e-08  2.8676e-08  1:39:02 4563

 Reversed flow on 37 faces (1.3% area) of pressure-outlet 21.
   438  3.5453e-06  1.3337e-08  1.6590e-08  2.8635e-08  1:38:59 4562

 Reversed flow on 37 faces (1.3% area) of pressure-outlet 21.
   439  3.4749e-06  1.3324e-08  1.6600e-08  2.8866e-08  1:38:57 4561

 Reversed flow on 37 faces (1.3% area) of pressure-outlet 21.
   440  3.3807e-06  1.3433e-08  1.6397e-08  2.9042e-08  1:38:59 4560

 Reversed flow on 37 faces (1.3% area) of pressure-outlet 21.

  iter  continuity  x-velocity  y-velocity  z-velocity     time/iter
   441  3.2392e-06  1.3301e-08  1.5889e-08  2.9778e-08  1:38:58 4559

 Reversed flow on 37 faces (1.3% area) of pressure-outlet 21.
   442  3.1117e-06  1.2959e-08  1.4978e-08  3.0123e-08  1:38:54 4558

 Reversed flow on 37 faces (1.3% area) of pressure-outlet 21.
   443  3.0230e-06  1.2586e-08  1.3908e-08  3.0136e-08  1:38:55 4557

 Reversed flow on 37 faces (1.3% area) of pressure-outlet 21.
   444  2.9799e-06  1.2222e-08  1.3172e-08  2.9605e-08  1:38:52 4556

 Reversed flow on 37 faces (1.3% area) of pressure-outlet 21.
   445  2.9196e-06  1.1866e-08  1.3194e-08  2.8457e-08  1:38:49 4555

 Reversed flow on 37 faces (1.3% area) of pressure-outlet 21.
   446  2.8806e-06  1.1460e-08  1.3334e-08  2.7286e-08  1:38:48 4554

 Reversed flow on 37 faces (1.3% area) of pressure-outlet 21.
   447  2.8871e-06  1.1243e-08  1.3500e-08  2.6492e-08  1:38:45 4553

 Reversed flow on 37 faces (1.3% area) of pressure-outlet 21.
   448  2.9334e-06  1.1128e-08  1.3881e-08  2.5926e-08  1:38:39 4552

 Reversed flow on 37 faces (1.3% area) of pressure-outlet 21.
   449  2.9828e-06  1.1226e-08  1.4394e-08  2.6024e-08  1:38:39 4551

 Reversed flow on 37 faces (1.3% area) of pressure-outlet 21.
   450  3.0681e-06  1.1585e-08  1.4820e-08  2.6907e-08  1:38:38 4550

 Reversed flow on 37 faces (1.3% area) of pressure-outlet 21.
   451  3.2109e-06  1.1929e-08  1.5063e-08  2.8282e-08  1:38:36 4549

 Reversed flow on 37 faces (1.3% area) of pressure-outlet 21.

  iter  continuity  x-velocity  y-velocity  z-velocity     time/iter
   452  3.3336e-06  1.2238e-08  1.5106e-08  2.8480e-08  1:38:35 4548

 Reversed flow on 37 faces (1.3% area) of pressure-outlet 21.
   453  3.4371e-06  1.2410e-08  1.4821e-08  2.9414e-08  1:38:35 4547

 Reversed flow on 37 faces (1.3% area) of pressure-outlet 21.
   454  3.4904e-06  1.2508e-08  1.4381e-08  2.9889e-08  1:38:33 4546

 Reversed flow on 37 faces (1.3% area) of pressure-outlet 21.
   455  3.4928e-06  1.2542e-08  1.4334e-08  2.9912e-08  1:38:32 4545

 Reversed flow on 37 faces (1.3% area) of pressure-outlet 21.
   456  3.4266e-06  1.2433e-08  1.4779e-08  2.9702e-08  1:38:32 4544

 Reversed flow on 37 faces (1.3% area) of pressure-outlet 21.
   457  3.3210e-06  1.2411e-08  1.5171e-08  2.9794e-08  1:38:30 4543

 Reversed flow on 37 faces (1.3% area) of pressure-outlet 21.
   458  3.2169e-06  1.2510e-08  1.5484e-08  2.9015e-08  1:38:27 4542

 Reversed flow on 37 faces (1.3% area) of pressure-outlet 21.
   459  3.1544e-06  1.2601e-08  1.5538e-08  2.8855e-08  1:38:27 4541

 Reversed flow on 37 faces (1.3% area) of pressure-outlet 21.
   460  3.1348e-06  1.2860e-08  1.5547e-08  2.9132e-08  1:38:28 4540

 Reversed flow on 37 faces (1.3% area) of pressure-outlet 21.
   461  3.1974e-06  1.3146e-08  1.5421e-08  2.9766e-08  1:38:28 4539

 Reversed flow on 37 faces (1.3% area) of pressure-outlet 21.
   462  3.2635e-06  1.3276e-08  1.5067e-08  3.0240e-08  1:38:26 4538

 Reversed flow on 37 faces (1.3% area) of pressure-outlet 21.

  iter  continuity  x-velocity  y-velocity  z-velocity     time/iter
   463  3.3605e-06  1.3302e-08  1.4566e-08  3.0702e-08  1:38:25 4537

 Reversed flow on 37 faces (1.3% area) of pressure-outlet 21.
   464  3.4389e-06  1.3222e-08  1.4086e-08  3.1185e-08  1:38:30 4536

 Reversed flow on 37 faces (1.3% area) of pressure-outlet 21.
   465  3.4848e-06  1.3087e-08  1.3799e-08  3.1369e-08  1:38:27 4535

 Reversed flow on 37 faces (1.3% area) of pressure-outlet 21.
   466  3.4933e-06  1.2910e-08  1.4168e-08  3.0972e-08  1:38:32 4534

 Reversed flow on 37 faces (1.3% area) of pressure-outlet 21.
   467  3.4956e-06  1.2673e-08  1.4601e-08  3.0307e-08  1:38:27 4533

 Reversed flow on 37 faces (1.3% area) of pressure-outlet 21.
   468  3.4875e-06  1.2377e-08  1.4962e-08  3.0448e-08  1:38:20 4532

 Reversed flow on 37 faces (1.3% area) of pressure-outlet 21.
   469  3.4497e-06  1.2261e-08  1.5374e-08  3.0200e-08  1:38:18 4531

 Reversed flow on 37 faces (1.3% area) of pressure-outlet 21.
   470  3.3813e-06  1.2372e-08  1.5722e-08  2.9972e-08  1:38:13 4530

 Reversed flow on 37 faces (1.3% area) of pressure-outlet 21.
   471  3.2839e-06  1.2529e-08  1.5811e-08  3.0586e-08  1:38:16 4529

 Reversed flow on 37 faces (1.3% area) of pressure-outlet 21.
   472  3.1931e-06  1.2533e-08  1.5474e-08  3.1220e-08  1:38:11 4528

 Reversed flow on 37 faces (1.3% area) of pressure-outlet 21.
   473  3.1678e-06  1.2495e-08  1.4814e-08  3.1691e-08  1:38:09 4527

 Reversed flow on 37 faces (1.3% area) of pressure-outlet 21.

  iter  continuity  x-velocity  y-velocity  z-velocity     time/iter
   474  3.1918e-06  1.2424e-08  1.4122e-08  3.1664e-08  1:38:09 4526

 Reversed flow on 37 faces (1.3% area) of pressure-outlet 21.
   475  3.1817e-06  1.2314e-08  1.3553e-08  3.1166e-08  1:38:06 4525

 Reversed flow on 37 faces (1.3% area) of pressure-outlet 21.
   476  3.1792e-06  1.2114e-08  1.3403e-08  3.0303e-08  1:38:08 4524

 Reversed flow on 37 faces (1.3% area) of pressure-outlet 21.
   477  3.1946e-06  1.1913e-08  1.3643e-08  2.9426e-08  1:38:05 4523

 Reversed flow on 37 faces (1.3% area) of pressure-outlet 21.
   478  3.2195e-06  1.1842e-08  1.4113e-08  2.8869e-08  1:38:05 4522

 Reversed flow on 37 faces (1.3% area) of pressure-outlet 21.
   479  3.2372e-06  1.1791e-08  1.4745e-08  2.8426e-08  1:38:04 4521

 Reversed flow on 37 faces (1.3% area) of pressure-outlet 21.
   480  3.3048e-06  1.1854e-08  1.5254e-08  2.8996e-08  1:38:10 4520

 Reversed flow on 37 faces (1.3% area) of pressure-outlet 21.
   481  3.4115e-06  1.2259e-08  1.5683e-08  2.9885e-08  1:38:07 4519

 Reversed flow on 37 faces (1.3% area) of pressure-outlet 21.
   482  3.5267e-06  1.2856e-08  1.5995e-08  3.0100e-08  1:38:06 4518

 Reversed flow on 37 faces (1.3% area) of pressure-outlet 21.
   483  3.5715e-06  1.3300e-08  1.5997e-08  3.0746e-08  1:38:03 4517

 Reversed flow on 37 faces (1.3% area) of pressure-outlet 21.
   484  3.5588e-06  1.3551e-08  1.5646e-08  3.0696e-08  1:37:57 4516

 Reversed flow on 37 faces (1.3% area) of pressure-outlet 21.

  iter  continuity  x-velocity  y-velocity  z-velocity     time/iter
   485  3.5172e-06  1.3526e-08  1.5063e-08  3.0506e-08  1:37:54 4515

 Reversed flow on 37 faces (1.3% area) of pressure-outlet 21.
   486  3.4145e-06  1.3250e-08  1.4589e-08  3.0315e-08  1:37:52 4514

 Reversed flow on 37 faces (1.3% area) of pressure-outlet 21.
   487  3.2518e-06  1.2855e-08  1.4583e-08  3.0089e-08  1:37:52 4513

 Reversed flow on 37 faces (1.3% area) of pressure-outlet 21.
   488  3.0991e-06  1.2421e-08  1.4566e-08  2.9401e-08  1:37:54 4512

 Reversed flow on 37 faces (1.3% area) of pressure-outlet 21.
   489  2.9825e-06  1.2118e-08  1.4561e-08  2.8854e-08  1:37:54 4511

 Reversed flow on 37 faces (1.3% area) of pressure-outlet 21.
   490  2.9229e-06  1.1925e-08  1.4704e-08  2.8158e-08  1:37:52 4510

 Reversed flow on 37 faces (1.3% area) of pressure-outlet 21.
   491  2.9343e-06  1.1960e-08  1.4873e-08  2.7755e-08  1:37:49 4509

 Reversed flow on 37 faces (1.3% area) of pressure-outlet 21.
   492  2.9952e-06  1.2109e-08  1.4882e-08  2.7764e-08  1:37:45 4508

 Reversed flow on 37 faces (1.3% area) of pressure-outlet 21.
   493  3.0799e-06  1.2215e-08  1.4750e-08  2.7925e-08  1:37:43 4507

 Reversed flow on 37 faces (1.3% area) of pressure-outlet 21.
   494  3.1841e-06  1.2272e-08  1.4487e-08  2.8333e-08  1:37:44 4506

 Reversed flow on 37 faces (1.3% area) of pressure-outlet 21.
   495  3.2573e-06  1.2262e-08  1.4090e-08  2.8621e-08  1:37:41 4505

 Reversed flow on 37 faces (1.3% area) of pressure-outlet 21.

  iter  continuity  x-velocity  y-velocity  z-velocity     time/iter
   496  3.2936e-06  1.2197e-08  1.3759e-08  2.8604e-08  1:37:40 4504

 Reversed flow on 37 faces (1.3% area) of pressure-outlet 21.
   497  3.3176e-06  1.2028e-08  1.3915e-08  2.8341e-08  1:37:40 4503

 Reversed flow on 37 faces (1.3% area) of pressure-outlet 21.
   498  3.3023e-06  1.1716e-08  1.4336e-08  2.8569e-08  1:37:41 4502

 Reversed flow on 37 faces (1.3% area) of pressure-outlet 21.
   499  3.2377e-06  1.1568e-08  1.4806e-08  2.8419e-08  1:37:40 4501

 Reversed flow on 37 faces (1.3% area) of pressure-outlet 21.
   500  3.1521e-06  1.1375e-08  1.5199e-08  2.7745e-08  1:37:33 4500

 Reversed flow on 37 faces (1.3% area) of pressure-outlet 21.
   501  3.0422e-06  1.1146e-08  1.5310e-08  2.8271e-08  1:37:35 4499

 Reversed flow on 37 faces (1.3% area) of pressure-outlet 21.
   502  2.9288e-06  1.1219e-08  1.5098e-08  2.8660e-08  1:37:37 4498

 Reversed flow on 37 faces (1.3% area) of pressure-outlet 21.
   503  2.9088e-06  1.1431e-08  1.4675e-08  2.9377e-08  1:37:38 4497

 Reversed flow on 37 faces (1.3% area) of pressure-outlet 21.
   504  2.9451e-06  1.1597e-08  1.4235e-08  2.9628e-08  1:37:35 4496

 Reversed flow on 37 faces (1.3% area) of pressure-outlet 21.
   505  2.9938e-06  1.1692e-08  1.3749e-08  2.9401e-08  1:37:31 4495

 Reversed flow on 37 faces (1.3% area) of pressure-outlet 21.
   506  3.0477e-06  1.1724e-08  1.3090e-08  2.8959e-08  1:37:29 4494

 Reversed flow on 37 faces (1.3% area) of pressure-outlet 21.

  iter  continuity  x-velocity  y-velocity  z-velocity     time/iter
   507  3.1175e-06  1.1805e-08  1.2787e-08  2.8522e-08  1:37:25 4493

 Reversed flow on 37 faces (1.3% area) of pressure-outlet 21.
   508  3.1732e-06  1.1826e-08  1.3238e-08  2.8113e-08  1:37:22 4492

 Reversed flow on 37 faces (1.3% area) of pressure-outlet 21.
   509  3.2130e-06  1.1849e-08  1.3943e-08  2.7941e-08  1:37:20 4491

 Reversed flow on 37 faces (1.3% area) of pressure-outlet 21.
   510  3.2870e-06  1.1992e-08  1.4688e-08  2.8087e-08  1:37:20 4490

 Reversed flow on 37 faces (1.3% area) of pressure-outlet 21.
   511  3.3846e-06  1.2237e-08  1.5393e-08  2.8188e-08  1:37:17 4489

 Reversed flow on 37 faces (1.3% area) of pressure-outlet 21.
   512  3.4499e-06  1.2748e-08  1.5997e-08  2.7869e-08  1:37:19 4488

 Reversed flow on 37 faces (1.3% area) of pressure-outlet 21.
   513  3.4912e-06  1.3131e-08  1.6205e-08  2.9039e-08  1:37:18 4487

 Reversed flow on 37 faces (1.3% area) of pressure-outlet 21.
   514  3.4896e-06  1.3290e-08  1.5986e-08  2.9905e-08  1:37:14 4486

 Reversed flow on 37 faces (1.3% area) of pressure-outlet 21.
   515  3.4709e-06  1.3262e-08  1.5438e-08  3.0598e-08  1:37:13 4485

 Reversed flow on 37 faces (1.3% area) of pressure-outlet 21.
   516  3.4013e-06  1.3057e-08  1.4665e-08  3.1137e-08  1:37:12 4484

 Reversed flow on 37 faces (1.3% area) of pressure-outlet 21.
   517  3.2797e-06  1.2772e-08  1.3848e-08  3.1697e-08  1:37:09 4483

 Reversed flow on 37 faces (1.3% area) of pressure-outlet 21.

  iter  continuity  x-velocity  y-velocity  z-velocity     time/iter
   518  3.1543e-06  1.2417e-08  1.3578e-08  3.1587e-08  1:37:05 4482

 Reversed flow on 37 faces (1.3% area) of pressure-outlet 21.
   519  3.0353e-06  1.2051e-08  1.3627e-08  3.0938e-08  1:37:10 4481

 Reversed flow on 37 faces (1.3% area) of pressure-outlet 21.
   520  2.9671e-06  1.1781e-08  1.3911e-08  3.0245e-08  1:37:15 4480

 Reversed flow on 37 faces (1.3% area) of pressure-outlet 21.
   521  2.9907e-06  1.1527e-08  1.4244e-08  2.9202e-08  1:37:11 4479

 Reversed flow on 37 faces (1.3% area) of pressure-outlet 21.
   522  3.0697e-06  1.1399e-08  1.4498e-08  2.8963e-08  1:37:08 4478

 Reversed flow on 37 faces (1.3% area) of pressure-outlet 21.
   523  3.1734e-06  1.1735e-08  1.4708e-08  2.8600e-08  1:37:05 4477

 Reversed flow on 37 faces (1.3% area) of pressure-outlet 21.
   524  3.2907e-06  1.2115e-08  1.4866e-08  2.9083e-08  1:37:01 4476

 Reversed flow on 37 faces (1.3% area) of pressure-outlet 21.
   525  3.3841e-06  1.2341e-08  1.4829e-08  2.9581e-08  1:36:57 4475

 Reversed flow on 37 faces (1.3% area) of pressure-outlet 21.
   526  3.4586e-06  1.2418e-08  1.4585e-08  2.9756e-08  1:37:11 4474

 Reversed flow on 37 faces (1.3% area) of pressure-outlet 21.
   527  3.5076e-06  1.2352e-08  1.4157e-08  2.9869e-08  1:37:12 4473

 Reversed flow on 37 faces (1.3% area) of pressure-outlet 21.
   528  3.5073e-06  1.2126e-08  1.4012e-08  3.0208e-08  1:37:05 4472

 Reversed flow on 37 faces (1.3% area) of pressure-outlet 21.

  iter  continuity  x-velocity  y-velocity  z-velocity     time/iter
   529  3.4457e-06  1.1882e-08  1.4338e-08  3.0051e-08  1:37:01 4471

 Reversed flow on 37 faces (1.3% area) of pressure-outlet 21.
   530  3.3425e-06  1.1632e-08  1.4697e-08  2.9699e-08  1:36:58 4470

 Reversed flow on 37 faces (1.3% area) of pressure-outlet 21.
   531  3.2150e-06  1.1405e-08  1.4974e-08  2.9889e-08  1:36:56 4469

 Reversed flow on 37 faces (1.3% area) of pressure-outlet 21.
   532  3.0925e-06  1.1288e-08  1.5053e-08  2.9739e-08  1:37:04 4468

 Reversed flow on 37 faces (1.3% area) of pressure-outlet 21.
   533  3.0511e-06  1.1549e-08  1.5025e-08  3.0024e-08  1:37:12 4467

 Reversed flow on 37 faces (1.3% area) of pressure-outlet 21.
   534  3.0934e-06  1.1949e-08  1.4999e-08  3.0330e-08  1:37:04 4466

 Reversed flow on 37 faces (1.3% area) of pressure-outlet 21.
   535  3.0906e-06  1.2324e-08  1.4873e-08  2.9924e-08  1:39:08 4465

 Reversed flow on 37 faces (1.3% area) of pressure-outlet 21.
   536  3.1068e-06  1.2556e-08  1.4326e-08  2.9213e-08  1:38:42 4464

 Reversed flow on 37 faces (1.3% area) of pressure-outlet 21.
   537  3.1561e-06  1.2657e-08  1.3590e-08  2.8867e-08  1:38:16 4463

 Reversed flow on 37 faces (1.3% area) of pressure-outlet 21.
   538  3.1865e-06  1.2550e-08  1.3055e-08  2.8751e-08  1:37:57 4462

 Reversed flow on 37 faces (1.3% area) of pressure-outlet 21.
   539  3.1729e-06  1.2283e-08  1.3335e-08  2.8636e-08  1:37:43 4461

 Reversed flow on 37 faces (1.3% area) of pressure-outlet 21.

  iter  continuity  x-velocity  y-velocity  z-velocity     time/iter
   540  3.1777e-06  1.2000e-08  1.3860e-08  2.8351e-08  1:37:30 4460

 Reversed flow on 37 faces (1.3% area) of pressure-outlet 21.
   541  3.2018e-06  1.1885e-08  1.4491e-08  2.8021e-08  1:37:21 4459

 Reversed flow on 37 faces (1.3% area) of pressure-outlet 21.
   542  3.2089e-06  1.1850e-08  1.5058e-08  2.6547e-08  1:37:10 4458

 Reversed flow on 37 faces (1.3% area) of pressure-outlet 21.
   543  3.1991e-06  1.1815e-08  1.5335e-08  2.6867e-08  1:37:00 4457

 Reversed flow on 37 faces (1.3% area) of pressure-outlet 21.
   544  3.1758e-06  1.2054e-08  1.5319e-08  2.6844e-08  1:36:51 4456

 Reversed flow on 37 faces (1.3% area) of pressure-outlet 21.
   545  3.1380e-06  1.2187e-08  1.5093e-08  2.7116e-08  1:36:45 4455

 Reversed flow on 37 faces (1.3% area) of pressure-outlet 21.
   546  3.0656e-06  1.2131e-08  1.4593e-08  2.7431e-08  1:36:44 4454

 Reversed flow on 37 faces (1.3% area) of pressure-outlet 21.
   547  2.9629e-06  1.1926e-08  1.3809e-08  2.7889e-08  1:36:38 4453

 Reversed flow on 37 faces (1.3% area) of pressure-outlet 21.
   548  2.8619e-06  1.1676e-08  1.2943e-08  2.8006e-08  1:36:42 4452

 Reversed flow on 37 faces (1.3% area) of pressure-outlet 21.
   549  2.7740e-06  1.1399e-08  1.2582e-08  2.7767e-08  1:36:44 4451

 Reversed flow on 37 faces (1.3% area) of pressure-outlet 21.
   550  2.7244e-06  1.1066e-08  1.2797e-08  2.7560e-08  1:36:43 4450

 Reversed flow on 37 faces (1.3% area) of pressure-outlet 21.

  iter  continuity  x-velocity  y-velocity  z-velocity     time/iter
   551  2.7476e-06  1.0725e-08  1.3150e-08  2.7200e-08  1:36:40 4449

 Reversed flow on 37 faces (1.3% area) of pressure-outlet 21.
   552  2.8368e-06  1.0495e-08  1.3589e-08  2.6886e-08  1:36:37 4448

 Reversed flow on 37 faces (1.3% area) of pressure-outlet 21.
   553  2.9453e-06  1.0577e-08  1.4151e-08  2.6395e-08  1:36:34 4447

 Reversed flow on 37 faces (1.3% area) of pressure-outlet 21.
   554  3.0614e-06  1.1009e-08  1.4745e-08  2.6982e-08  1:36:30 4446

 Reversed flow on 37 faces (1.3% area) of pressure-outlet 21.
   555  3.1900e-06  1.1469e-08  1.5149e-08  2.7924e-08  1:36:26 4445

 Reversed flow on 37 faces (1.3% area) of pressure-outlet 21.
   556  3.3002e-06  1.1872e-08  1.5306e-08  2.8682e-08  1:36:26 4444

 Reversed flow on 37 faces (1.3% area) of pressure-outlet 21.
   557  3.4475e-06  1.2162e-08  1.5117e-08  2.9427e-08  1:36:21 4443

 Reversed flow on 37 faces (1.3% area) of pressure-outlet 21.
   558  3.5337e-06  1.2333e-08  1.4733e-08  3.0465e-08  1:36:17 4442

 Reversed flow on 37 faces (1.3% area) of pressure-outlet 21.
   559  3.5479e-06  1.2488e-08  1.4458e-08  3.0969e-08  1:36:20 4441

 Reversed flow on 37 faces (1.3% area) of pressure-outlet 21.
   560  3.4761e-06  1.2465e-08  1.4853e-08  3.0946e-08  1:36:18 4440

 Reversed flow on 37 faces (1.3% area) of pressure-outlet 21.
   561  3.3510e-06  1.2364e-08  1.5232e-08  3.0843e-08  1:36:16 4439

 Reversed flow on 37 faces (1.3% area) of pressure-outlet 21.

  iter  continuity  x-velocity  y-velocity  z-velocity     time/iter
   562  3.2013e-06  1.2327e-08  1.5448e-08  3.0161e-08  1:36:14 4438

 Reversed flow on 37 faces (1.3% area) of pressure-outlet 21.
   563  3.1291e-06  1.2300e-08  1.5434e-08  2.9293e-08  1:36:12 4437

 Reversed flow on 37 faces (1.3% area) of pressure-outlet 21.
   564  3.1046e-06  1.2394e-08  1.5409e-08  2.9055e-08  1:36:10 4436

 Reversed flow on 37 faces (1.3% area) of pressure-outlet 21.
   565  3.0782e-06  1.2696e-08  1.5275e-08  2.8757e-08  1:36:07 4435

 Reversed flow on 37 faces (1.3% area) of pressure-outlet 21.
   566  3.0783e-06  1.2864e-08  1.4790e-08  2.8734e-08  1:36:03 4434

 Reversed flow on 37 faces (1.3% area) of pressure-outlet 21.
   567  3.1231e-06  1.2933e-08  1.4114e-08  2.9001e-08  1:36:01 4433

 Reversed flow on 37 faces (1.3% area) of pressure-outlet 21.
   568  3.1736e-06  1.2782e-08  1.3439e-08  2.9335e-08  1:36:03 4432

 Reversed flow on 37 faces (1.3% area) of pressure-outlet 21.
   569  3.1954e-06  1.2563e-08  1.2966e-08  2.9835e-08  1:36:00 4431

 Reversed flow on 37 faces (1.3% area) of pressure-outlet 21.
   570  3.2321e-06  1.2288e-08  1.3060e-08  3.0132e-08  1:36:00 4430

 Reversed flow on 37 faces (1.3% area) of pressure-outlet 21.
   571  3.2794e-06  1.1972e-08  1.3583e-08  3.0150e-08  1:35:57 4429

 Reversed flow on 37 faces (1.3% area) of pressure-outlet 21.
   572  3.3030e-06  1.1763e-08  1.4200e-08  2.9348e-08  1:36:04 4428

 Reversed flow on 37 faces (1.3% area) of pressure-outlet 21.

  iter  continuity  x-velocity  y-velocity  z-velocity     time/iter
   573  3.3237e-06  1.1545e-08  1.4755e-08  2.9369e-08  1:36:00 4427

 Reversed flow on 37 faces (1.3% area) of pressure-outlet 21.
   574  3.3294e-06  1.1531e-08  1.5179e-08  2.8949e-08  1:36:01 4426

 Reversed flow on 37 faces (1.3% area) of pressure-outlet 21.
   575  3.3055e-06  1.1744e-08  1.5445e-08  2.8997e-08  1:36:01 4425

 Reversed flow on 37 faces (1.3% area) of pressure-outlet 21.
   576  3.2632e-06  1.1886e-08  1.5395e-08  2.9517e-08  1:41:07 4424

 Reversed flow on 37 faces (1.3% area) of pressure-outlet 21.
   577  3.1762e-06  1.1880e-08  1.4991e-08  3.0283e-08  1:40:04 4423

 Reversed flow on 37 faces (1.3% area) of pressure-outlet 21.
   578  3.1268e-06  1.1821e-08  1.4256e-08  3.0675e-08  1:39:09 4422

 Reversed flow on 37 faces (1.3% area) of pressure-outlet 21.
   579  3.0724e-06  1.1754e-08  1.3433e-08  3.0776e-08  1:38:31 4421

 Reversed flow on 37 faces (1.3% area) of pressure-outlet 21.
   580  3.0503e-06  1.1615e-08  1.3008e-08  3.0634e-08  1:37:56 4420

 Reversed flow on 37 faces (1.3% area) of pressure-outlet 21.
   581  3.0662e-06  1.1381e-08  1.3308e-08  3.0101e-08  1:37:32 4419

 Reversed flow on 37 faces (1.3% area) of pressure-outlet 21.
   582  3.1275e-06  1.1253e-08  1.3771e-08  2.9435e-08  1:37:12 4418

 Reversed flow on 37 faces (1.3% area) of pressure-outlet 21.
   583  3.1904e-06  1.1355e-08  1.4445e-08  2.8419e-08  1:36:56 4417

 Reversed flow on 37 faces (1.3% area) of pressure-outlet 21.

  iter  continuity  x-velocity  y-velocity  z-velocity     time/iter
   584  3.2818e-06  1.1519e-08  1.5068e-08  2.8142e-08  1:36:40 4416

 Reversed flow on 37 faces (1.3% area) of pressure-outlet 21.
   585  3.3630e-06  1.1866e-08  1.5576e-08  2.8539e-08  1:36:27 4415

 Reversed flow on 37 faces (1.3% area) of pressure-outlet 21.
   586  3.4561e-06  1.2520e-08  1.5909e-08  2.8841e-08  1:36:15 4414

 Reversed flow on 37 faces (1.3% area) of pressure-outlet 21.
   587  3.5107e-06  1.3068e-08  1.5930e-08  2.9106e-08  1:36:08 4413

 Reversed flow on 37 faces (1.3% area) of pressure-outlet 21.
   588  3.5193e-06  1.3328e-08  1.5602e-08  2.9603e-08  1:36:03 4412

 Reversed flow on 37 faces (1.3% area) of pressure-outlet 21.
   589  3.4872e-06  1.3314e-08  1.5028e-08  2.9957e-08  1:35:54 4411

 Reversed flow on 37 faces (1.3% area) of pressure-outlet 21.
   590  3.3772e-06  1.3054e-08  1.4405e-08  3.0094e-08  1:35:50 4410

 Reversed flow on 37 faces (1.3% area) of pressure-outlet 21.
   591  3.2037e-06  1.2555e-08  1.4149e-08  3.0058e-08  1:35:45 4409

 Reversed flow on 37 faces (1.3% area) of pressure-outlet 21.
   592  3.0118e-06  1.1898e-08  1.4017e-08  2.9463e-08  1:35:42 4408

 Reversed flow on 37 faces (1.3% area) of pressure-outlet 21.
   593  2.8944e-06  1.1423e-08  1.3864e-08  2.8786e-08  1:35:37 4407

 Reversed flow on 37 faces (1.3% area) of pressure-outlet 21.
   594  2.8325e-06  1.1105e-08  1.3945e-08  2.7723e-08  1:35:33 4406

 Reversed flow on 37 faces (1.3% area) of pressure-outlet 21.

  iter  continuity  x-velocity  y-velocity  z-velocity     time/iter
   595  2.7756e-06  1.1016e-08  1.4093e-08  2.6425e-08  1:35:29 4405

 Reversed flow on 37 faces (1.3% area) of pressure-outlet 21.
   596  2.7532e-06  1.1160e-08  1.3946e-08  2.5776e-08  1:35:31 4404

 Reversed flow on 37 faces (1.3% area) of pressure-outlet 21.
   597  2.8015e-06  1.1310e-08  1.3646e-08  2.5741e-08  1:35:32 4403

 Reversed flow on 37 faces (1.3% area) of pressure-outlet 21.
   598  2.8435e-06  1.1328e-08  1.3260e-08  2.5911e-08  1:35:28 4402

 Reversed flow on 37 faces (1.3% area) of pressure-outlet 21.
   599  2.8892e-06  1.1262e-08  1.2844e-08  2.6342e-08  1:35:23 4401

 Reversed flow on 37 faces (1.3% area) of pressure-outlet 21.
   600  2.9429e-06  1.1159e-08  1.2418e-08  2.6816e-08  1:35:23 4400

 Reversed flow on 37 faces (1.3% area) of pressure-outlet 21.
   601  3.0103e-06  1.1027e-08  1.2370e-08  2.7076e-08  1:35:22 4399

 Reversed flow on 37 faces (1.3% area) of pressure-outlet 21.
   602  3.0243e-06  1.0894e-08  1.2963e-08  2.6481e-08  1:35:22 4398

 Reversed flow on 37 faces (1.3% area) of pressure-outlet 21.
   603  3.0207e-06  1.0697e-08  1.3525e-08  2.6568e-08  1:35:21 4397

 Reversed flow on 37 faces (1.3% area) of pressure-outlet 21.
   604  2.9957e-06  1.0583e-08  1.4057e-08  2.5887e-08  1:35:23 4396

 Reversed flow on 37 faces (1.3% area) of pressure-outlet 21.
   605  2.9750e-06  1.0477e-08  1.4398e-08  2.5550e-08  1:35:24 4395

 Reversed flow on 37 faces (1.3% area) of pressure-outlet 21.

  iter  continuity  x-velocity  y-velocity  z-velocity     time/iter
   606  2.9156e-06  1.0580e-08  1.4568e-08  2.6020e-08  1:35:24 4394

 Reversed flow on 37 faces (1.3% area) of pressure-outlet 21.
   607  2.8614e-06  1.0900e-08  1.4472e-08  2.6912e-08  1:35:24 4393

 Reversed flow on 37 faces (1.3% area) of pressure-outlet 21.
   608  2.8363e-06  1.1183e-08  1.4113e-08  2.7866e-08  1:35:21 4392

 Reversed flow on 37 faces (1.3% area) of pressure-outlet 21.
   609  2.8697e-06  1.1395e-08  1.3557e-08  2.8575e-08  1:35:16 4391

 Reversed flow on 37 faces (1.3% area) of pressure-outlet 21.
   610  2.9357e-06  1.1491e-08  1.3085e-08  2.9139e-08  1:35:16 4390

 Reversed flow on 37 faces (1.3% area) of pressure-outlet 21.
   611  3.0346e-06  1.1511e-08  1.2789e-08  2.9387e-08  1:35:13 4389

 Reversed flow on 37 faces (1.3% area) of pressure-outlet 21.
   612  3.1437e-06  1.1509e-08  1.3133e-08  2.9255e-08  1:35:21 4388

 Reversed flow on 37 faces (1.3% area) of pressure-outlet 21.
   613  3.2424e-06  1.1573e-08  1.3833e-08  2.8695e-08  1:35:16 4387

 Reversed flow on 37 faces (1.3% area) of pressure-outlet 21.
   614  3.3353e-06  1.1783e-08  1.4603e-08  2.8563e-08  1:35:13 4386

 Reversed flow on 37 faces (1.3% area) of pressure-outlet 21.
   615  3.4056e-06  1.2018e-08  1.5361e-08  2.8292e-08  1:35:08 4385

 Reversed flow on 37 faces (1.3% area) of pressure-outlet 21.
   616  3.4610e-06  1.2482e-08  1.5998e-08  2.8065e-08  1:35:05 4384

 Reversed flow on 37 faces (1.3% area) of pressure-outlet 21.

  iter  continuity  x-velocity  y-velocity  z-velocity     time/iter
   617  3.5110e-06  1.2944e-08  1.6259e-08  2.8790e-08  1:35:09 4383

 Reversed flow on 37 faces (1.3% area) of pressure-outlet 21.
   618  3.5319e-06  1.3193e-08  1.6176e-08  3.0098e-08  1:35:09 4382

 Reversed flow on 37 faces (1.3% area) of pressure-outlet 21.
   619  3.5041e-06  1.3318e-08  1.5782e-08  3.1107e-08  1:35:06 4381

 Reversed flow on 37 faces (1.3% area) of pressure-outlet 21.
   620  3.4335e-06  1.3216e-08  1.5120e-08  3.1734e-08  1:35:07 4380

 Reversed flow on 37 faces (1.3% area) of pressure-outlet 21.
   621  3.3046e-06  1.2947e-08  1.4259e-08  3.2319e-08  1:35:02 4379

 Reversed flow on 37 faces (1.3% area) of pressure-outlet 21.
   622  3.1553e-06  1.2521e-08  1.3679e-08  3.2263e-08  1:35:00 4378

 Reversed flow on 37 faces (1.3% area) of pressure-outlet 21.
   623  3.0529e-06  1.2103e-08  1.3616e-08  3.1630e-08  1:34:55 4377

 Reversed flow on 37 faces (1.3% area) of pressure-outlet 21.
   624  2.9993e-06  1.1791e-08  1.3855e-08  3.0699e-08  1:34:55 4376

 Reversed flow on 37 faces (1.3% area) of pressure-outlet 21.
   625  2.9504e-06  1.1552e-08  1.4257e-08  2.8995e-08  1:34:51 4375

 Reversed flow on 37 faces (1.3% area) of pressure-outlet 21.
   626  2.9680e-06  1.1368e-08  1.4335e-08  2.8081e-08  1:34:48 4374

 Reversed flow on 37 faces (1.3% area) of pressure-outlet 21.
   627  3.0222e-06  1.1535e-08  1.4381e-08  2.7712e-08  1:34:45 4373

 Reversed flow on 37 faces (1.3% area) of pressure-outlet 21.

  iter  continuity  x-velocity  y-velocity  z-velocity     time/iter
   628  3.1043e-06  1.1808e-08  1.4392e-08  2.8023e-08  1:34:45 4372

 Reversed flow on 37 faces (1.3% area) of pressure-outlet 21.
   629  3.1657e-06  1.1938e-08  1.4370e-08  2.8925e-08  1:34:43 4371

 Reversed flow on 37 faces (1.3% area) of pressure-outlet 21.
   630  3.2778e-06  1.1956e-08  1.4156e-08  2.9800e-08  1:34:47 4370

 Reversed flow on 37 faces (1.3% area) of pressure-outlet 21.
   631  3.3821e-06  1.1910e-08  1.3885e-08  3.0397e-08  1:34:46 4369

 Reversed flow on 37 faces (1.3% area) of pressure-outlet 21.
   632  3.4270e-06  1.1841e-08  1.3764e-08  3.0088e-08  1:34:42 4368

 Reversed flow on 37 faces (1.3% area) of pressure-outlet 21.
   633  3.4241e-06  1.1627e-08  1.4134e-08  3.0180e-08  1:34:38 4367

 Reversed flow on 37 faces (1.3% area) of pressure-outlet 21.
   634  3.3928e-06  1.1391e-08  1.4523e-08  2.9810e-08  1:34:36 4366

 Reversed flow on 37 faces (1.3% area) of pressure-outlet 21.
   635  3.3424e-06  1.1237e-08  1.4916e-08  2.9466e-08  1:34:35 4365

 Reversed flow on 37 faces (1.3% area) of pressure-outlet 21.
   636  3.2540e-06  1.1162e-08  1.5206e-08  2.9261e-08  1:34:33 4364

 Reversed flow on 37 faces (1.3% area) of pressure-outlet 21.
   637  3.1571e-06  1.1379e-08  1.5355e-08  2.9419e-08  1:34:31 4363

 Reversed flow on 37 faces (1.3% area) of pressure-outlet 21.
   638  3.1036e-06  1.1829e-08  1.5251e-08  2.9918e-08  1:34:29 4362

 Reversed flow on 37 faces (1.3% area) of pressure-outlet 21.

  iter  continuity  x-velocity  y-velocity  z-velocity     time/iter
   639  3.0474e-06  1.2285e-08  1.4971e-08  2.9986e-08  1:34:27 4361

 Reversed flow on 37 faces (1.3% area) of pressure-outlet 21.
   640  3.0305e-06  1.2572e-08  1.4603e-08  2.9924e-08  1:34:29 4360

 Reversed flow on 37 faces (1.3% area) of pressure-outlet 21.
   641  3.0924e-06  1.2604e-08  1.4002e-08  2.9865e-08  1:34:25 4359

 Reversed flow on 37 faces (1.3% area) of pressure-outlet 21.
   642  3.1626e-06  1.2518e-08  1.3397e-08  2.9694e-08  1:34:27 4358

 Reversed flow on 37 faces (1.3% area) of pressure-outlet 21.
   643  3.2153e-06  1.2374e-08  1.3468e-08  2.9111e-08  1:34:23 4357

 Reversed flow on 37 faces (1.3% area) of pressure-outlet 21.
   644  3.2419e-06  1.2177e-08  1.4020e-08  2.8582e-08  1:34:21 4356

 Reversed flow on 37 faces (1.3% area) of pressure-outlet 21.
   645  3.2452e-06  1.2069e-08  1.4647e-08  2.7919e-08  1:34:20 4355

 Reversed flow on 37 faces (1.3% area) of pressure-outlet 21.
   646  3.2405e-06  1.2030e-08  1.5241e-08  2.6704e-08  1:34:17 4354

 Reversed flow on 37 faces (1.3% area) of pressure-outlet 21.
   647  3.2573e-06  1.1914e-08  1.5475e-08  2.6652e-08  1:34:16 4353

 Reversed flow on 37 faces (1.3% area) of pressure-outlet 21.
   648  3.2391e-06  1.2025e-08  1.5511e-08  2.7127e-08  1:34:16 4352

 Reversed flow on 37 faces (1.3% area) of pressure-outlet 21.
   649  3.2033e-06  1.2175e-08  1.5329e-08  2.7703e-08  1:34:14 4351

 Reversed flow on 37 faces (1.3% area) of pressure-outlet 21.

  iter  continuity  x-velocity  y-velocity  z-velocity     time/iter
   650  3.1025e-06  1.2122e-08  1.4901e-08  2.8233e-08  1:34:13 4350

 Reversed flow on 37 faces (1.3% area) of pressure-outlet 21.
   651  2.9855e-06  1.1824e-08  1.4106e-08  2.8756e-08  1:34:12 4349

 Reversed flow on 37 faces (1.3% area) of pressure-outlet 21.
   652  2.8448e-06  1.1386e-08  1.3121e-08  2.8868e-08  1:34:09 4348

 Reversed flow on 37 faces (1.3% area) of pressure-outlet 21.
   653  2.7660e-06  1.0987e-08  1.2370e-08  2.8623e-08  1:34:09 4347

 Reversed flow on 37 faces (1.3% area) of pressure-outlet 21.
   654  2.7114e-06  1.0637e-08  1.2460e-08  2.7890e-08  1:34:12 4346

 Reversed flow on 37 faces (1.3% area) of pressure-outlet 21.
   655  2.6641e-06  1.0259e-08  1.2747e-08  2.6729e-08  1:34:12 4345

 Reversed flow on 37 faces (1.3% area) of pressure-outlet 21.
   656  2.6772e-06  1.0015e-08  1.2924e-08  2.5854e-08  1:34:09 4344

 Reversed flow on 37 faces (1.3% area) of pressure-outlet 21.
   657  2.7360e-06  1.0020e-08  1.3240e-08  2.5102e-08  1:34:11 4343

 Reversed flow on 37 faces (1.3% area) of pressure-outlet 21.
   658  2.8032e-06  1.0317e-08  1.3655e-08  2.5123e-08  1:34:07 4342

 Reversed flow on 37 faces (1.3% area) of pressure-outlet 21.
   659  2.8860e-06  1.0735e-08  1.4053e-08  2.6013e-08  1:34:06 4341

 Reversed flow on 37 faces (1.3% area) of pressure-outlet 21.
   660  3.0106e-06  1.1086e-08  1.4224e-08  2.7214e-08  1:34:02 4340

 Reversed flow on 37 faces (1.3% area) of pressure-outlet 21.

  iter  continuity  x-velocity  y-velocity  z-velocity     time/iter
   661  3.1830e-06  1.1397e-08  1.4207e-08  2.8140e-08  1:34:02 4339

 Reversed flow on 37 faces (1.3% area) of pressure-outlet 21.
   662  3.3070e-06  1.1683e-08  1.4010e-08  2.8405e-08  1:33:58 4338

 Reversed flow on 37 faces (1.3% area) of pressure-outlet 21.
   663  3.3741e-06  1.1812e-08  1.3746e-08  2.9123e-08  1:33:58 4337

 Reversed flow on 37 faces (1.3% area) of pressure-outlet 21.
   664  3.3888e-06  1.1827e-08  1.3944e-08  2.9253e-08  1:34:04 4336

 Reversed flow on 37 faces (1.3% area) of pressure-outlet 21.
   665  3.3455e-06  1.1778e-08  1.4485e-08  2.8745e-08  1:34:01 4335

 Reversed flow on 37 faces (1.3% area) of pressure-outlet 21.
   666  3.2477e-06  1.1809e-08  1.4946e-08  2.8386e-08  1:33:58 4334

 Reversed flow on 37 faces (1.3% area) of pressure-outlet 21.
   667  3.1257e-06  1.1801e-08  1.5196e-08  2.7772e-08  1:33:58 4333

 Reversed flow on 37 faces (1.3% area) of pressure-outlet 21.
   668  3.0428e-06  1.1837e-08  1.5132e-08  2.8031e-08  1:33:55 4332

 Reversed flow on 37 faces (1.3% area) of pressure-outlet 21.
   669  2.9827e-06  1.2148e-08  1.4915e-08  2.8401e-08  1:33:52 4331

 Reversed flow on 37 faces (1.3% area) of pressure-outlet 21.
   670  2.9873e-06  1.2412e-08  1.4694e-08  2.9209e-08  1:33:52 4330

 Reversed flow on 37 faces (1.3% area) of pressure-outlet 21.
   671  3.0387e-06  1.2443e-08  1.4244e-08  2.9929e-08  1:33:50 4329

 Reversed flow on 37 faces (1.3% area) of pressure-outlet 21.

  iter  continuity  x-velocity  y-velocity  z-velocity     time/iter
   672  3.1439e-06  1.2328e-08  1.3628e-08  3.0301e-08  1:33:48 4328

 Reversed flow on 37 faces (1.3% area) of pressure-outlet 21.
   673  3.2264e-06  1.2220e-08  1.3099e-08  3.0338e-08  1:33:50 4327

 Reversed flow on 37 faces (1.3% area) of pressure-outlet 21.
   674  3.2798e-06  1.2054e-08  1.2969e-08  3.0368e-08  1:33:51 4326

 Reversed flow on 37 faces (1.3% area) of pressure-outlet 21.
   675  3.2907e-06  1.1836e-08  1.3446e-08  2.9881e-08  1:33:48 4325

 Reversed flow on 37 faces (1.3% area) of pressure-outlet 21.
   676  3.2987e-06  1.1655e-08  1.4007e-08  2.9172e-08  1:33:49 4324

 Reversed flow on 37 faces (1.3% area) of pressure-outlet 21.
   677  3.3363e-06  1.1449e-08  1.4500e-08  2.9017e-08  1:33:47 4323

 Reversed flow on 37 faces (1.3% area) of pressure-outlet 21.
   678  3.3499e-06  1.1385e-08  1.4965e-08  2.8927e-08  1:33:44 4322

 Reversed flow on 37 faces (1.3% area) of pressure-outlet 21.
   679  3.3252e-06  1.1647e-08  1.5341e-08  2.8996e-08  1:33:41 4321

 Reversed flow on 37 faces (1.3% area) of pressure-outlet 21.
   680  3.2628e-06  1.1895e-08  1.5484e-08  2.9521e-08  1:33:38 4320

 Reversed flow on 37 faces (1.3% area) of pressure-outlet 21.
   681  3.1650e-06  1.1904e-08  1.5190e-08  3.0391e-08  1:33:38 4319

 Reversed flow on 37 faces (1.3% area) of pressure-outlet 21.
   682  3.0902e-06  1.1780e-08  1.4498e-08  3.0915e-08  1:33:32 4318

 Reversed flow on 37 faces (1.3% area) of pressure-outlet 21.

  iter  continuity  x-velocity  y-velocity  z-velocity     time/iter
   683  3.0679e-06  1.1689e-08  1.3633e-08  3.1129e-08  1:33:32 4317

 Reversed flow on 37 faces (1.3% area) of pressure-outlet 21.
   684  3.0556e-06  1.1584e-08  1.3061e-08  3.0732e-08  1:33:29 4316

 Reversed flow on 37 faces (1.3% area) of pressure-outlet 21.
   685  3.0306e-06  1.1353e-08  1.3170e-08  2.9921e-08  1:33:26 4315

 Reversed flow on 37 faces (1.3% area) of pressure-outlet 21.
   686  3.0310e-06  1.1141e-08  1.3388e-08  2.8947e-08  1:33:22 4314

 Reversed flow on 37 faces (1.3% area) of pressure-outlet 21.
   687  3.0614e-06  1.1144e-08  1.3810e-08  2.8126e-08  1:33:22 4313

 Reversed flow on 37 faces (1.3% area) of pressure-outlet 21.
   688  3.0999e-06  1.1125e-08  1.4284e-08  2.7489e-08  1:33:20 4312

 Reversed flow on 37 faces (1.3% area) of pressure-outlet 21.
   689  3.1598e-06  1.1243e-08  1.4784e-08  2.8111e-08  1:33:20 4311

 Reversed flow on 37 faces (1.3% area) of pressure-outlet 21.
   690  3.2624e-06  1.1808e-08  1.5149e-08  2.8830e-08  1:33:17 4310

 Reversed flow on 37 faces (1.3% area) of pressure-outlet 21.
   691  3.3619e-06  1.2458e-08  1.5439e-08  2.9266e-08  1:33:16 4309

 Reversed flow on 37 faces (1.3% area) of pressure-outlet 21.
   692  3.3985e-06  1.2918e-08  1.5466e-08  2.9208e-08  1:33:14 4308

 Reversed flow on 37 faces (1.3% area) of pressure-outlet 21.
   693  3.4328e-06  1.2988e-08  1.5077e-08  2.9723e-08  1:33:11 4307

 Reversed flow on 37 faces (1.3% area) of pressure-outlet 21.

  iter  continuity  x-velocity  y-velocity  z-velocity     time/iter
   694  3.4078e-06  1.2849e-08  1.4455e-08  2.9827e-08  1:33:10 4306

 Reversed flow on 37 faces (1.3% area) of pressure-outlet 21.
   695  3.3208e-06  1.2509e-08  1.4175e-08  2.9353e-08  1:33:08 4305

 Reversed flow on 37 faces (1.3% area) of pressure-outlet 21.
   696  3.1703e-06  1.2047e-08  1.4259e-08  2.8872e-08  1:33:09 4304

 Reversed flow on 37 faces (1.3% area) of pressure-outlet 21.
   697  3.0001e-06  1.1629e-08  1.4292e-08  2.8288e-08  1:33:07 4303

 Reversed flow on 37 faces (1.3% area) of pressure-outlet 21.
   698  2.8750e-06  1.1329e-08  1.4276e-08  2.7770e-08  1:33:05 4302

 Reversed flow on 37 faces (1.3% area) of pressure-outlet 21.
   699  2.7833e-06  1.1214e-08  1.4281e-08  2.7017e-08  1:33:04 4301

 Reversed flow on 37 faces (1.3% area) of pressure-outlet 21.
   700  2.7563e-06  1.1348e-08  1.4416e-08  2.6945e-08  1:33:03 4300

 Reversed flow on 37 faces (1.3% area) of pressure-outlet 21.
   701  2.8093e-06  1.1444e-08  1.4358e-08  2.7123e-08  1:33:03 4299

 Reversed flow on 37 faces (1.3% area) of pressure-outlet 21.
   702  2.8943e-06  1.1489e-08  1.4095e-08  2.7342e-08  1:33:03 4298

 Reversed flow on 37 faces (1.3% area) of pressure-outlet 21.
   703  3.0109e-06  1.1526e-08  1.3756e-08  2.7462e-08  1:33:04 4297

 Reversed flow on 37 faces (1.3% area) of pressure-outlet 21.
   704  3.0948e-06  1.1534e-08  1.3385e-08  2.7818e-08  1:33:03 4296

 Reversed flow on 37 faces (1.3% area) of pressure-outlet 21.

  iter  continuity  x-velocity  y-velocity  z-velocity     time/iter
   705  3.1382e-06  1.1447e-08  1.3164e-08  2.7905e-08  1:32:59 4295

 Reversed flow on 37 faces (1.3% area) of pressure-outlet 21.
   706  3.1569e-06  1.1356e-08  1.3588e-08  2.7727e-08  1:33:01 4294

 Reversed flow on 37 faces (1.3% area) of pressure-outlet 21.
   707  3.1815e-06  1.1081e-08  1.4070e-08  2.7686e-08  1:33:06 4293

 Reversed flow on 37 faces (1.3% area) of pressure-outlet 21.
   708  3.1737e-06  1.0934e-08  1.4616e-08  2.7694e-08  1:33:02 4292

 Reversed flow on 37 faces (1.3% area) of pressure-outlet 21.
   709  3.1411e-06  1.0812e-08  1.5013e-08  2.7272e-08  1:32:59 4291

 Reversed flow on 37 faces (1.3% area) of pressure-outlet 21.
   710  3.0603e-06  1.0780e-08  1.5230e-08  2.7851e-08  1:33:01 4290

 Reversed flow on 37 faces (1.3% area) of pressure-outlet 21.
   711  2.9653e-06  1.0973e-08  1.5094e-08  2.8427e-08  1:33:00 4289

 Reversed flow on 37 faces (1.3% area) of pressure-outlet 21.
   712  2.8968e-06  1.1145e-08  1.4658e-08  2.9240e-08  1:32:58 4288

 Reversed flow on 37 faces (1.3% area) of pressure-outlet 21.
   713  2.9233e-06  1.1311e-08  1.4046e-08  2.9762e-08  1:32:58 4287

 Reversed flow on 37 faces (1.3% area) of pressure-outlet 21.
   714  2.9712e-06  1.1443e-08  1.3490e-08  2.9629e-08  1:32:56 4286

 Reversed flow on 37 faces (1.3% area) of pressure-outlet 21.
   715  2.9981e-06  1.1507e-08  1.2996e-08  2.9202e-08  1:32:53 4285

 Reversed flow on 37 faces (1.3% area) of pressure-outlet 21.

  iter  continuity  x-velocity  y-velocity  z-velocity     time/iter
   716  3.0325e-06  1.1512e-08  1.2814e-08  2.8558e-08  1:32:49 4284

 Reversed flow on 37 faces (1.3% area) of pressure-outlet 21.
   717  3.0849e-06  1.1581e-08  1.3220e-08  2.7757e-08  1:32:47 4283

 Reversed flow on 37 faces (1.3% area) of pressure-outlet 21.
   718  3.1236e-06  1.1621e-08  1.3776e-08  2.7250e-08  1:32:42 4282

 Reversed flow on 37 faces (1.3% area) of pressure-outlet 21.
   719  3.1682e-06  1.1702e-08  1.4443e-08  2.7167e-08  1:32:40 4281

 Reversed flow on 37 faces (1.3% area) of pressure-outlet 21.
   720  3.2338e-06  1.1935e-08  1.5021e-08  2.7274e-08  1:32:38 4280

 Reversed flow on 37 faces (1.3% area) of pressure-outlet 21.
   721  3.3140e-06  1.2383e-08  1.5502e-08  2.7844e-08  1:32:35 4279

 Reversed flow on 37 faces (1.3% area) of pressure-outlet 21.
   722  3.3676e-06  1.2749e-08  1.5692e-08  2.8553e-08  1:32:31 4278

 Reversed flow on 37 faces (1.3% area) of pressure-outlet 21.
   723  3.3786e-06  1.2841e-08  1.5478e-08  2.9748e-08  1:32:31 4277

 Reversed flow on 37 faces (1.3% area) of pressure-outlet 21.
   724  3.3992e-06  1.2760e-08  1.4887e-08  3.0438e-08  1:32:31 4276

 Reversed flow on 37 faces (1.3% area) of pressure-outlet 21.
   725  3.3523e-06  1.2564e-08  1.4168e-08  3.0655e-08  1:32:33 4275

 Reversed flow on 37 faces (1.3% area) of pressure-outlet 21.
   726  3.2400e-06  1.2226e-08  1.3493e-08  3.0923e-08  1:32:38 4274

 Reversed flow on 37 faces (1.3% area) of pressure-outlet 21.

  iter  continuity  x-velocity  y-velocity  z-velocity     time/iter
   727  3.0815e-06  1.1808e-08  1.3446e-08  3.0655e-08  1:32:40 4273

 Reversed flow on 37 faces (1.3% area) of pressure-outlet 21.
   728  2.9561e-06  1.1404e-08  1.3503e-08  3.0179e-08  1:32:34 4272

 Reversed flow on 37 faces (1.3% area) of pressure-outlet 21.
   729  2.8752e-06  1.1193e-08  1.3724e-08  2.9310e-08  1:32:32 4271

 Reversed flow on 37 faces (1.3% area) of pressure-outlet 21.
   730  2.8761e-06  1.1003e-08  1.4070e-08  2.8505e-08  1:32:27 4270

 Reversed flow on 37 faces (1.3% area) of pressure-outlet 21.
   731  2.9384e-06  1.0970e-08  1.4284e-08  2.8359e-08  1:32:23 4269

 Reversed flow on 37 faces (1.3% area) of pressure-outlet 21.
   732  3.0470e-06  1.1293e-08  1.4375e-08  2.8136e-08  1:32:22 4268

 Reversed flow on 37 faces (1.3% area) of pressure-outlet 21.
   733  3.1595e-06  1.1610e-08  1.4441e-08  2.8453e-08  1:37:24 4267

 Reversed flow on 37 faces (1.3% area) of pressure-outlet 21.
   734  3.2660e-06  1.1803e-08  1.4326e-08  2.8966e-08  1:36:22 4266

 Reversed flow on 37 faces (1.3% area) of pressure-outlet 21.
   735  3.3364e-06  1.1817e-08  1.4052e-08  2.9171e-08  1:35:32 4265

 Reversed flow on 37 faces (1.3% area) of pressure-outlet 21.
   736  3.3741e-06  1.1844e-08  1.3743e-08  2.9047e-08  1:34:54 4264

 Reversed flow on 37 faces (1.3% area) of pressure-outlet 21.
   737  3.3969e-06  1.1606e-08  1.3763e-08  2.9232e-08  1:34:21 4263

 Reversed flow on 37 faces (1.3% area) of pressure-outlet 21.

  iter  continuity  x-velocity  y-velocity  z-velocity     time/iter
   738  3.3786e-06  1.1354e-08  1.4148e-08  2.9318e-08  1:33:56 4262

 Reversed flow on 37 faces (1.3% area) of pressure-outlet 21.
   739  3.3195e-06  1.1187e-08  1.4524e-08  2.9178e-08  1:33:34 4261

 Reversed flow on 37 faces (1.3% area) of pressure-outlet 21.
   740  3.2187e-06  1.1055e-08  1.4910e-08  2.9230e-08  1:33:17 4260

 Reversed flow on 37 faces (1.3% area) of pressure-outlet 21.
   741  3.1077e-06  1.1061e-08  1.5079e-08  2.9136e-08  1:33:00 4259

 Reversed flow on 37 faces (1.3% area) of pressure-outlet 21.
   742  3.0202e-06  1.1372e-08  1.5035e-08  2.9606e-08  1:32:47 4258

 Reversed flow on 37 faces (1.3% area) of pressure-outlet 21.
   743  3.0001e-06  1.1826e-08  1.4843e-08  2.9701e-08  1:32:37 4257

 Reversed flow on 37 faces (1.3% area) of pressure-outlet 21.
   744  2.9755e-06  1.2140e-08  1.4582e-08  2.9257e-08  1:32:29 4256

 Reversed flow on 37 faces (1.3% area) of pressure-outlet 21.
   745  2.9962e-06  1.2184e-08  1.4020e-08  2.8892e-08  1:32:23 4255

 Reversed flow on 37 faces (1.3% area) of pressure-outlet 21.
   746  3.0111e-06  1.2091e-08  1.3115e-08  2.8511e-08  1:32:18 4254

 Reversed flow on 37 faces (1.3% area) of pressure-outlet 21.
   747  3.0346e-06  1.1917e-08  1.2597e-08  2.7977e-08  1:32:19 4253

 Reversed flow on 37 faces (1.3% area) of pressure-outlet 21.
   748  3.0129e-06  1.1576e-08  1.2858e-08  2.7469e-08  1:32:19 4252

 Reversed flow on 37 faces (1.3% area) of pressure-outlet 21.

  iter  continuity  x-velocity  y-velocity  z-velocity     time/iter
   749  3.0011e-06  1.1315e-08  1.3368e-08  2.7089e-08  1:32:19 4251

 Reversed flow on 37 faces (1.3% area) of pressure-outlet 21.
   750  3.0012e-06  1.1205e-08  1.3961e-08  2.6480e-08  1:32:17 4250

 Reversed flow on 37 faces (1.3% area) of pressure-outlet 21.
   751  3.0448e-06  1.1163e-08  1.4462e-08  2.5702e-08  1:32:12 4249

 Reversed flow on 37 faces (1.3% area) of pressure-outlet 21.
   752  3.0575e-06  1.1271e-08  1.4785e-08  2.5729e-08  1:32:10 4248

 Reversed flow on 37 faces (1.3% area) of pressure-outlet 21.
   753  3.0657e-06  1.1490e-08  1.4822e-08  2.6061e-08  1:32:04 4247

 Reversed flow on 37 faces (1.3% area) of pressure-outlet 21.
   754  3.0492e-06  1.1636e-08  1.4566e-08  2.6469e-08  1:32:02 4246

 Reversed flow on 37 faces (1.3% area) of pressure-outlet 21.
   755  3.0125e-06  1.1574e-08  1.4091e-08  2.6574e-08  1:32:01 4245

 Reversed flow on 37 faces (1.3% area) of pressure-outlet 21.
   756  2.9220e-06  1.1337e-08  1.3387e-08  2.6993e-08  1:32:12 4244

 Reversed flow on 37 faces (1.3% area) of pressure-outlet 21.
   757  2.7988e-06  1.1083e-08  1.2655e-08  2.7191e-08  1:32:11 4243

 Reversed flow on 37 faces (1.3% area) of pressure-outlet 21.
   758  2.6921e-06  1.0789e-08  1.2410e-08  2.7233e-08  1:34:02 4242

 Reversed flow on 37 faces (1.3% area) of pressure-outlet 21.
   759  2.6284e-06  1.0446e-08  1.2553e-08  2.6936e-08  1:33:37 4241

 Reversed flow on 37 faces (1.3% area) of pressure-outlet 21.

  iter  continuity  x-velocity  y-velocity  z-velocity     time/iter
   760  2.6436e-06  1.0162e-08  1.2959e-08  2.6807e-08  1:33:11 4240

 Reversed flow on 37 faces (1.3% area) of pressure-outlet 21.
   761  2.7206e-06  9.9708e-09  1.3416e-08  2.6533e-08  1:32:54 4239

 Reversed flow on 37 faces (1.3% area) of pressure-outlet 21.
   762  2.8412e-06  1.0151e-08  1.3911e-08  2.6225e-08  1:32:38 4238

 Reversed flow on 37 faces (1.3% area) of pressure-outlet 21.
   763  2.9716e-06  1.0650e-08  1.4440e-08  2.6642e-08  1:32:24 4237

 Reversed flow on 37 faces (1.3% area) of pressure-outlet 21.
   764  3.1274e-06  1.1176e-08  1.4793e-08  2.7731e-08  1:32:20 4236

 Reversed flow on 37 faces (1.3% area) of pressure-outlet 21.
   765  3.2601e-06  1.1581e-08  1.4939e-08  2.8558e-08  1:32:15 4235

 Reversed flow on 37 faces (1.3% area) of pressure-outlet 21.
   766  3.4022e-06  1.2018e-08  1.4832e-08  2.9067e-08  1:32:22 4234

 Reversed flow on 37 faces (1.3% area) of pressure-outlet 21.
   767  3.5046e-06  1.2204e-08  1.4470e-08  3.0027e-08  1:32:12 4233

 Reversed flow on 37 faces (1.3% area) of pressure-outlet 21.
   768  3.5403e-06  1.2305e-08  1.4443e-08  3.0665e-08  1:32:04 4232

 Reversed flow on 37 faces (1.3% area) of pressure-outlet 21.
   769  3.4910e-06  1.2336e-08  1.4911e-08  3.0476e-08  1:31:55 4231

 Reversed flow on 37 faces (1.3% area) of pressure-outlet 21.
   770  3.3773e-06  1.2325e-08  1.5375e-08  3.0270e-08  1:31:48 4230

 Reversed flow on 37 faces (1.3% area) of pressure-outlet 21.

  iter  continuity  x-velocity  y-velocity  z-velocity     time/iter
   771  3.2163e-06  1.2231e-08  1.5604e-08  2.9463e-08  1:31:44 4229

 Reversed flow on 37 faces (1.3% area) of pressure-outlet 21.
   772  3.0901e-06  1.2100e-08  1.5459e-08  2.9114e-08  1:31:47 4228

 Reversed flow on 37 faces (1.3% area) of pressure-outlet 21.
   773  3.0354e-06  1.2193e-08  1.5206e-08  2.9367e-08  1:31:45 4227

 Reversed flow on 37 faces (1.3% area) of pressure-outlet 21.
   774  3.0059e-06  1.2457e-08  1.4986e-08  2.9184e-08  1:31:42 4226

 Reversed flow on 37 faces (1.3% area) of pressure-outlet 21.
   775  2.9867e-06  1.2555e-08  1.4544e-08  2.9286e-08  1:31:35 4225

 Reversed flow on 37 faces (1.3% area) of pressure-outlet 21.
   776  3.0296e-06  1.2502e-08  1.3730e-08  2.9283e-08  1:31:32 4224

 Reversed flow on 37 faces (1.3% area) of pressure-outlet 21.
   777  3.0879e-06  1.2381e-08  1.3002e-08  2.9235e-08  1:31:28 4223

 Reversed flow on 37 faces (1.3% area) of pressure-outlet 21.
   778  3.1038e-06  1.2092e-08  1.2524e-08  2.9349e-08  1:31:26 4222

 Reversed flow on 37 faces (1.3% area) of pressure-outlet 21.
   779  3.1130e-06  1.1780e-08  1.2788e-08  2.9342e-08  1:31:29 4221

 Reversed flow on 37 faces (1.3% area) of pressure-outlet 21.
   780  3.1497e-06  1.1427e-08  1.3345e-08  2.9356e-08  1:31:26 4220

 Reversed flow on 37 faces (1.3% area) of pressure-outlet 21.
   781  3.2251e-06  1.1245e-08  1.4030e-08  2.8903e-08  1:31:22 4219

 Reversed flow on 37 faces (1.3% area) of pressure-outlet 21.

  iter  continuity  x-velocity  y-velocity  z-velocity     time/iter
   782  3.2759e-06  1.1144e-08  1.4689e-08  2.8674e-08  1:31:21 4218

 Reversed flow on 37 faces (1.3% area) of pressure-outlet 21.
   783  3.3051e-06  1.1246e-08  1.5167e-08  2.8569e-08  1:31:21 4217

 Reversed flow on 37 faces (1.3% area) of pressure-outlet 21.
   784  3.3037e-06  1.1527e-08  1.5379e-08  2.8817e-08  1:31:17 4216

 Reversed flow on 37 faces (1.3% area) of pressure-outlet 21.
   785  3.2775e-06  1.1634e-08  1.5330e-08  2.9232e-08  1:31:16 4215

 Reversed flow on 37 faces (1.3% area) of pressure-outlet 21.
   786  3.2077e-06  1.1596e-08  1.4891e-08  2.9983e-08  1:31:14 4214

 Reversed flow on 37 faces (1.3% area) of pressure-outlet 21.
   787  3.1261e-06  1.1533e-08  1.4125e-08  3.0352e-08  1:31:14 4213

 Reversed flow on 37 faces (1.3% area) of pressure-outlet 21.
   788  3.0434e-06  1.1428e-08  1.3259e-08  3.0489e-08  1:31:12 4212

 Reversed flow on 37 faces (1.3% area) of pressure-outlet 21.
   789  2.9893e-06  1.1291e-08  1.2916e-08  3.0333e-08  1:31:11 4211

 Reversed flow on 37 faces (1.3% area) of pressure-outlet 21.
   790  2.9840e-06  1.1113e-08  1.3302e-08  2.9944e-08  1:31:07 4210

 Reversed flow on 37 faces (1.3% area) of pressure-outlet 21.
   791  3.0305e-06  1.1008e-08  1.3792e-08  2.9394e-08  1:31:06 4209

 Reversed flow on 37 faces (1.3% area) of pressure-outlet 21.
   792  3.1053e-06  1.1093e-08  1.4366e-08  2.8310e-08  1:31:04 4208

 Reversed flow on 37 faces (1.3% area) of pressure-outlet 21.

  iter  continuity  x-velocity  y-velocity  z-velocity     time/iter
   793  3.2141e-06  1.1316e-08  1.4936e-08  2.8058e-08  1:31:04 4207

 Reversed flow on 37 faces (1.3% area) of pressure-outlet 21.
   794  3.3118e-06  1.1877e-08  1.5401e-08  2.8413e-08  1:31:02 4206

 Reversed flow on 37 faces (1.3% area) of pressure-outlet 21.
   795  3.3588e-06  1.2580e-08  1.5742e-08  2.8263e-08  1:31:04 4205

 Reversed flow on 37 faces (1.3% area) of pressure-outlet 21.
   796  3.3917e-06  1.3113e-08  1.5756e-08  2.8208e-08  1:31:04 4204

 Reversed flow on 37 faces (1.3% area) of pressure-outlet 21.
   797  3.4545e-06  1.3143e-08  1.5250e-08  2.9044e-08  1:31:05 4203

 Reversed flow on 37 faces (1.3% area) of pressure-outlet 21.
   798  3.4399e-06  1.2985e-08  1.4635e-08  2.9589e-08  1:30:59 4202

 Reversed flow on 37 faces (1.3% area) of pressure-outlet 21.
   799  3.3444e-06  1.2639e-08  1.4052e-08  2.9501e-08  1:30:58 4201

 Reversed flow on 37 faces (1.3% area) of pressure-outlet 21.
   800  3.1706e-06  1.2143e-08  1.4053e-08  2.9266e-08  1:30:56 4200

 Reversed flow on 37 faces (1.3% area) of pressure-outlet 21.
   801  2.9747e-06  1.1499e-08  1.3982e-08  2.8652e-08  1:30:56 4199

 Reversed flow on 37 faces (1.3% area) of pressure-outlet 21.
   802  2.8134e-06  1.0996e-08  1.3831e-08  2.8105e-08  1:31:00 4198

 Reversed flow on 37 faces (1.3% area) of pressure-outlet 21.
   803  2.7438e-06  1.0694e-08  1.3786e-08  2.7340e-08  1:30:59 4197

 Reversed flow on 37 faces (1.3% area) of pressure-outlet 21.

  iter  continuity  x-velocity  y-velocity  z-velocity     time/iter
   804  2.6947e-06  1.0737e-08  1.3911e-08  2.6318e-08  1:30:56 4196

 Reversed flow on 37 faces (1.3% area) of pressure-outlet 21.
   805  2.6747e-06  1.0858e-08  1.3833e-08  2.5765e-08  1:30:59 4195

 Reversed flow on 37 faces (1.3% area) of pressure-outlet 21.
   806  2.6972e-06  1.0961e-08  1.3393e-08  2.5621e-08  1:30:56 4194

 Reversed flow on 37 faces (1.3% area) of pressure-outlet 21.
   807  2.7663e-06  1.1013e-08  1.2919e-08  2.5517e-08  1:30:51 4193

 Reversed flow on 37 faces (1.3% area) of pressure-outlet 21.
   808  2.8070e-06  1.0899e-08  1.2399e-08  2.5791e-08  1:30:48 4192

 Reversed flow on 37 faces (1.3% area) of pressure-outlet 21.
   809  2.8425e-06  1.0784e-08  1.1993e-08  2.6221e-08  1:30:46 4191

 Reversed flow on 37 faces (1.3% area) of pressure-outlet 21.
   810  2.8940e-06  1.0620e-08  1.2174e-08  2.6696e-08  1:30:53 4190

 Reversed flow on 37 faces (1.3% area) of pressure-outlet 21.
   811  2.9436e-06  1.0441e-08  1.2830e-08  2.6136e-08  1:30:58 4189

 Reversed flow on 37 faces (1.3% area) of pressure-outlet 21.
   812  2.9695e-06  1.0316e-08  1.3511e-08  2.6073e-08  1:30:53 4188

 Reversed flow on 37 faces (1.3% area) of pressure-outlet 21.
   813  2.9756e-06  1.0208e-08  1.4079e-08  2.5547e-08  1:30:51 4187

 Reversed flow on 37 faces (1.3% area) of pressure-outlet 21.
   814  2.9779e-06  1.0218e-08  1.4393e-08  2.5630e-08  1:30:49 4186

 Reversed flow on 37 faces (1.3% area) of pressure-outlet 21.

  iter  continuity  x-velocity  y-velocity  z-velocity     time/iter
   815  2.9473e-06  1.0465e-08  1.4576e-08  2.5747e-08  1:30:44 4185

 Reversed flow on 37 faces (1.3% area) of pressure-outlet 21.
   816  2.9176e-06  1.0806e-08  1.4487e-08  2.6895e-08  1:30:41 4184

 Reversed flow on 37 faces (1.3% area) of pressure-outlet 21.
   817  2.8862e-06  1.1101e-08  1.4116e-08  2.7835e-08  1:30:38 4183

 Reversed flow on 37 faces (1.3% area) of pressure-outlet 21.
   818  2.8988e-06  1.1278e-08  1.3498e-08  2.8556e-08  1:30:34 4182

 Reversed flow on 37 faces (1.3% area) of pressure-outlet 21.
   819  2.9264e-06  1.1402e-08  1.2925e-08  2.9092e-08  1:30:30 4181

 Reversed flow on 37 faces (1.3% area) of pressure-outlet 21.
   820  2.9850e-06  1.1388e-08  1.2777e-08  2.9379e-08  1:30:31 4180

 Reversed flow on 37 faces (1.3% area) of pressure-outlet 21.
   821  3.0598e-06  1.1359e-08  1.3226e-08  2.9035e-08  1:30:30 4179

 Reversed flow on 37 faces (1.3% area) of pressure-outlet 21.
   822  3.1524e-06  1.1400e-08  1.3786e-08  2.8339e-08  1:30:29 4178

 Reversed flow on 37 faces (1.3% area) of pressure-outlet 21.
   823  3.2482e-06  1.1533e-08  1.4470e-08  2.7999e-08  1:30:27 4177

 Reversed flow on 37 faces (1.3% area) of pressure-outlet 21.
   824  3.3161e-06  1.1774e-08  1.5126e-08  2.7865e-08  1:30:25 4176

 Reversed flow on 37 faces (1.3% area) of pressure-outlet 21.
   825  3.3595e-06  1.2212e-08  1.5690e-08  2.8067e-08  1:30:24 4175

 Reversed flow on 37 faces (1.3% area) of pressure-outlet 21.

  iter  continuity  x-velocity  y-velocity  z-velocity     time/iter
   826  3.4064e-06  1.2701e-08  1.5967e-08  2.8508e-08  1:30:20 4174

 Reversed flow on 37 faces (1.3% area) of pressure-outlet 21.
   827  3.4461e-06  1.2873e-08  1.5774e-08  2.9993e-08  1:30:18 4173

 Reversed flow on 37 faces (1.3% area) of pressure-outlet 21.
   828  3.4717e-06  1.2925e-08  1.5357e-08  3.1022e-08  1:30:15 4172

 Reversed flow on 37 faces (1.3% area) of pressure-outlet 21.
   829  3.4286e-06  1.2849e-08  1.4659e-08  3.1437e-08  1:30:17 4171

 Reversed flow on 37 faces (1.3% area) of pressure-outlet 21.
   830  3.3015e-06  1.2585e-08  1.3967e-08  3.1876e-08  1:30:15 4170

 Reversed flow on 37 faces (1.3% area) of pressure-outlet 21.
   831  3.1355e-06  1.2117e-08  1.3669e-08  3.1668e-08  1:30:15 4169

 Reversed flow on 37 faces (1.3% area) of pressure-outlet 21.
   832  2.9918e-06  1.1629e-08  1.3650e-08  3.1142e-08  1:30:10 4168

 Reversed flow on 37 faces (1.3% area) of pressure-outlet 21.
   833  2.9462e-06  1.1350e-08  1.3867e-08  3.0358e-08  1:30:11 4167

 Reversed flow on 37 faces (1.3% area) of pressure-outlet 21.
   834  2.9190e-06  1.1148e-08  1.4249e-08  2.8807e-08  1:30:09 4166

 Reversed flow on 37 faces (1.3% area) of pressure-outlet 21.
   835  2.9274e-06  1.1030e-08  1.4414e-08  2.8035e-08  1:30:09 4165

 Reversed flow on 37 faces (1.3% area) of pressure-outlet 21.
   836  2.9658e-06  1.1290e-08  1.4323e-08  2.7577e-08  1:30:08 4164

 Reversed flow on 37 faces (1.3% area) of pressure-outlet 21.

  iter  continuity  x-velocity  y-velocity  z-velocity     time/iter
   837  3.0591e-06  1.1595e-08  1.4258e-08  2.7843e-08  1:30:08 4163

 Reversed flow on 37 faces (1.3% area) of pressure-outlet 21.
   838  3.1212e-06  1.1677e-08  1.4092e-08  2.8560e-08  1:30:04 4162

 Reversed flow on 37 faces (1.3% area) of pressure-outlet 21.
   839  3.2056e-06  1.1687e-08  1.3823e-08  2.9303e-08  1:30:02 4161

 Reversed flow on 37 faces (1.3% area) of pressure-outlet 21.
   840  3.2895e-06  1.1617e-08  1.3510e-08  3.0008e-08  1:30:03 4160

 Reversed flow on 37 faces (1.3% area) of pressure-outlet 21.
   841  3.3528e-06  1.1520e-08  1.3541e-08  2.9718e-08  1:30:03 4159

 Reversed flow on 37 faces (1.3% area) of pressure-outlet 21.
   842  3.3727e-06  1.1356e-08  1.4068e-08  2.9884e-08  1:30:02 4158

 Reversed flow on 37 faces (1.3% area) of pressure-outlet 21.
   843  3.3666e-06  1.1153e-08  1.4544e-08  2.9724e-08  1:30:01 4157

 Reversed flow on 37 faces (1.3% area) of pressure-outlet 21.
   844  3.3446e-06  1.1074e-08  1.4949e-08  2.9528e-08  1:30:02 4156

 Reversed flow on 37 faces (1.3% area) of pressure-outlet 21.
   845  3.2902e-06  1.1103e-08  1.5315e-08  2.8908e-08  1:29:59 4155

 Reversed flow on 37 faces (1.3% area) of pressure-outlet 21.
   846  3.2105e-06  1.1476e-08  1.5485e-08  2.9384e-08  1:29:57 4154

 Reversed flow on 37 faces (1.3% area) of pressure-outlet 21.
   847  3.0887e-06  1.2010e-08  1.5416e-08  2.9323e-08  1:29:54 4153

 Reversed flow on 37 faces (1.3% area) of pressure-outlet 21.

  iter  continuity  x-velocity  y-velocity  z-velocity     time/iter
   848  2.9923e-06  1.2349e-08  1.5002e-08  2.9425e-08  1:29:57 4152

 Reversed flow on 37 faces (1.3% area) of pressure-outlet 21.
   849  2.9868e-06  1.2471e-08  1.4377e-08  2.9705e-08  1:29:56 4151

 Reversed flow on 37 faces (1.3% area) of pressure-outlet 21.
   850  3.0134e-06  1.2405e-08  1.3734e-08  2.9828e-08  1:29:55 4150

 Reversed flow on 37 faces (1.3% area) of pressure-outlet 21.
   851  3.0547e-06  1.2173e-08  1.3160e-08  2.9532e-08  1:29:56 4149

 Reversed flow on 37 faces (1.3% area) of pressure-outlet 21.
   852  3.0975e-06  1.1952e-08  1.3267e-08  2.8835e-08  1:29:52 4148

 Reversed flow on 37 faces (1.3% area) of pressure-outlet 21.
   853  3.1355e-06  1.1748e-08  1.3828e-08  2.8017e-08  1:29:50 4147

 Reversed flow on 37 faces (1.3% area) of pressure-outlet 21.
   854  3.1446e-06  1.1694e-08  1.4474e-08  2.7295e-08  1:29:48 4146

 Reversed flow on 37 faces (1.3% area) of pressure-outlet 21.
   855  3.1504e-06  1.1631e-08  1.5041e-08  2.6291e-08  1:29:47 4145

 Reversed flow on 37 faces (1.3% area) of pressure-outlet 21.
   856  3.1783e-06  1.1647e-08  1.5371e-08  2.6075e-08  1:29:46 4144

 Reversed flow on 37 faces (1.3% area) of pressure-outlet 21.
   857  3.1947e-06  1.1787e-08  1.5345e-08  2.6668e-08  1:29:43 4143

 Reversed flow on 37 faces (1.3% area) of pressure-outlet 21.
   858  3.1901e-06  1.1949e-08  1.5171e-08  2.7548e-08  1:29:40 4142

 Reversed flow on 37 faces (1.3% area) of pressure-outlet 21.

  iter  continuity  x-velocity  y-velocity  z-velocity     time/iter
   859  3.1292e-06  1.1910e-08  1.4714e-08  2.7948e-08  1:29:39 4141

 Reversed flow on 37 faces (1.3% area) of pressure-outlet 21.
   860  3.0182e-06  1.1644e-08  1.4040e-08  2.8529e-08  1:29:38 4140

 Reversed flow on 37 faces (1.3% area) of pressure-outlet 21.
   861  2.8669e-06  1.1200e-08  1.3129e-08  2.8752e-08  1:29:34 4139

 Reversed flow on 37 faces (1.3% area) of pressure-outlet 21.
   862  2.7413e-06  1.0754e-08  1.2522e-08  2.8770e-08  1:29:33 4138

 Reversed flow on 37 faces (1.3% area) of pressure-outlet 21.
   863  2.6958e-06  1.0339e-08  1.2564e-08  2.8252e-08  1:29:29 4137

 Reversed flow on 37 faces (1.3% area) of pressure-outlet 21.
   864  2.6681e-06  1.0028e-08  1.2904e-08  2.7208e-08  1:29:30 4136

 Reversed flow on 37 faces (1.3% area) of pressure-outlet 21.
   865  2.6789e-06  9.8307e-09  1.3224e-08  2.6286e-08  1:29:31 4135

 Reversed flow on 37 faces (1.3% area) of pressure-outlet 21.
   866  2.7248e-06  9.9446e-09  1.3455e-08  2.5430e-08  1:29:30 4134

 Reversed flow on 37 faces (1.3% area) of pressure-outlet 21.
   867  2.8133e-06  1.0401e-08  1.3808e-08  2.5348e-08  1:29:30 4133

 Reversed flow on 37 faces (1.3% area) of pressure-outlet 21.
   868  2.9045e-06  1.0824e-08  1.4078e-08  2.6171e-08  1:29:32 4132

 Reversed flow on 37 faces (1.3% area) of pressure-outlet 21.
   869  3.0192e-06  1.1191e-08  1.4209e-08  2.7255e-08  1:29:33 4131

 Reversed flow on 37 faces (1.3% area) of pressure-outlet 21.

  iter  continuity  x-velocity  y-velocity  z-velocity     time/iter
   870  3.1915e-06  1.1498e-08  1.4125e-08  2.8366e-08  1:29:35 4130

 Reversed flow on 37 faces (1.3% area) of pressure-outlet 21.
   871  3.3219e-06  1.1799e-08  1.3968e-08  2.8479e-08  1:29:31 4129

 Reversed flow on 37 faces (1.3% area) of pressure-outlet 21.
   872  3.3931e-06  1.1918e-08  1.3833e-08  2.9250e-08  1:29:26 4128

 Reversed flow on 37 faces (1.3% area) of pressure-outlet 21.
   873  3.4056e-06  1.1937e-08  1.4219e-08  2.9275e-08  1:29:27 4127

 Reversed flow on 37 faces (1.3% area) of pressure-outlet 21.
   874  3.3736e-06  1.1911e-08  1.4699e-08  2.8723e-08  1:29:22 4126

 Reversed flow on 37 faces (1.3% area) of pressure-outlet 21.
   875  3.2809e-06  1.1880e-08  1.5147e-08  2.7867e-08  1:29:18 4125

 Reversed flow on 37 faces (1.3% area) of pressure-outlet 21.
   876  3.1574e-06  1.1801e-08  1.5305e-08  2.7651e-08  1:29:16 4124

 Reversed flow on 37 faces (1.3% area) of pressure-outlet 21.
   877  3.0439e-06  1.1799e-08  1.5192e-08  2.8210e-08  1:29:12 4123

 Reversed flow on 37 faces (1.3% area) of pressure-outlet 21.
   878  2.9521e-06  1.2055e-08  1.4847e-08  2.8575e-08  1:29:10 4122

 Reversed flow on 37 faces (1.3% area) of pressure-outlet 21.
   879  2.9260e-06  1.2258e-08  1.4428e-08  2.9523e-08  1:29:11 4121

 Reversed flow on 37 faces (1.3% area) of pressure-outlet 21.
   880  2.9753e-06  1.2209e-08  1.3937e-08  3.0192e-08  1:29:10 4120

 Reversed flow on 37 faces (1.3% area) of pressure-outlet 21.

  iter  continuity  x-velocity  y-velocity  z-velocity     time/iter
   881  3.0573e-06  1.2024e-08  1.3270e-08  3.0394e-08  1:29:08 4119

 Reversed flow on 37 faces (1.3% area) of pressure-outlet 21.
   882  3.1273e-06  1.1836e-08  1.2662e-08  3.0236e-08  1:29:10 4118

 Reversed flow on 37 faces (1.3% area) of pressure-outlet 21.
   883  3.1781e-06  1.1617e-08  1.2703e-08  2.9863e-08  1:29:07 4117

 Reversed flow on 37 faces (1.3% area) of pressure-outlet 21.
   884  3.2035e-06  1.1364e-08  1.3214e-08  2.9469e-08  1:29:03 4116

 Reversed flow on 37 faces (1.3% area) of pressure-outlet 21.
   885  3.2327e-06  1.1173e-08  1.3856e-08  2.8871e-08  1:29:04 4115

 Reversed flow on 37 faces (1.3% area) of pressure-outlet 21.
   886  3.2876e-06  1.1105e-08  1.4476e-08  2.8187e-08  1:29:03 4114

 Reversed flow on 37 faces (1.3% area) of pressure-outlet 21.
   887  3.3216e-06  1.1116e-08  1.4917e-08  2.8180e-08  1:29:02 4113

 Reversed flow on 37 faces (1.3% area) of pressure-outlet 21.
   888  3.3231e-06  1.1441e-08  1.5279e-08  2.8580e-08  1:28:59 4112

 Reversed flow on 37 faces (1.3% area) of pressure-outlet 21.
   889  3.2903e-06  1.1682e-08  1.5349e-08  2.9110e-08  1:33:45 4111

 Reversed flow on 37 faces (1.3% area) of pressure-outlet 21.
   890  3.1920e-06  1.1720e-08  1.5110e-08  3.0048e-08  1:32:56 4110

 Reversed flow on 37 faces (1.3% area) of pressure-outlet 21.
   891  3.0999e-06  1.1571e-08  1.4401e-08  3.0545e-08  1:32:07 4109

 Reversed flow on 37 faces (1.3% area) of pressure-outlet 21.

  iter  continuity  x-velocity  y-velocity  z-velocity     time/iter
   892  3.0238e-06  1.1425e-08  1.3475e-08  3.0821e-08  1:31:29 4108

 Reversed flow on 37 faces (1.3% area) of pressure-outlet 21.
   893  3.0108e-06  1.1247e-08  1.2858e-08  3.0738e-08  1:30:55 4107

 Reversed flow on 37 faces (1.3% area) of pressure-outlet 21.
   894  2.9830e-06  1.1066e-08  1.3137e-08  3.0014e-08  1:30:35 4106

 Reversed flow on 37 faces (1.3% area) of pressure-outlet 21.
   895  2.9782e-06  1.0874e-08  1.3475e-08  2.9065e-08  1:30:12 4105

 Reversed flow on 37 faces (1.3% area) of pressure-outlet 21.
   896  2.9942e-06  1.0894e-08  1.3797e-08  2.8028e-08  1:29:52 4104

 Reversed flow on 37 faces (1.3% area) of pressure-outlet 21.
   897  3.0642e-06  1.0987e-08  1.4206e-08  2.7210e-08  1:29:37 4103

 Reversed flow on 37 faces (1.3% area) of pressure-outlet 21.
   898  3.1240e-06  1.1271e-08  1.4616e-08  2.7768e-08  1:29:30 4102

 Reversed flow on 37 faces (1.3% area) of pressure-outlet 21.
   899  3.1612e-06  1.1925e-08  1.4991e-08  2.7821e-08  1:29:19 4101

 Reversed flow on 37 faces (1.3% area) of pressure-outlet 21.
   900  3.2380e-06  1.2439e-08  1.5153e-08  2.8577e-08  1:29:10 4100

 Reversed flow on 37 faces (1.3% area) of pressure-outlet 21.
   901  3.3254e-06  1.2716e-08  1.5046e-08  2.8558e-08  1:29:02 4099

 Reversed flow on 37 faces (1.3% area) of pressure-outlet 21.
   902  3.3634e-06  1.2667e-08  1.4645e-08  2.9299e-08  1:29:05 4098

 Reversed flow on 37 faces (1.3% area) of pressure-outlet 21.

  iter  continuity  x-velocity  y-velocity  z-velocity     time/iter
   903  3.3385e-06  1.2416e-08  1.4087e-08  2.9396e-08  1:29:10 4097

 Reversed flow on 37 faces (1.3% area) of pressure-outlet 21.
   904  3.2628e-06  1.2077e-08  1.3946e-08  2.8904e-08  1:29:05 4096

 Reversed flow on 37 faces (1.3% area) of pressure-outlet 21.
   905  3.1361e-06  1.1605e-08  1.4117e-08  2.7984e-08  1:29:00 4095

 Reversed flow on 37 faces (1.3% area) of pressure-outlet 21.
   906  2.9724e-06  1.1202e-08  1.4191e-08  2.7641e-08  1:28:53 4094

 Reversed flow on 37 faces (1.3% area) of pressure-outlet 21.
   907  2.8316e-06  1.0928e-08  1.4210e-08  2.7132e-08  1:28:50 4093

 Reversed flow on 37 faces (1.3% area) of pressure-outlet 21.
   908  2.7249e-06  1.0870e-08  1.4179e-08  2.6438e-08  1:28:47 4092

 Reversed flow on 37 faces (1.3% area) of pressure-outlet 21.
   909  2.6777e-06  1.1048e-08  1.4173e-08  2.6529e-08  1:28:42 4091

 Reversed flow on 37 faces (1.3% area) of pressure-outlet 21.
   910  2.7236e-06  1.1167e-08  1.4085e-08  2.6960e-08  1:28:39 4090

 Reversed flow on 37 faces (1.3% area) of pressure-outlet 21.
   911  2.8017e-06  1.1163e-08  1.3780e-08  2.7212e-08  1:28:37 4089

 Reversed flow on 37 faces (1.3% area) of pressure-outlet 21.
   912  2.9185e-06  1.1173e-08  1.3361e-08  2.7295e-08  1:30:12 4088

 Reversed flow on 37 faces (1.3% area) of pressure-outlet 21.
   913  3.0079e-06  1.1175e-08  1.2999e-08  2.7573e-08  1:31:12 4087

 Reversed flow on 37 faces (1.3% area) of pressure-outlet 21.

  iter  continuity  x-velocity  y-velocity  z-velocity     time/iter
   914  3.0634e-06  1.1113e-08  1.2903e-08  2.7911e-08  1:30:36 4086

 Reversed flow on 37 faces (1.3% area) of pressure-outlet 21.
   915  3.0995e-06  1.0950e-08  1.3498e-08  2.7762e-08  1:30:12 4085

 Reversed flow on 37 faces (1.3% area) of pressure-outlet 21.
   916  3.1522e-06  1.0839e-08  1.4137e-08  2.7407e-08  1:29:52 4084

 Reversed flow on 37 faces (1.3% area) of pressure-outlet 21.
   917  3.1748e-06  1.0704e-08  1.4698e-08  2.7461e-08  1:29:38 4083

 Reversed flow on 37 faces (1.3% area) of pressure-outlet 21.
   918  3.1829e-06  1.0709e-08  1.5119e-08  2.7487e-08  1:29:42 4082

 Reversed flow on 37 faces (1.3% area) of pressure-outlet 21.
   919  3.1414e-06  1.0839e-08  1.5333e-08  2.7854e-08  1:29:25 4081

 Reversed flow on 37 faces (1.3% area) of pressure-outlet 21.
   920  3.0725e-06  1.1164e-08  1.5303e-08  2.8725e-08  1:29:16 4080

 Reversed flow on 37 faces (1.3% area) of pressure-outlet 21.
   921  2.9961e-06  1.1350e-08  1.4894e-08  2.9550e-08  1:29:02 4079

 Reversed flow on 37 faces (1.3% area) of pressure-outlet 21.
   922  2.9820e-06  1.1495e-08  1.4179e-08  3.0136e-08  1:28:54 4078

 Reversed flow on 37 faces (1.3% area) of pressure-outlet 21.
   923  3.0196e-06  1.1586e-08  1.3543e-08  3.0290e-08  1:28:47 4077

 Reversed flow on 37 faces (1.3% area) of pressure-outlet 21.
   924  3.0269e-06  1.1648e-08  1.3154e-08  2.9846e-08  1:28:38 4076

 Reversed flow on 37 faces (1.3% area) of pressure-outlet 21.

  iter  continuity  x-velocity  y-velocity  z-velocity     time/iter
   925  3.0376e-06  1.1670e-08  1.3219e-08  2.8923e-08  1:28:31 4075

 Reversed flow on 37 faces (1.3% area) of pressure-outlet 21.
   926  3.0640e-06  1.1678e-08  1.3493e-08  2.7856e-08  1:28:31 4074

 Reversed flow on 37 faces (1.3% area) of pressure-outlet 21.
   927  3.1077e-06  1.1728e-08  1.3914e-08  2.7057e-08  1:28:27 4073

 Reversed flow on 37 faces (1.3% area) of pressure-outlet 21.
   928  3.1303e-06  1.1747e-08  1.4415e-08  2.7026e-08  1:28:25 4072

 Reversed flow on 37 faces (1.3% area) of pressure-outlet 21.
   929  3.1742e-06  1.1959e-08  1.4918e-08  2.7257e-08  1:28:20 4071

 Reversed flow on 37 faces (1.3% area) of pressure-outlet 21.
   930  3.2394e-06  1.2321e-08  1.5278e-08  2.8268e-08  1:28:21 4070

 Reversed flow on 37 faces (1.3% area) of pressure-outlet 21.
   931  3.3155e-06  1.2649e-08  1.5424e-08  2.8758e-08  1:28:18 4069

 Reversed flow on 37 faces (1.3% area) of pressure-outlet 21.
   932  3.3695e-06  1.2693e-08  1.5211e-08  3.0040e-08  1:28:16 4068

 Reversed flow on 37 faces (1.3% area) of pressure-outlet 21.
   933  3.3970e-06  1.2589e-08  1.4625e-08  3.0691e-08  1:28:13 4067

 Reversed flow on 37 faces (1.3% area) of pressure-outlet 21.
   934  3.3588e-06  1.2386e-08  1.3901e-08  3.0857e-08  1:28:10 4066

 Reversed flow on 37 faces (1.3% area) of pressure-outlet 21.
   935  3.2589e-06  1.1997e-08  1.3494e-08  3.0537e-08  1:28:10 4065

 Reversed flow on 37 faces (1.3% area) of pressure-outlet 21.

  iter  continuity  x-velocity  y-velocity  z-velocity     time/iter
   936  3.1073e-06  1.1530e-08  1.3604e-08  3.0491e-08  1:28:06 4064

 Reversed flow on 37 faces (1.3% area) of pressure-outlet 21.
   937  2.9899e-06  1.1185e-08  1.3762e-08  3.0082e-08  1:28:05 4063

 Reversed flow on 37 faces (1.3% area) of pressure-outlet 21.
   938  2.8897e-06  1.0993e-08  1.3989e-08  2.9026e-08  1:28:02 4062

 Reversed flow on 37 faces (1.3% area) of pressure-outlet 21.
   939  2.8724e-06  1.0904e-08  1.4181e-08  2.8451e-08  1:28:01 4061

 Reversed flow on 37 faces (1.3% area) of pressure-outlet 21.
   940  2.9114e-06  1.0999e-08  1.4374e-08  2.8370e-08  1:28:07 4060

 Reversed flow on 37 faces (1.3% area) of pressure-outlet 21.
   941  3.0078e-06  1.1259e-08  1.4403e-08  2.8436e-08  1:28:06 4059

 Reversed flow on 37 faces (1.3% area) of pressure-outlet 21.
   942  3.1120e-06  1.1514e-08  1.4306e-08  2.8630e-08  1:28:00 4058

 Reversed flow on 37 faces (1.3% area) of pressure-outlet 21.
   943  3.2287e-06  1.1666e-08  1.4100e-08  2.8927e-08  1:28:02 4057

 Reversed flow on 37 faces (1.3% area) of pressure-outlet 21.
   944  3.2999e-06  1.1689e-08  1.3792e-08  2.9217e-08  1:27:58 4056

 Reversed flow on 37 faces (1.3% area) of pressure-outlet 21.
   945  3.3354e-06  1.1621e-08  1.3563e-08  2.9226e-08  1:27:55 4055

 Reversed flow on 37 faces (1.3% area) of pressure-outlet 21.
   946  3.3732e-06  1.1533e-08  1.3849e-08  2.8969e-08  1:27:52 4054

 Reversed flow on 37 faces (1.3% area) of pressure-outlet 21.

  iter  continuity  x-velocity  y-velocity  z-velocity     time/iter
   947  3.3838e-06  1.1249e-08  1.4245e-08  2.9222e-08  1:27:51 4053

 Reversed flow on 37 faces (1.3% area) of pressure-outlet 21.
   948  3.3632e-06  1.1147e-08  1.4670e-08  2.9322e-08  1:27:50 4052

 Reversed flow on 37 faces (1.3% area) of pressure-outlet 21.
   949  3.3006e-06  1.1127e-08  1.5067e-08  2.9023e-08  1:27:46 4051

 Reversed flow on 37 faces (1.3% area) of pressure-outlet 21.
   950  3.2063e-06  1.1372e-08  1.5357e-08  2.9260e-08  1:27:44 4050

 Reversed flow on 37 faces (1.3% area) of pressure-outlet 21.
   951  3.0406e-06  1.1762e-08  1.5345e-08  2.9034e-08  1:27:43 4049

 Reversed flow on 37 faces (1.3% area) of pressure-outlet 21.
   952  2.9635e-06  1.2045e-08  1.4948e-08  2.9332e-08  1:27:42 4048

 Reversed flow on 37 faces (1.3% area) of pressure-outlet 21.
   953  2.9685e-06  1.2109e-08  1.4406e-08  2.9574e-08  1:27:42 4047

 Reversed flow on 37 faces (1.3% area) of pressure-outlet 21.
   954  2.9606e-06  1.2041e-08  1.3758e-08  2.9253e-08  1:27:45 4046

 Reversed flow on 37 faces (1.3% area) of pressure-outlet 21.
   955  2.9451e-06  1.1804e-08  1.2928e-08  2.8634e-08  1:27:42 4045

 Reversed flow on 37 faces (1.3% area) of pressure-outlet 21.
   956  2.9390e-06  1.1553e-08  1.2474e-08  2.7825e-08  1:27:38 4044

 Reversed flow on 37 faces (1.3% area) of pressure-outlet 21.
   957  2.9315e-06  1.1256e-08  1.2713e-08  2.6880e-08  1:27:36 4043

 Reversed flow on 37 faces (1.3% area) of pressure-outlet 21.

  iter  continuity  x-velocity  y-velocity  z-velocity     time/iter
   958  2.9041e-06  1.1005e-08  1.3169e-08  2.6410e-08  1:27:35 4042

 Reversed flow on 37 faces (1.3% area) of pressure-outlet 21.
   959  2.8960e-06  1.0880e-08  1.3735e-08  2.5592e-08  1:27:31 4041

 Reversed flow on 37 faces (1.3% area) of pressure-outlet 21.
   960  2.9512e-06  1.0830e-08  1.4154e-08  2.5669e-08  1:27:28 4040

 Reversed flow on 37 faces (1.3% area) of pressure-outlet 21.
   961  2.9837e-06  1.1053e-08  1.4490e-08  2.5111e-08  1:27:27 4039

 Reversed flow on 37 faces (1.3% area) of pressure-outlet 21.
   962  3.0239e-06  1.1318e-08  1.4576e-08  2.5863e-08  1:27:29 4038

 Reversed flow on 37 faces (1.3% area) of pressure-outlet 21.
   963  3.0239e-06  1.1415e-08  1.4336e-08  2.6388e-08  1:27:30 4037

 Reversed flow on 37 faces (1.3% area) of pressure-outlet 21.
   964  3.0182e-06  1.1362e-08  1.3839e-08  2.6582e-08  1:27:31 4036

 Reversed flow on 37 faces (1.3% area) of pressure-outlet 21.
   965  2.9447e-06  1.1136e-08  1.3214e-08  2.6710e-08  1:27:29 4035

 Reversed flow on 37 faces (1.3% area) of pressure-outlet 21.
   966  2.8189e-06  1.0820e-08  1.2617e-08  2.7247e-08  1:27:26 4034

 Reversed flow on 37 faces (1.3% area) of pressure-outlet 21.
   967  2.7110e-06  1.0496e-08  1.2599e-08  2.7237e-08  1:27:29 4033

 Reversed flow on 37 faces (1.3% area) of pressure-outlet 21.
   968  2.6374e-06  1.0153e-08  1.2745e-08  2.6947e-08  1:27:29 4032

 Reversed flow on 37 faces (1.3% area) of pressure-outlet 21.

  iter  continuity  x-velocity  y-velocity  z-velocity     time/iter
   969  2.6351e-06  9.9693e-09  1.3089e-08  2.6915e-08  1:27:26 4031

 Reversed flow on 37 faces (1.3% area) of pressure-outlet 21.
   970  2.7000e-06  9.9168e-09  1.3580e-08  2.6723e-08  1:27:22 4030

 Reversed flow on 37 faces (1.3% area) of pressure-outlet 21.
   971  2.8180e-06  1.0186e-08  1.4051e-08  2.6676e-08  1:27:36 4029

 Reversed flow on 37 faces (1.3% area) of pressure-outlet 21.
   972  2.9696e-06  1.0733e-08  1.4450e-08  2.7087e-08  1:27:40 4028

 Reversed flow on 37 faces (1.3% area) of pressure-outlet 21.
   973  3.1390e-06  1.1269e-08  1.4750e-08  2.8027e-08  1:27:35 4027

 Reversed flow on 37 faces (1.3% area) of pressure-outlet 21.
   974  3.2978e-06  1.1732e-08  1.4839e-08  2.8953e-08  1:27:31 4026

 Reversed flow on 37 faces (1.3% area) of pressure-outlet 21.
   975  3.4235e-06  1.2117e-08  1.4736e-08  2.9581e-08  1:27:30 4025

 Reversed flow on 37 faces (1.3% area) of pressure-outlet 21.
   976  3.5231e-06  1.2381e-08  1.4520e-08  3.0010e-08  1:27:26 4024

 Reversed flow on 37 faces (1.3% area) of pressure-outlet 21.
   977  3.5670e-06  1.2437e-08  1.4700e-08  3.0594e-08  1:27:20 4023

 Reversed flow on 37 faces (1.3% area) of pressure-outlet 21.
   978  3.5416e-06  1.2456e-08  1.5205e-08  3.0441e-08  1:27:14 4022

 Reversed flow on 37 faces (1.3% area) of pressure-outlet 21.
   979  3.4449e-06  1.2450e-08  1.5630e-08  2.9864e-08  1:27:08 4021

 Reversed flow on 37 faces (1.3% area) of pressure-outlet 21.

  iter  continuity  x-velocity  y-velocity  z-velocity     time/iter
   980  3.2870e-06  1.2342e-08  1.5859e-08  2.9431e-08  1:28:56 4020

 Reversed flow on 37 faces (1.3% area) of pressure-outlet 21.
   981  3.1253e-06  1.2147e-08  1.5672e-08  2.9548e-08  1:28:38 4019

 Reversed flow on 37 faces (1.3% area) of pressure-outlet 21.
   982  3.0066e-06  1.2240e-08  1.5254e-08  2.9765e-08  1:28:17 4018

 Reversed flow on 37 faces (1.3% area) of pressure-outlet 21.
   983  2.9924e-06  1.2411e-08  1.4864e-08  3.0194e-08  1:27:59 4017

 Reversed flow on 37 faces (1.3% area) of pressure-outlet 21.
   984  2.9790e-06  1.2465e-08  1.4419e-08  3.0216e-08  1:27:48 4016

 Reversed flow on 37 faces (1.3% area) of pressure-outlet 21.
   985  3.0062e-06  1.2329e-08  1.3657e-08  2.9966e-08  1:27:33 4015

 Reversed flow on 37 faces (1.3% area) of pressure-outlet 21.
   986  3.0348e-06  1.2148e-08  1.2815e-08  2.9617e-08  1:27:36 4014

 Reversed flow on 37 faces (1.3% area) of pressure-outlet 21.
   987  3.0591e-06  1.1862e-08  1.2408e-08  2.9217e-08  1:27:30 4013

 Reversed flow on 37 faces (1.3% area) of pressure-outlet 21.
   988  3.0609e-06  1.1499e-08  1.2790e-08  2.9140e-08  1:27:27 4012

 Reversed flow on 37 faces (1.3% area) of pressure-outlet 21.
   989  3.1077e-06  1.1171e-08  1.3396e-08  2.8998e-08  1:27:21 4011

 Reversed flow on 37 faces (1.3% area) of pressure-outlet 21.
   990  3.2057e-06  1.1004e-08  1.4089e-08  2.9231e-08  1:27:15 4010

 Reversed flow on 37 faces (1.3% area) of pressure-outlet 21.

  iter  continuity  x-velocity  y-velocity  z-velocity     time/iter
   991  3.2782e-06  1.1058e-08  1.4790e-08  2.8279e-08  1:27:07 4009

 Reversed flow on 37 faces (1.3% area) of pressure-outlet 21.
   992  3.3267e-06  1.1285e-08  1.5337e-08  2.8699e-08  1:27:03 4008

 Reversed flow on 37 faces (1.3% area) of pressure-outlet 21.
   993  3.3493e-06  1.1535e-08  1.5540e-08  2.9250e-08  1:26:59 4007

 Reversed flow on 37 faces (1.3% area) of pressure-outlet 21.
   994  3.3409e-06  1.1669e-08  1.5414e-08  2.9717e-08  1:26:55 4006

 Reversed flow on 37 faces (1.3% area) of pressure-outlet 21.
   995  3.2986e-06  1.1642e-08  1.4967e-08  2.9997e-08  1:26:51 4005

 Reversed flow on 37 faces (1.3% area) of pressure-outlet 21.
   996  3.2020e-06  1.1540e-08  1.4192e-08  3.0574e-08  1:26:50 4004

 Reversed flow on 37 faces (1.3% area) of pressure-outlet 21.
   997  3.0993e-06  1.1410e-08  1.3381e-08  3.0829e-08  1:26:56 4003

 Reversed flow on 37 faces (1.3% area) of pressure-outlet 21.
   998  3.0167e-06  1.1282e-08  1.3186e-08  3.0707e-08  1:27:03 4002

 Reversed flow on 37 faces (1.3% area) of pressure-outlet 21.
   999  2.9833e-06  1.1145e-08  1.3527e-08  3.0301e-08  1:26:57 4001

 Reversed flow on 37 faces (1.3% area) of pressure-outlet 21.
  1000  3.0086e-06  1.1131e-08  1.4052e-08  2.9713e-08  1:26:53 4000

 Reversed flow on 37 faces (1.3% area) of pressure-outlet 21.
  1001  3.0876e-06  1.1197e-08  1.4563e-08  2.8703e-08  1:26:49 3999

 Reversed flow on 37 faces (1.3% area) of pressure-outlet 21.

  iter  continuity  x-velocity  y-velocity  z-velocity     time/iter
  1002  3.2059e-06  1.1524e-08  1.5006e-08  2.8501e-08  1:26:45 3998

 Reversed flow on 37 faces (1.3% area) of pressure-outlet 21.
  1003  3.2467e-06  1.2255e-08  1.5459e-08  2.7868e-08  1:26:49 3997

 Reversed flow on 37 faces (1.3% area) of pressure-outlet 21.
  1004  3.3170e-06  1.2857e-08  1.5687e-08  2.8168e-08  1:26:44 3996

 Reversed flow on 37 faces (1.3% area) of pressure-outlet 21.
  1005  3.3754e-06  1.3133e-08  1.5585e-08  2.8663e-08  1:26:38 3995

 Reversed flow on 37 faces (1.3% area) of pressure-outlet 21.
  1006  3.4359e-06  1.3138e-08  1.5126e-08  2.8936e-08  1:26:35 3994

 Reversed flow on 37 faces (1.3% area) of pressure-outlet 21.
  1007  3.4314e-06  1.2825e-08  1.4451e-08  2.9540e-08  1:26:30 3993

 Reversed flow on 37 faces (1.3% area) of pressure-outlet 21.
  1008  3.3609e-06  1.2458e-08  1.4036e-08  2.9509e-08  1:26:31 3992

 Reversed flow on 37 faces (1.3% area) of pressure-outlet 21.
  1009  3.2194e-06  1.1983e-08  1.4133e-08  2.8858e-08  1:26:33 3991

 Reversed flow on 37 faces (1.3% area) of pressure-outlet 21.
  1010  3.0312e-06  1.1433e-08  1.4206e-08  2.8444e-08  1:26:31 3990

 Reversed flow on 37 faces (1.3% area) of pressure-outlet 21.
  1011  2.8497e-06  1.0916e-08  1.4134e-08  2.7977e-08  1:26:30 3989

 Reversed flow on 37 faces (1.3% area) of pressure-outlet 21.
  1012  2.7315e-06  1.0649e-08  1.3981e-08  2.7246e-08  1:26:28 3988

 Reversed flow on 37 faces (1.3% area) of pressure-outlet 21.

  iter  continuity  x-velocity  y-velocity  z-velocity     time/iter
  1013  2.6916e-06  1.0711e-08  1.3977e-08  2.6729e-08  1:26:31 3987

 Reversed flow on 37 faces (1.3% area) of pressure-outlet 21.
  1014  2.6677e-06  1.0882e-08  1.3942e-08  2.6351e-08  1:26:27 3986

 Reversed flow on 37 faces (1.3% area) of pressure-outlet 21.
  1015  2.6732e-06  1.0919e-08  1.3556e-08  2.6037e-08  1:26:23 3985

 Reversed flow on 37 faces (1.3% area) of pressure-outlet 21.
  1016  2.7345e-06  1.0937e-08  1.2930e-08  2.5809e-08  1:26:20 3984

 Reversed flow on 37 faces (1.3% area) of pressure-outlet 21.
  1017  2.7876e-06  1.0897e-08  1.2320e-08  2.5825e-08  1:26:17 3983

 Reversed flow on 37 faces (1.3% area) of pressure-outlet 21.
  1018  2.8060e-06  1.0722e-08  1.1933e-08  2.6302e-08  1:26:14 3982

 Reversed flow on 37 faces (1.3% area) of pressure-outlet 21.
  1019  2.8499e-06  1.0496e-08  1.2244e-08  2.6576e-08  1:26:15 3981

 Reversed flow on 37 faces (1.3% area) of pressure-outlet 21.
  1020  2.9296e-06  1.0271e-08  1.2921e-08  2.6723e-08  1:26:12 3980

 Reversed flow on 37 faces (1.3% area) of pressure-outlet 21.
  1021  2.9755e-06  1.0276e-08  1.3708e-08  2.5801e-08  1:26:09 3979

 Reversed flow on 37 faces (1.3% area) of pressure-outlet 21.
  1022  3.0107e-06  1.0259e-08  1.4314e-08  2.5606e-08  1:26:11 3978

 Reversed flow on 37 faces (1.3% area) of pressure-outlet 21.
  1023  3.0394e-06  1.0292e-08  1.4645e-08  2.6006e-08  1:26:07 3977

 Reversed flow on 37 faces (1.3% area) of pressure-outlet 21.

  iter  continuity  x-velocity  y-velocity  z-velocity     time/iter
  1024  3.0520e-06  1.0707e-08  1.4783e-08  2.6195e-08  1:26:06 3976

 Reversed flow on 37 faces (1.3% area) of pressure-outlet 21.
  1025  3.0514e-06  1.1082e-08  1.4739e-08  2.6954e-08  1:26:05 3975

 Reversed flow on 37 faces (1.3% area) of pressure-outlet 21.
  1026  3.0150e-06  1.1322e-08  1.4375e-08  2.8058e-08  1:26:05 3974

 Reversed flow on 37 faces (1.3% area) of pressure-outlet 21.
  1027  2.9942e-06  1.1461e-08  1.3758e-08  2.8842e-08  1:26:03 3973

 Reversed flow on 37 faces (1.3% area) of pressure-outlet 21.
  1028  2.9667e-06  1.1523e-08  1.3110e-08  2.9305e-08  1:26:02 3972

 Reversed flow on 37 faces (1.3% area) of pressure-outlet 21.
  1029  2.9699e-06  1.1551e-08  1.2993e-08  2.9364e-08  1:25:59 3971

 Reversed flow on 37 faces (1.3% area) of pressure-outlet 21.
  1030  3.0112e-06  1.1469e-08  1.3409e-08  2.8951e-08  1:25:58 3970

 Reversed flow on 37 faces (1.3% area) of pressure-outlet 21.
  1031  3.0822e-06  1.1377e-08  1.3843e-08  2.8282e-08  1:25:52 3969

 Reversed flow on 37 faces (1.3% area) of pressure-outlet 21.
  1032  3.1639e-06  1.1426e-08  1.4342e-08  2.7902e-08  1:25:56 3968

 Reversed flow on 37 faces (1.3% area) of pressure-outlet 21.
  1033  3.2287e-06  1.1636e-08  1.4905e-08  2.7675e-08  1:25:54 3967

 Reversed flow on 37 faces (1.3% area) of pressure-outlet 21.
  1034  3.2740e-06  1.2056e-08  1.5375e-08  2.8103e-08  1:25:55 3966

 Reversed flow on 37 faces (1.3% area) of pressure-outlet 21.

  iter  continuity  x-velocity  y-velocity  z-velocity     time/iter
  1035  3.3273e-06  1.2478e-08  1.5611e-08  2.8849e-08  1:25:53 3965

 Reversed flow on 37 faces (1.3% area) of pressure-outlet 21.
  1036  3.3935e-06  1.2685e-08  1.5487e-08  2.9609e-08  1:25:51 3964

 Reversed flow on 37 faces (1.3% area) of pressure-outlet 21.
  1037  3.4498e-06  1.2650e-08  1.5003e-08  3.0694e-08  1:25:46 3963

 Reversed flow on 37 faces (1.3% area) of pressure-outlet 21.
  1038  3.4292e-06  1.2572e-08  1.4358e-08  3.1204e-08  1:25:45 3962

 Reversed flow on 37 faces (1.3% area) of pressure-outlet 21.
  1039  3.3327e-06  1.2304e-08  1.3783e-08  3.1132e-08  1:25:45 3961

 Reversed flow on 37 faces (1.3% area) of pressure-outlet 21.
  1040  3.1770e-06  1.1875e-08  1.3789e-08  3.1192e-08  1:25:44 3960

 Reversed flow on 37 faces (1.3% area) of pressure-outlet 21.
  1041  3.0257e-06  1.1373e-08  1.3899e-08  3.0676e-08  1:25:43 3959

 Reversed flow on 37 faces (1.3% area) of pressure-outlet 21.
  1042  2.9292e-06  1.1096e-08  1.4025e-08  2.9880e-08  1:25:42 3958

 Reversed flow on 37 faces (1.3% area) of pressure-outlet 21.
  1043  2.9113e-06  1.0930e-08  1.4251e-08  2.8639e-08  1:25:47 3957

 Reversed flow on 37 faces (1.3% area) of pressure-outlet 21.
  1044  2.9001e-06  1.0896e-08  1.4466e-08  2.8138e-08  1:25:44 3956

 Reversed flow on 37 faces (1.3% area) of pressure-outlet 21.
  1045  2.9222e-06  1.1130e-08  1.4388e-08  2.7609e-08  1:25:41 3955

 Reversed flow on 37 faces (1.3% area) of pressure-outlet 21.

  iter  continuity  x-velocity  y-velocity  z-velocity     time/iter
  1046  2.9900e-06  1.1408e-08  1.4125e-08  2.7752e-08  1:30:14 3954

 Reversed flow on 37 faces (1.3% area) of pressure-outlet 21.
  1047  3.0658e-06  1.1542e-08  1.3798e-08  2.8021e-08  1:29:16 3953

 Reversed flow on 37 faces (1.3% area) of pressure-outlet 21.
  1048  3.1236e-06  1.1482e-08  1.3433e-08  2.8648e-08  1:28:30 3952

 Reversed flow on 37 faces (1.3% area) of pressure-outlet 21.
  1049  3.1867e-06  1.1370e-08  1.3098e-08  2.9361e-08  1:27:53 3951

 Reversed flow on 37 faces (1.3% area) of pressure-outlet 21.
  1050  3.2723e-06  1.1251e-08  1.3290e-08  2.9991e-08  1:27:23 3950

 Reversed flow on 37 faces (1.3% area) of pressure-outlet 21.
  1051  3.3183e-06  1.1150e-08  1.3937e-08  2.9326e-08  1:26:58 3949

 Reversed flow on 37 faces (1.3% area) of pressure-outlet 21.
  1052  3.3436e-06  1.1027e-08  1.4519e-08  2.9505e-08  1:26:36 3948

 Reversed flow on 37 faces (1.3% area) of pressure-outlet 21.
  1053  3.3566e-06  1.0999e-08  1.4996e-08  2.9386e-08  1:26:22 3947

 Reversed flow on 37 faces (1.3% area) of pressure-outlet 21.
  1054  3.3433e-06  1.1260e-08  1.5373e-08  2.8845e-08  1:26:10 3946

 Reversed flow on 37 faces (1.3% area) of pressure-outlet 21.
  1055  3.2126e-06  1.1760e-08  1.5665e-08  2.8183e-08  1:26:00 3945

 Reversed flow on 37 faces (1.3% area) of pressure-outlet 21.
  1056  3.0959e-06  1.2131e-08  1.5525e-08  2.8595e-08  1:25:53 3944

 Reversed flow on 37 faces (1.3% area) of pressure-outlet 21.

  iter  continuity  x-velocity  y-velocity  z-velocity     time/iter
  1057  3.0003e-06  1.2261e-08  1.4983e-08  2.9188e-08  1:26:05 3943

 Reversed flow on 37 faces (1.3% area) of pressure-outlet 21.
  1058  2.9491e-06  1.2249e-08  1.4191e-08  2.9450e-08  1:26:00 3942

 Reversed flow on 37 faces (1.3% area) of pressure-outlet 21.
  1059  2.9188e-06  1.2113e-08  1.3421e-08  2.9531e-08  1:25:52 3941

 Reversed flow on 37 faces (1.3% area) of pressure-outlet 21.
  1060  2.9319e-06  1.1850e-08  1.2888e-08  2.9216e-08  1:25:44 3940

 Reversed flow on 37 faces (1.3% area) of pressure-outlet 21.
  1061  2.9618e-06  1.1540e-08  1.3098e-08  2.8447e-08  1:25:40 3939

 Reversed flow on 37 faces (1.3% area) of pressure-outlet 21.
  1062  3.0014e-06  1.1337e-08  1.3563e-08  2.7438e-08  1:25:35 3938

 Reversed flow on 37 faces (1.3% area) of pressure-outlet 21.
  1063  3.0282e-06  1.1307e-08  1.4205e-08  2.6564e-08  1:25:27 3937

 Reversed flow on 37 faces (1.3% area) of pressure-outlet 21.
  1064  3.0630e-06  1.1259e-08  1.4738e-08  2.5806e-08  1:25:24 3936

 Reversed flow on 37 faces (1.3% area) of pressure-outlet 21.
  1065  3.0912e-06  1.1331e-08  1.5108e-08  2.5849e-08  1:25:20 3935

 Reversed flow on 37 faces (1.3% area) of pressure-outlet 21.
  1066  3.1402e-06  1.1617e-08  1.5183e-08  2.6009e-08  1:25:15 3934

 Reversed flow on 37 faces (1.3% area) of pressure-outlet 21.
  1067  3.1649e-06  1.1711e-08  1.4980e-08  2.7107e-08  1:25:11 3933

 Reversed flow on 37 faces (1.3% area) of pressure-outlet 21.

  iter  continuity  x-velocity  y-velocity  z-velocity     time/iter
  1068  3.1515e-06  1.1693e-08  1.4547e-08  2.7775e-08  1:25:09 3932

 Reversed flow on 37 faces (1.3% area) of pressure-outlet 21.
  1069  3.0745e-06  1.1470e-08  1.3912e-08  2.8127e-08  1:25:14 3931

 Reversed flow on 37 faces (1.3% area) of pressure-outlet 21.
  1070  2.9296e-06  1.1089e-08  1.3174e-08  2.8736e-08  1:25:10 3930

 Reversed flow on 37 faces (1.3% area) of pressure-outlet 21.
  1071  2.7863e-06  1.0573e-08  1.2807e-08  2.8751e-08  1:25:05 3929

 Reversed flow on 37 faces (1.3% area) of pressure-outlet 21.
  1072  2.7018e-06  1.0121e-08  1.2770e-08  2.8360e-08  1:25:03 3928

 Reversed flow on 37 faces (1.3% area) of pressure-outlet 21.
  1073  2.6870e-06  9.8619e-09  1.3009e-08  2.7680e-08  1:25:00 3927

 Reversed flow on 37 faces (1.3% area) of pressure-outlet 21.
  1074  2.6831e-06  9.7917e-09  1.3431e-08  2.6783e-08  1:24:56 3926

 Reversed flow on 37 faces (1.3% area) of pressure-outlet 21.
  1075  2.7207e-06  9.9669e-09  1.3711e-08  2.5725e-08  1:24:55 3925

 Reversed flow on 37 faces (1.3% area) of pressure-outlet 21.
  1076  2.8005e-06  1.0490e-08  1.3889e-08  2.5594e-08  1:24:51 3924

 Reversed flow on 37 faces (1.3% area) of pressure-outlet 21.
  1077  2.9221e-06  1.0999e-08  1.4021e-08  2.6105e-08  1:24:53 3923

 Reversed flow on 37 faces (1.3% area) of pressure-outlet 21.
  1078  3.0200e-06  1.1346e-08  1.4056e-08  2.7059e-08  1:24:56 3922

 Reversed flow on 37 faces (1.3% area) of pressure-outlet 21.

  iter  continuity  x-velocity  y-velocity  z-velocity     time/iter
  1079  3.1583e-06  1.1615e-08  1.3918e-08  2.8096e-08  1:24:56 3921

 Reversed flow on 37 faces (1.3% area) of pressure-outlet 21.
  1080  3.2948e-06  1.1825e-08  1.3725e-08  2.9105e-08  1:24:56 3920

 Reversed flow on 37 faces (1.3% area) of pressure-outlet 21.
  1081  3.3733e-06  1.2032e-08  1.3765e-08  2.8748e-08  1:24:52 3919

 Reversed flow on 37 faces (1.3% area) of pressure-outlet 21.
  1082  3.3938e-06  1.2011e-08  1.4294e-08  2.8845e-08  1:24:51 3918

 Reversed flow on 37 faces (1.3% area) of pressure-outlet 21.
  1083  3.3726e-06  1.1920e-08  1.4727e-08  2.8452e-08  1:24:49 3917

 Reversed flow on 37 faces (1.3% area) of pressure-outlet 21.
  1084  3.2953e-06  1.1891e-08  1.5110e-08  2.7750e-08  1:24:47 3916

 Reversed flow on 37 faces (1.3% area) of pressure-outlet 21.
  1085  3.1936e-06  1.1763e-08  1.5275e-08  2.7339e-08  1:24:46 3915

 Reversed flow on 37 faces (1.3% area) of pressure-outlet 21.
  1086  3.0522e-06  1.1735e-08  1.5152e-08  2.8092e-08  1:24:44 3914

 Reversed flow on 37 faces (1.3% area) of pressure-outlet 21.
  1087  2.9561e-06  1.1956e-08  1.4765e-08  2.8799e-08  1:24:46 3913

 Reversed flow on 37 faces (1.3% area) of pressure-outlet 21.
  1088  2.8989e-06  1.2065e-08  1.4204e-08  2.9581e-08  1:24:44 3912

 Reversed flow on 37 faces (1.3% area) of pressure-outlet 21.
  1089  2.9054e-06  1.2022e-08  1.3578e-08  3.0144e-08  1:24:43 3911

 Reversed flow on 37 faces (1.3% area) of pressure-outlet 21.

  iter  continuity  x-velocity  y-velocity  z-velocity     time/iter
  1090  2.9493e-06  1.1779e-08  1.2904e-08  3.0261e-08  1:24:40 3910

 Reversed flow on 37 faces (1.3% area) of pressure-outlet 21.
  1091  3.0030e-06  1.1469e-08  1.2323e-08  2.9983e-08  1:24:39 3909

 Reversed flow on 37 faces (1.3% area) of pressure-outlet 21.
  1092  3.0631e-06  1.1207e-08  1.2437e-08  2.9403e-08  1:24:41 3908

 Reversed flow on 37 faces (1.3% area) of pressure-outlet 21.
  1093  3.1257e-06  1.0955e-08  1.3031e-08  2.8872e-08  1:24:39 3907

 Reversed flow on 37 faces (1.3% area) of pressure-outlet 21.
  1094  3.1818e-06  1.0813e-08  1.3705e-08  2.8361e-08  1:24:36 3906

 Reversed flow on 37 faces (1.3% area) of pressure-outlet 21.
  1095  3.2273e-06  1.0828e-08  1.4394e-08  2.7713e-08  1:24:40 3905

 Reversed flow on 37 faces (1.3% area) of pressure-outlet 21.
  1096  3.2866e-06  1.1024e-08  1.4920e-08  2.7246e-08  1:24:43 3904

 Reversed flow on 37 faces (1.3% area) of pressure-outlet 21.
  1097  3.3109e-06  1.1290e-08  1.5222e-08  2.8020e-08  1:24:40 3903

 Reversed flow on 37 faces (1.3% area) of pressure-outlet 21.
  1098  3.3163e-06  1.1557e-08  1.5264e-08  2.8904e-08  1:24:34 3902

 Reversed flow on 37 faces (1.3% area) of pressure-outlet 21.
  1099  3.2557e-06  1.1630e-08  1.5001e-08  2.9427e-08  1:24:31 3901

 Reversed flow on 37 faces (1.3% area) of pressure-outlet 21.
  1100  3.1617e-06  1.1523e-08  1.4374e-08  3.0162e-08  1:24:30 3900

 Reversed flow on 37 faces (1.3% area) of pressure-outlet 21.

  iter  continuity  x-velocity  y-velocity  z-velocity     time/iter
  1101  3.0451e-06  1.1281e-08  1.3506e-08  3.0590e-08  1:24:26 3899

 Reversed flow on 37 faces (1.3% area) of pressure-outlet 21.
  1102  2.9830e-06  1.1078e-08  1.2924e-08  3.0706e-08  1:24:25 3898

 Reversed flow on 37 faces (1.3% area) of pressure-outlet 21.
  1103  2.9622e-06  1.0871e-08  1.3156e-08  3.0182e-08  1:24:23 3897

 Reversed flow on 37 faces (1.3% area) of pressure-outlet 21.
  1104  2.9444e-06  1.0759e-08  1.3600e-08  2.9310e-08  1:24:20 3896

 Reversed flow on 37 faces (1.3% area) of pressure-outlet 21.
  1105  2.9473e-06  1.0773e-08  1.3980e-08  2.7875e-08  1:24:20 3895

 Reversed flow on 37 faces (1.3% area) of pressure-outlet 21.
  1106  3.0149e-06  1.1031e-08  1.4226e-08  2.7081e-08  1:24:19 3894

 Reversed flow on 37 faces (1.3% area) of pressure-outlet 21.
  1107  3.0132e-06  1.1522e-08  1.4538e-08  2.6383e-08  1:24:15 3893

 Reversed flow on 37 faces (1.3% area) of pressure-outlet 21.
  1108  3.0487e-06  1.2025e-08  1.4753e-08  2.6676e-08  1:24:16 3892

 Reversed flow on 37 faces (1.3% area) of pressure-outlet 21.
  1109  3.1157e-06  1.2297e-08  1.4709e-08  2.7748e-08  1:24:13 3891

 Reversed flow on 37 faces (1.3% area) of pressure-outlet 21.
  1110  3.2221e-06  1.2368e-08  1.4457e-08  2.8712e-08  1:24:10 3890

 Reversed flow on 37 faces (1.3% area) of pressure-outlet 21.
  1111  3.2648e-06  1.2285e-08  1.4107e-08  2.8391e-08  1:24:08 3889

 Reversed flow on 37 faces (1.3% area) of pressure-outlet 21.

  iter  continuity  x-velocity  y-velocity  z-velocity     time/iter
  1112  3.2551e-06  1.2003e-08  1.3696e-08  2.8621e-08  1:24:08 3888

 Reversed flow on 37 faces (1.3% area) of pressure-outlet 21.
  1113  3.2011e-06  1.1646e-08  1.3722e-08  2.8163e-08  1:24:06 3887

 Reversed flow on 37 faces (1.3% area) of pressure-outlet 21.
  1114  3.1041e-06  1.1228e-08  1.3927e-08  2.7245e-08  1:24:07 3886

 Reversed flow on 37 faces (1.3% area) of pressure-outlet 21.
  1115  2.9761e-06  1.0877e-08  1.4101e-08  2.6595e-08  1:24:06 3885

 Reversed flow on 37 faces (1.3% area) of pressure-outlet 21.
  1116  2.8241e-06  1.0596e-08  1.4178e-08  2.6227e-08  1:24:07 3884

 Reversed flow on 37 faces (1.3% area) of pressure-outlet 21.
  1117  2.7087e-06  1.0603e-08  1.4147e-08  2.5843e-08  1:24:06 3883

 Reversed flow on 37 faces (1.3% area) of pressure-outlet 21.
  1118  2.6300e-06  1.0814e-08  1.3993e-08  2.6006e-08  1:24:06 3882

 Reversed flow on 37 faces (1.3% area) of pressure-outlet 21.
  1119  2.6307e-06  1.0954e-08  1.3788e-08  2.6598e-08  1:24:04 3881

 Reversed flow on 37 faces (1.3% area) of pressure-outlet 21.
  1120  2.6960e-06  1.0933e-08  1.3445e-08  2.6927e-08  1:24:04 3880

 Reversed flow on 37 faces (1.3% area) of pressure-outlet 21.
  1121  2.7958e-06  1.0871e-08  1.2925e-08  2.7181e-08  1:24:00 3879

 Reversed flow on 37 faces (1.3% area) of pressure-outlet 21.
  1122  2.8829e-06  1.0817e-08  1.2483e-08  2.7334e-08  1:23:58 3878

 Reversed flow on 37 faces (1.3% area) of pressure-outlet 21.

  iter  continuity  x-velocity  y-velocity  z-velocity     time/iter
  1123  2.9778e-06  1.0717e-08  1.2605e-08  2.7564e-08  1:23:56 3877

 Reversed flow on 37 faces (1.3% area) of pressure-outlet 21.
  1124  3.0433e-06  1.0566e-08  1.3299e-08  2.7485e-08  1:23:56 3876

 Reversed flow on 37 faces (1.3% area) of pressure-outlet 21.
  1125  3.0998e-06  1.0540e-08  1.4065e-08  2.7275e-08  1:23:58 3875

 Reversed flow on 37 faces (1.3% area) of pressure-outlet 21.
  1126  3.1539e-06  1.0595e-08  1.4741e-08  2.6662e-08  1:23:58 3874

 Reversed flow on 37 faces (1.3% area) of pressure-outlet 21.
  1127  3.2094e-06  1.0615e-08  1.5131e-08  2.7239e-08  1:23:53 3873

 Reversed flow on 37 faces (1.3% area) of pressure-outlet 21.
  1128  3.2154e-06  1.0954e-08  1.5369e-08  2.7832e-08  1:23:54 3872

 Reversed flow on 37 faces (1.3% area) of pressure-outlet 21.
  1129  3.2007e-06  1.1395e-08  1.5401e-08  2.8528e-08  1:23:52 3871

 Reversed flow on 37 faces (1.3% area) of pressure-outlet 21.
  1130  3.1281e-06  1.1647e-08  1.5077e-08  2.9593e-08  1:23:52 3870

 Reversed flow on 37 faces (1.3% area) of pressure-outlet 21.
  1131  3.0653e-06  1.1694e-08  1.4401e-08  3.0277e-08  1:23:51 3869

 Reversed flow on 37 faces (1.3% area) of pressure-outlet 21.
  1132  3.0373e-06  1.1712e-08  1.3597e-08  3.0573e-08  1:23:50 3868

 Reversed flow on 37 faces (1.3% area) of pressure-outlet 21.
  1133  3.0392e-06  1.1761e-08  1.3161e-08  3.0138e-08  1:23:45 3867

 Reversed flow on 37 faces (1.3% area) of pressure-outlet 21.

  iter  continuity  x-velocity  y-velocity  z-velocity     time/iter
  1134  3.0134e-06  1.1745e-08  1.3437e-08  2.9051e-08  1:23:45 3866

 Reversed flow on 37 faces (1.3% area) of pressure-outlet 21.
  1135  3.0041e-06  1.1628e-08  1.3653e-08  2.7695e-08  1:23:44 3865

 Reversed flow on 37 faces (1.3% area) of pressure-outlet 21.
  1136  3.0315e-06  1.1644e-08  1.3865e-08  2.7035e-08  1:23:42 3864

 Reversed flow on 37 faces (1.3% area) of pressure-outlet 21.
  1137  3.0528e-06  1.1689e-08  1.4210e-08  2.6568e-08  1:23:40 3863

 Reversed flow on 37 faces (1.3% area) of pressure-outlet 21.
  1138  3.0664e-06  1.1903e-08  1.4639e-08  2.6930e-08  1:23:38 3862

 Reversed flow on 37 faces (1.3% area) of pressure-outlet 21.
  1139  3.1255e-06  1.2186e-08  1.4897e-08  2.8041e-08  1:23:37 3861

 Reversed flow on 37 faces (1.3% area) of pressure-outlet 21.
  1140  3.2391e-06  1.2387e-08  1.4948e-08  2.9469e-08  1:23:34 3860

 Reversed flow on 37 faces (1.3% area) of pressure-outlet 21.
  1141  3.3207e-06  1.2490e-08  1.4779e-08  2.9672e-08  1:23:31 3859

 Reversed flow on 37 faces (1.3% area) of pressure-outlet 21.
  1142  3.3571e-06  1.2366e-08  1.4255e-08  3.0404e-08  1:23:28 3858

 Reversed flow on 37 faces (1.3% area) of pressure-outlet 21.
  1143  3.3369e-06  1.2091e-08  1.3607e-08  3.0616e-08  1:23:27 3857

 Reversed flow on 37 faces (1.3% area) of pressure-outlet 21.
  1144  3.2768e-06  1.1726e-08  1.3517e-08  3.0318e-08  1:23:26 3856

 Reversed flow on 37 faces (1.3% area) of pressure-outlet 21.

  iter  continuity  x-velocity  y-velocity  z-velocity     time/iter
  1145  3.1754e-06  1.1296e-08  1.3839e-08  2.9794e-08  1:23:24 3855

 Reversed flow on 37 faces (1.3% area) of pressure-outlet 21.
  1146  3.0437e-06  1.1013e-08  1.4127e-08  2.9396e-08  1:23:23 3854

 Reversed flow on 37 faces (1.3% area) of pressure-outlet 21.
  1147  2.9362e-06  1.0861e-08  1.4321e-08  2.8378e-08  1:23:25 3853

 Reversed flow on 37 faces (1.3% area) of pressure-outlet 21.
  1148  2.8773e-06  1.0828e-08  1.4376e-08  2.8147e-08  1:23:31 3852

 Reversed flow on 37 faces (1.3% area) of pressure-outlet 21.
  1149  2.8663e-06  1.1050e-08  1.4464e-08  2.8198e-08  1:23:30 3851

 Reversed flow on 37 faces (1.3% area) of pressure-outlet 21.
  1150  2.9426e-06  1.1317e-08  1.4429e-08  2.8468e-08  1:23:34 3850

 Reversed flow on 37 faces (1.3% area) of pressure-outlet 21.
  1151  3.0350e-06  1.1473e-08  1.4197e-08  2.8656e-08  1:23:29 3849

 Reversed flow on 37 faces (1.3% area) of pressure-outlet 21.
  1152  3.1482e-06  1.1558e-08  1.3842e-08  2.8736e-08  1:23:27 3848

 Reversed flow on 37 faces (1.3% area) of pressure-outlet 21.
  1153  3.2348e-06  1.1569e-08  1.3495e-08  2.9081e-08  1:23:24 3847

 Reversed flow on 37 faces (1.3% area) of pressure-outlet 21.
  1154  3.2958e-06  1.1508e-08  1.3412e-08  2.9230e-08  1:23:22 3846

 Reversed flow on 37 faces (1.3% area) of pressure-outlet 21.
  1155  3.3295e-06  1.1440e-08  1.3926e-08  2.8942e-08  1:23:21 3845

 Reversed flow on 37 faces (1.3% area) of pressure-outlet 21.

  iter  continuity  x-velocity  y-velocity  z-velocity     time/iter
  1156  3.3710e-06  1.1291e-08  1.4408e-08  2.8622e-08  1:23:18 3844

 Reversed flow on 37 faces (1.3% area) of pressure-outlet 21.
  1157  3.3965e-06  1.1222e-08  1.4858e-08  2.8947e-08  1:23:19 3843

 Reversed flow on 37 faces (1.3% area) of pressure-outlet 21.
  1158  3.3694e-06  1.1429e-08  1.5294e-08  2.8668e-08  1:23:15 3842

 Reversed flow on 37 faces (1.3% area) of pressure-outlet 21.
  1159  3.2324e-06  1.1870e-08  1.5665e-08  2.8017e-08  1:23:15 3841

 Reversed flow on 37 faces (1.3% area) of pressure-outlet 21.
  1160  3.1012e-06  1.2156e-08  1.5630e-08  2.8455e-08  1:23:13 3840

 Reversed flow on 37 faces (1.3% area) of pressure-outlet 21.
  1161  2.9815e-06  1.2135e-08  1.5109e-08  2.9202e-08  1:23:09 3839

 Reversed flow on 37 faces (1.3% area) of pressure-outlet 21.
  1162  2.9340e-06  1.2020e-08  1.4273e-08  2.9563e-08  1:23:07 3838

 Reversed flow on 37 faces (1.3% area) of pressure-outlet 21.
  1163  2.9140e-06  1.1821e-08  1.3426e-08  2.9291e-08  1:23:07 3837

 Reversed flow on 37 faces (1.3% area) of pressure-outlet 21.
  1164  2.8653e-06  1.1540e-08  1.2706e-08  2.8559e-08  1:23:07 3836

 Reversed flow on 37 faces (1.3% area) of pressure-outlet 21.
  1165  2.8274e-06  1.1177e-08  1.2413e-08  2.7429e-08  1:23:04 3835

 Reversed flow on 37 faces (1.3% area) of pressure-outlet 21.
  1166  2.8109e-06  1.0879e-08  1.2542e-08  2.6177e-08  1:23:01 3834

 Reversed flow on 37 faces (1.3% area) of pressure-outlet 21.

  iter  continuity  x-velocity  y-velocity  z-velocity     time/iter
  1167  2.7881e-06  1.0694e-08  1.2886e-08  2.5181e-08  1:22:57 3833

 Reversed flow on 37 faces (1.3% area) of pressure-outlet 21.
  1168  2.7705e-06  1.0525e-08  1.3359e-08  2.4320e-08  1:22:57 3832

 Reversed flow on 37 faces (1.3% area) of pressure-outlet 21.
  1169  2.8040e-06  1.0440e-08  1.3700e-08  2.4525e-08  1:22:54 3831

 Reversed flow on 37 faces (1.3% area) of pressure-outlet 21.
  1170  2.8727e-06  1.0713e-08  1.3965e-08  2.4926e-08  1:22:55 3830

 Reversed flow on 37 faces (1.3% area) of pressure-outlet 21.
  1171  2.9357e-06  1.1050e-08  1.4126e-08  2.4970e-08  1:22:56 3829

 Reversed flow on 37 faces (1.3% area) of pressure-outlet 21.
  1172  2.9657e-06  1.1128e-08  1.3947e-08  2.5738e-08  1:22:56 3828

 Reversed flow on 37 faces (1.3% area) of pressure-outlet 21.
  1173  2.9759e-06  1.1055e-08  1.3437e-08  2.6252e-08  1:22:53 3827

 Reversed flow on 37 faces (1.3% area) of pressure-outlet 21.
  1174  2.9300e-06  1.0842e-08  1.2838e-08  2.6481e-08  1:22:52 3826

 Reversed flow on 37 faces (1.3% area) of pressure-outlet 21.
  1175  2.8533e-06  1.0500e-08  1.2510e-08  2.6619e-08  1:22:50 3825

 Reversed flow on 37 faces (1.3% area) of pressure-outlet 21.
  1176  2.7394e-06  1.0130e-08  1.2654e-08  2.6704e-08  1:22:48 3824

 Reversed flow on 37 faces (1.3% area) of pressure-outlet 21.
  1177  2.6584e-06  9.8508e-09  1.2837e-08  2.6527e-08  1:22:47 3823

 Reversed flow on 37 faces (1.3% area) of pressure-outlet 21.

  iter  continuity  x-velocity  y-velocity  z-velocity     time/iter
  1178  2.6230e-06  9.7605e-09  1.3094e-08  2.6496e-08  1:22:44 3822

 Reversed flow on 37 faces (1.3% area) of pressure-outlet 21.
  1179  2.6492e-06  9.8557e-09  1.3534e-08  2.6374e-08  1:22:42 3821

 Reversed flow on 37 faces (1.3% area) of pressure-outlet 21.
  1180  2.7556e-06  1.0246e-08  1.3982e-08  2.6573e-08  1:22:41 3820

 Reversed flow on 37 faces (1.3% area) of pressure-outlet 21.
  1181  2.9159e-06  1.0760e-08  1.4276e-08  2.7129e-08  1:22:39 3819

 Reversed flow on 37 faces (1.3% area) of pressure-outlet 21.
  1182  3.0825e-06  1.1275e-08  1.4449e-08  2.7802e-08  1:22:38 3818

 Reversed flow on 37 faces (1.3% area) of pressure-outlet 21.
  1183  3.2563e-06  1.1714e-08  1.4488e-08  2.8747e-08  1:22:37 3817

 Reversed flow on 37 faces (1.3% area) of pressure-outlet 21.
  1184  3.3818e-06  1.2052e-08  1.4380e-08  2.9416e-08  1:22:35 3816

 Reversed flow on 37 faces (1.3% area) of pressure-outlet 21.
  1185  3.4607e-06  1.2345e-08  1.4294e-08  2.9587e-08  1:22:37 3815

 Reversed flow on 37 faces (1.3% area) of pressure-outlet 21.
  1186  3.5151e-06  1.2405e-08  1.4617e-08  2.9573e-08  1:22:33 3814

 Reversed flow on 37 faces (1.3% area) of pressure-outlet 21.
  1187  3.5164e-06  1.2307e-08  1.5085e-08  2.9567e-08  1:22:34 3813

 Reversed flow on 37 faces (1.3% area) of pressure-outlet 21.
  1188  3.4411e-06  1.2312e-08  1.5484e-08  2.9349e-08  1:22:33 3812

 Reversed flow on 37 faces (1.3% area) of pressure-outlet 21.

  iter  continuity  x-velocity  y-velocity  z-velocity     time/iter
  1189  3.3071e-06  1.2212e-08  1.5716e-08  2.8695e-08  1:22:29 3811

 Reversed flow on 37 faces (1.3% area) of pressure-outlet 21.
  1190  3.1429e-06  1.2027e-08  1.5611e-08  2.9274e-08  1:22:27 3810

 Reversed flow on 37 faces (1.3% area) of pressure-outlet 21.
  1191  2.9935e-06  1.2062e-08  1.5204e-08  2.9647e-08  1:22:26 3809

 Reversed flow on 37 faces (1.3% area) of pressure-outlet 21.
  1192  2.9459e-06  1.2179e-08  1.4616e-08  3.0346e-08  1:22:23 3808

 Reversed flow on 37 faces (1.3% area) of pressure-outlet 21.
  1193  2.9427e-06  1.2176e-08  1.4025e-08  3.0432e-08  1:22:23 3807

 Reversed flow on 37 faces (1.3% area) of pressure-outlet 21.
  1194  2.9366e-06  1.2017e-08  1.3373e-08  3.0028e-08  1:22:22 3806

 Reversed flow on 37 faces (1.3% area) of pressure-outlet 21.
  1195  2.9334e-06  1.1713e-08  1.2541e-08  2.9423e-08  1:22:20 3805

 Reversed flow on 37 faces (1.3% area) of pressure-outlet 21.
  1196  2.9655e-06  1.1448e-08  1.2234e-08  2.8858e-08  1:22:16 3804

 Reversed flow on 37 faces (1.3% area) of pressure-outlet 21.
  1197  2.9982e-06  1.1125e-08  1.2622e-08  2.8331e-08  1:22:15 3803

 Reversed flow on 37 faces (1.3% area) of pressure-outlet 21.
  1198  3.0363e-06  1.0859e-08  1.3253e-08  2.8106e-08  1:22:17 3802

 Reversed flow on 37 faces (1.3% area) of pressure-outlet 21.
  1199  3.1135e-06  1.0746e-08  1.3918e-08  2.8209e-08  1:22:31 3801

 Reversed flow on 37 faces (1.3% area) of pressure-outlet 21.

  iter  continuity  x-velocity  y-velocity  z-velocity     time/iter
  1200  3.2160e-06  1.0814e-08  1.4611e-08  2.8236e-08  1:27:09 3800

 Reversed flow on 37 faces (1.3% area) of pressure-outlet 21.
  1201  3.2823e-06  1.1182e-08  1.5243e-08  2.8091e-08  1:27:48 3799

 Reversed flow on 37 faces (1.3% area) of pressure-outlet 21.
  1202  3.3342e-06  1.1460e-08  1.5496e-08  2.8964e-08  1:30:17 3798

 Reversed flow on 37 faces (1.3% area) of pressure-outlet 21.
  1203  3.3405e-06  1.1591e-08  1.5331e-08  2.9558e-08  1:36:30 3797

 Reversed flow on 37 faces (1.3% area) of pressure-outlet 21.
  1204  3.3327e-06  1.1586e-08  1.4865e-08  2.9859e-08  1:34:29 3796

 Reversed flow on 37 faces (1.3% area) of pressure-outlet 21.
  1205  3.2612e-06  1.1491e-08  1.4180e-08  3.0275e-08  1:32:39 3795

 Reversed flow on 37 faces (1.3% area) of pressure-outlet 21.
  1206  3.1501e-06  1.1354e-08  1.3528e-08  3.0681e-08  1:31:57 3794

 Reversed flow on 37 faces (1.3% area) of pressure-outlet 21.
  1207  3.0533e-06  1.1217e-08  1.3485e-08  3.0597e-08  1:31:11 3793

 Reversed flow on 37 faces (1.3% area) of pressure-outlet 21.
  1208  2.9898e-06  1.1147e-08  1.3725e-08  3.0116e-08  1:30:24 3792

 Reversed flow on 37 faces (1.3% area) of pressure-outlet 21.
  1209  2.9742e-06  1.1252e-08  1.4226e-08  2.9488e-08  1:29:54 3791

 Reversed flow on 37 faces (1.3% area) of pressure-outlet 21.
  1210  3.0257e-06  1.1423e-08  1.4684e-08  2.8348e-08  1:28:56 3790

 Reversed flow on 37 faces (1.3% area) of pressure-outlet 21.

  iter  continuity  x-velocity  y-velocity  z-velocity     time/iter
  1211  3.0563e-06  1.1771e-08  1.5057e-08  2.7574e-08  1:28:06 3789

 Reversed flow on 37 faces (1.3% area) of pressure-outlet 21.
  1212  3.1362e-06  1.2347e-08  1.5281e-08  2.7084e-08  1:27:32 3788

 Reversed flow on 37 faces (1.3% area) of pressure-outlet 21.
  1213  3.2295e-06  1.2748e-08  1.5339e-08  2.7841e-08  1:27:02 3787

 Reversed flow on 37 faces (1.3% area) of pressure-outlet 21.
  1214  3.2935e-06  1.2879e-08  1.5150e-08  2.8327e-08  1:26:44 3786

 Reversed flow on 37 faces (1.3% area) of pressure-outlet 21.
  1215  3.3331e-06  1.2814e-08  1.4730e-08  2.8408e-08  1:26:54 3785

 Reversed flow on 37 faces (1.3% area) of pressure-outlet 21.
  1216  3.3473e-06  1.2531e-08  1.4091e-08  2.8530e-08  1:26:46 3784

 Reversed flow on 37 faces (1.3% area) of pressure-outlet 21.
  1217  3.3107e-06  1.2117e-08  1.3863e-08  2.8646e-08  1:26:30 3783

 Reversed flow on 37 faces (1.3% area) of pressure-outlet 21.
  1218  3.2069e-06  1.1680e-08  1.4001e-08  2.8167e-08  1:26:24 3782

 Reversed flow on 37 faces (1.3% area) of pressure-outlet 21.
  1219  3.0541e-06  1.1237e-08  1.4172e-08  2.7592e-08  1:26:09 3781

 Reversed flow on 37 faces (1.3% area) of pressure-outlet 21.
  1220  2.8853e-06  1.0783e-08  1.4221e-08  2.7300e-08  1:25:58 3780

 Reversed flow on 37 faces (1.3% area) of pressure-outlet 21.
  1221  2.7227e-06  1.0499e-08  1.4110e-08  2.6708e-08  1:25:50 3779

 Reversed flow on 37 faces (1.3% area) of pressure-outlet 21.

  iter  continuity  x-velocity  y-velocity  z-velocity     time/iter
  1222  2.6466e-06  1.0582e-08  1.3927e-08  2.6651e-08  1:25:49 3778

 Reversed flow on 37 faces (1.3% area) of pressure-outlet 21.
  1223  2.6401e-06  1.0736e-08  1.3779e-08  2.6554e-08  1:25:43 3777

 Reversed flow on 37 faces (1.3% area) of pressure-outlet 21.
  1224  2.6258e-06  1.0754e-08  1.3484e-08  2.6278e-08  1:25:43 3776

 Reversed flow on 37 faces (1.3% area) of pressure-outlet 21.
  1225  2.6661e-06  1.0697e-08  1.2772e-08  2.6056e-08  1:25:38 3775

 Reversed flow on 37 faces (1.3% area) of pressure-outlet 21.
  1226  2.7152e-06  1.0644e-08  1.2047e-08  2.6004e-08  1:25:16 3774

 Reversed flow on 37 faces (1.3% area) of pressure-outlet 21.
  1227  2.7626e-06  1.0450e-08  1.1620e-08  2.6034e-08  1:26:03 3773

 Reversed flow on 37 faces (1.3% area) of pressure-outlet 21.
  1228  2.7942e-06  1.0195e-08  1.2083e-08  2.6150e-08  1:26:06 3772

 Reversed flow on 37 faces (1.3% area) of pressure-outlet 21.
  1229  2.8569e-06  1.0017e-08  1.2729e-08  2.6242e-08  1:25:42 3771

 Reversed flow on 37 faces (1.3% area) of pressure-outlet 21.
  1230  2.9342e-06  1.0048e-08  1.3499e-08  2.6020e-08  1:25:19 3770

 Reversed flow on 37 faces (1.3% area) of pressure-outlet 21.
  1231  3.0044e-06  1.0159e-08  1.4169e-08  2.5225e-08  1:25:02 3769

 Reversed flow on 37 faces (1.3% area) of pressure-outlet 21.
  1232  3.0611e-06  1.0344e-08  1.4577e-08  2.5923e-08  1:25:17 3768

 Reversed flow on 37 faces (1.3% area) of pressure-outlet 21.

  iter  continuity  x-velocity  y-velocity  z-velocity     time/iter
  1233  3.1112e-06  1.0824e-08  1.4720e-08  2.6379e-08  1:25:11 3767

 Reversed flow on 37 faces (1.3% area) of pressure-outlet 21.
  1234  3.1343e-06  1.1229e-08  1.4684e-08  2.7081e-08  1:25:10 3766

 Reversed flow on 37 faces (1.3% area) of pressure-outlet 21.
  1235  3.1189e-06  1.1435e-08  1.4362e-08  2.7995e-08  1:25:01 3765

 Reversed flow on 37 faces (1.3% area) of pressure-outlet 21.
  1236  3.0636e-06  1.1510e-08  1.3785e-08  2.8771e-08  1:24:58 3764

 Reversed flow on 37 faces (1.3% area) of pressure-outlet 21.
  1237  3.0073e-06  1.1576e-08  1.3122e-08  2.9113e-08  1:24:45 3763

 Reversed flow on 37 faces (1.3% area) of pressure-outlet 21.
  1238  2.9601e-06  1.1562e-08  1.2967e-08  2.9005e-08  1:24:40 3762

 Reversed flow on 37 faces (1.3% area) of pressure-outlet 21.
  1239  2.9461e-06  1.1427e-08  1.3297e-08  2.8655e-08  1:24:38 3761

 Reversed flow on 37 faces (1.3% area) of pressure-outlet 21.
  1240  2.9802e-06  1.1275e-08  1.3642e-08  2.8342e-08  1:24:35 3760

 Reversed flow on 37 faces (1.3% area) of pressure-outlet 21.
  1241  3.0411e-06  1.1215e-08  1.4014e-08  2.7915e-08  1:24:31 3759

 Reversed flow on 37 faces (1.3% area) of pressure-outlet 21.
  1242  3.1039e-06  1.1395e-08  1.4455e-08  2.7482e-08  1:24:43 3758

 Reversed flow on 37 faces (1.3% area) of pressure-outlet 21.
  1243  3.1705e-06  1.1811e-08  1.4856e-08  2.8151e-08  1:26:29 3757

 Reversed flow on 37 faces (1.3% area) of pressure-outlet 21.

  iter  continuity  x-velocity  y-velocity  z-velocity     time/iter
  1244  3.2563e-06  1.2148e-08  1.5050e-08  2.8978e-08  1:27:18 3756

 Reversed flow on 37 faces (1.3% area) of pressure-outlet 21.
  1245  3.3148e-06  1.2370e-08  1.4983e-08  2.9481e-08  1:28:08 3755

 Reversed flow on 37 faces (1.3% area) of pressure-outlet 21.
  1246  3.3864e-06  1.2352e-08  1.4514e-08  3.0055e-08  1:28:25 3754

 Reversed flow on 37 faces (1.3% area) of pressure-outlet 21.
  1247  3.3952e-06  1.2175e-08  1.3915e-08  3.0688e-08  1:28:21 3753

 Reversed flow on 37 faces (1.3% area) of pressure-outlet 21.
  1248  3.3465e-06  1.1936e-08  1.3533e-08  3.0804e-08  1:28:09 3752

 Reversed flow on 37 faces (1.3% area) of pressure-outlet 21.
  1249  3.2350e-06  1.1582e-08  1.3827e-08  3.0508e-08  1:27:57 3751

 Reversed flow on 37 faces (1.3% area) of pressure-outlet 21.
  1250  3.0975e-06  1.1186e-08  1.4086e-08  3.0162e-08  1:28:09 3750

 Reversed flow on 37 faces (1.3% area) of pressure-outlet 21.
  1251  2.9470e-06  1.0908e-08  1.4267e-08  2.9298e-08  1:27:46 3749

 Reversed flow on 37 faces (1.3% area) of pressure-outlet 21.
  1252  2.9018e-06  1.0743e-08  1.4307e-08  2.8655e-08  1:26:53 3748

 Reversed flow on 37 faces (1.3% area) of pressure-outlet 21.
  1253  2.8891e-06  1.0804e-08  1.4420e-08  2.8350e-08  1:26:09 3747

 Reversed flow on 37 faces (1.3% area) of pressure-outlet 21.
  1254  2.8953e-06  1.1080e-08  1.4423e-08  2.7963e-08  1:25:33 3746

 Reversed flow on 37 faces (1.3% area) of pressure-outlet 21.

  iter  continuity  x-velocity  y-velocity  z-velocity     time/iter
  1255  2.9254e-06  1.1283e-08  1.4041e-08  2.7898e-08  1:25:12 3745

 Reversed flow on 37 faces (1.3% area) of pressure-outlet 21.
  1256  3.0092e-06  1.1398e-08  1.3556e-08  2.8018e-08  1:24:52 3744

 Reversed flow on 37 faces (1.3% area) of pressure-outlet 21.
  1257  3.0753e-06  1.1321e-08  1.3071e-08  2.8402e-08  1:24:31 3743

 Reversed flow on 37 faces (1.3% area) of pressure-outlet 21.
  1258  3.1235e-06  1.1223e-08  1.2809e-08  2.9033e-08  1:25:16 3742

 Reversed flow on 37 faces (1.3% area) of pressure-outlet 21.
  1259  3.1899e-06  1.1093e-08  1.3106e-08  2.9524e-08  1:24:51 3741

 Reversed flow on 37 faces (1.3% area) of pressure-outlet 21.
  1260  3.2739e-06  1.0971e-08  1.3774e-08  2.9531e-08  1:24:02 3740

 Reversed flow on 37 faces (1.3% area) of pressure-outlet 21.
  1261  3.3334e-06  1.1022e-08  1.4479e-08  2.9126e-08  1:23:26 3739

 Reversed flow on 37 faces (1.3% area) of pressure-outlet 21.
  1262  3.3575e-06  1.1163e-08  1.5070e-08  2.8939e-08  1:22:57 3738

 Reversed flow on 37 faces (1.3% area) of pressure-outlet 21.
  1263  3.2941e-06  1.1544e-08  1.5506e-08  2.7932e-08  1:22:44 3737

 Reversed flow on 37 faces (1.3% area) of pressure-outlet 21.
  1264  3.2235e-06  1.1950e-08  1.5695e-08  2.7661e-08  1:22:22 3736

 Reversed flow on 37 faces (1.3% area) of pressure-outlet 21.
  1265  3.1457e-06  1.2132e-08  1.5489e-08  2.8411e-08  1:22:02 3735

 Reversed flow on 37 faces (1.3% area) of pressure-outlet 21.

  iter  continuity  x-velocity  y-velocity  z-velocity     time/iter
  1266  3.0280e-06  1.2121e-08  1.4922e-08  2.8985e-08  1:21:45 3734

 Reversed flow on 37 faces (1.3% area) of pressure-outlet 21.
  1267  2.9490e-06  1.2007e-08  1.4037e-08  2.9244e-08  1:21:37 3733

 Reversed flow on 37 faces (1.3% area) of pressure-outlet 21.
  1268  2.8762e-06  1.1847e-08  1.3130e-08  2.9200e-08  1:21:29 3732

 Reversed flow on 37 faces (1.3% area) of pressure-outlet 21.
  1269  2.8440e-06  1.1607e-08  1.2759e-08  2.8916e-08  1:21:24 3731

 Reversed flow on 37 faces (1.3% area) of pressure-outlet 21.
  1270  2.8475e-06  1.1270e-08  1.3025e-08  2.8123e-08  1:21:19 3730

 Reversed flow on 37 faces (1.3% area) of pressure-outlet 21.
  1271  2.8896e-06  1.1054e-08  1.3424e-08  2.7254e-08  1:21:14 3729

 Reversed flow on 37 faces (1.3% area) of pressure-outlet 21.
  1272  2.9250e-06  1.0996e-08  1.4016e-08  2.5937e-08  1:21:04 3728

 Reversed flow on 37 faces (1.3% area) of pressure-outlet 21.
  1273  2.9880e-06  1.0990e-08  1.4491e-08  2.5577e-08  1:20:59 3727

 Reversed flow on 37 faces (1.3% area) of pressure-outlet 21.
  1274  3.0288e-06  1.1136e-08  1.4854e-08  2.5727e-08  1:20:56 3726

 Reversed flow on 37 faces (1.3% area) of pressure-outlet 21.
  1275  3.0847e-06  1.1515e-08  1.5035e-08  2.5944e-08  1:20:53 3725

 Reversed flow on 37 faces (1.3% area) of pressure-outlet 21.
  1276  3.1337e-06  1.1612e-08  1.4836e-08  2.6741e-08  1:20:48 3724

 Reversed flow on 37 faces (1.3% area) of pressure-outlet 21.

  iter  continuity  x-velocity  y-velocity  z-velocity     time/iter
  1277  3.1621e-06  1.1543e-08  1.4384e-08  2.7790e-08  1:20:44 3723

 Reversed flow on 37 faces (1.3% area) of pressure-outlet 21.
  1278  3.1184e-06  1.1347e-08  1.3773e-08  2.8380e-08  1:20:42 3722

 Reversed flow on 37 faces (1.3% area) of pressure-outlet 21.
  1279  3.0271e-06  1.0999e-08  1.3251e-08  2.8736e-08  1:20:37 3721

 Reversed flow on 37 faces (1.3% area) of pressure-outlet 21.
  1280  2.8950e-06  1.0550e-08  1.3162e-08  2.8848e-08  1:20:36 3720

 Reversed flow on 37 faces (1.3% area) of pressure-outlet 21.
  1281  2.7657e-06  1.0087e-08  1.3208e-08  2.8537e-08  1:20:36 3719

 Reversed flow on 37 faces (1.3% area) of pressure-outlet 21.
  1282  2.7323e-06  9.9059e-09  1.3330e-08  2.8236e-08  1:20:33 3718

 Reversed flow on 37 faces (1.3% area) of pressure-outlet 21.
  1283  2.7402e-06  9.9476e-09  1.3709e-08  2.7395e-08  1:20:32 3717

 Reversed flow on 37 faces (1.3% area) of pressure-outlet 21.
  1284  2.7708e-06  1.0260e-08  1.4119e-08  2.6498e-08  1:20:30 3716

 Reversed flow on 37 faces (1.3% area) of pressure-outlet 21.
  1285  2.8367e-06  1.0791e-08  1.4188e-08  2.6259e-08  1:20:31 3715

 Reversed flow on 37 faces (1.3% area) of pressure-outlet 21.
  1286  2.9599e-06  1.1330e-08  1.4179e-08  2.6656e-08  1:20:28 3714

 Reversed flow on 37 faces (1.3% area) of pressure-outlet 21.
  1287  3.0643e-06  1.1641e-08  1.4064e-08  2.7341e-08  1:20:26 3713

 Reversed flow on 37 faces (1.3% area) of pressure-outlet 21.

  iter  continuity  x-velocity  y-velocity  z-velocity     time/iter
  1288  3.1671e-06  1.1885e-08  1.3871e-08  2.8170e-08  1:20:27 3712

 Reversed flow on 37 faces (1.3% area) of pressure-outlet 21.
  1289  3.2647e-06  1.2065e-08  1.3614e-08  2.8901e-08  1:20:25 3711

 Reversed flow on 37 faces (1.3% area) of pressure-outlet 21.
  1290  3.3554e-06  1.2145e-08  1.3763e-08  2.8975e-08  1:20:22 3710

 Reversed flow on 37 faces (1.3% area) of pressure-outlet 21.
  1291  3.3803e-06  1.2108e-08  1.4346e-08  2.8465e-08  1:20:23 3709

 Reversed flow on 37 faces (1.3% area) of pressure-outlet 21.
  1292  3.3642e-06  1.2003e-08  1.4807e-08  2.8569e-08  1:20:22 3708

 Reversed flow on 37 faces (1.3% area) of pressure-outlet 21.
  1293  3.2978e-06  1.1928e-08  1.5148e-08  2.7745e-08  1:20:20 3707

 Reversed flow on 37 faces (1.3% area) of pressure-outlet 21.
  1294  3.2146e-06  1.1780e-08  1.5264e-08  2.7624e-08  1:20:20 3706

 Reversed flow on 37 faces (1.3% area) of pressure-outlet 21.
  1295  3.0973e-06  1.1803e-08  1.5156e-08  2.8232e-08  1:20:16 3705

 Reversed flow on 37 faces (1.3% area) of pressure-outlet 21.
  1296  3.0021e-06  1.1952e-08  1.4795e-08  2.9047e-08  1:20:19 3704

 Reversed flow on 37 faces (1.3% area) of pressure-outlet 21.
  1297  2.9208e-06  1.1991e-08  1.4152e-08  2.9754e-08  1:20:17 3703

 Reversed flow on 37 faces (1.3% area) of pressure-outlet 21.
  1298  2.8890e-06  1.1895e-08  1.3348e-08  3.0080e-08  1:20:16 3702

 Reversed flow on 37 faces (1.3% area) of pressure-outlet 21.

  iter  continuity  x-velocity  y-velocity  z-velocity     time/iter
  1299  2.8849e-06  1.1610e-08  1.2675e-08  3.0248e-08  1:20:11 3701

 Reversed flow on 37 faces (1.3% area) of pressure-outlet 21.
  1300  2.9276e-06  1.1241e-08  1.2203e-08  2.9983e-08  1:20:09 3700

 Reversed flow on 37 faces (1.3% area) of pressure-outlet 21.
  1301  2.9985e-06  1.0938e-08  1.2460e-08  2.9333e-08  1:20:06 3699

 Reversed flow on 37 faces (1.3% area) of pressure-outlet 21.
  1302  3.0715e-06  1.0698e-08  1.3024e-08  2.8383e-08  1:20:04 3698

 Reversed flow on 37 faces (1.3% area) of pressure-outlet 21.
  1303  3.1433e-06  1.0639e-08  1.3685e-08  2.7962e-08  1:20:04 3697

 Reversed flow on 37 faces (1.3% area) of pressure-outlet 21.
  1304  3.1950e-06  1.0663e-08  1.4370e-08  2.7438e-08  1:20:04 3696

 Reversed flow on 37 faces (1.3% area) of pressure-outlet 21.
  1305  3.2446e-06  1.1011e-08  1.4980e-08  2.7073e-08  1:20:07 3695

 Reversed flow on 37 faces (1.3% area) of pressure-outlet 21.
  1306  3.2990e-06  1.1303e-08  1.5217e-08  2.7713e-08  1:20:04 3694

 Reversed flow on 37 faces (1.3% area) of pressure-outlet 21.
  1307  3.3232e-06  1.1513e-08  1.5187e-08  2.8733e-08  1:20:02 3693

 Reversed flow on 37 faces (1.3% area) of pressure-outlet 21.
  1308  3.3061e-06  1.1593e-08  1.4850e-08  2.9385e-08  1:20:00 3692

 Reversed flow on 37 faces (1.3% area) of pressure-outlet 21.
  1309  3.2351e-06  1.1531e-08  1.4276e-08  3.0026e-08  1:19:58 3691

 Reversed flow on 37 faces (1.3% area) of pressure-outlet 21.

  iter  continuity  x-velocity  y-velocity  z-velocity     time/iter
  1310  3.1215e-06  1.1326e-08  1.3520e-08  3.0628e-08  1:19:56 3690

 Reversed flow on 37 faces (1.3% area) of pressure-outlet 21.
  1311  3.0080e-06  1.1042e-08  1.3202e-08  3.0755e-08  1:19:55 3689

 Reversed flow on 37 faces (1.3% area) of pressure-outlet 21.
  1312  2.9718e-06  1.0827e-08  1.3349e-08  3.0430e-08  1:19:52 3688

 Reversed flow on 37 faces (1.3% area) of pressure-outlet 21.
  1313  2.9577e-06  1.0853e-08  1.3796e-08  2.9511e-08  1:19:50 3687

 Reversed flow on 37 faces (1.3% area) of pressure-outlet 21.
  1314  2.9393e-06  1.1004e-08  1.4291e-08  2.7771e-08  1:19:50 3686

 Reversed flow on 37 faces (1.3% area) of pressure-outlet 21.
  1315  2.9102e-06  1.1262e-08  1.4419e-08  2.6481e-08  1:19:47 3685

 Reversed flow on 37 faces (1.3% area) of pressure-outlet 21.
  1316  2.9480e-06  1.1722e-08  1.4507e-08  2.5940e-08  1:19:50 3684

 Reversed flow on 37 faces (1.3% area) of pressure-outlet 21.
  1317  3.0018e-06  1.2028e-08  1.4472e-08  2.6498e-08  1:19:50 3683

 Reversed flow on 37 faces (1.3% area) of pressure-outlet 21.
  1318  3.0378e-06  1.2152e-08  1.4322e-08  2.7306e-08  1:19:46 3682

 Reversed flow on 37 faces (1.3% area) of pressure-outlet 21.
  1319  3.1100e-06  1.2075e-08  1.3952e-08  2.8039e-08  1:19:45 3681

 Reversed flow on 37 faces (1.3% area) of pressure-outlet 21.
  1320  3.1709e-06  1.1917e-08  1.3541e-08  2.8110e-08  1:19:42 3680

 Reversed flow on 37 faces (1.3% area) of pressure-outlet 21.

  iter  continuity  x-velocity  y-velocity  z-velocity     time/iter
  1321  3.1758e-06  1.1662e-08  1.3306e-08  2.7838e-08  1:19:42 3679

 Reversed flow on 37 faces (1.3% area) of pressure-outlet 21.
  1322  3.1330e-06  1.1302e-08  1.3542e-08  2.7477e-08  1:19:41 3678

 Reversed flow on 37 faces (1.3% area) of pressure-outlet 21.
  1323  3.0633e-06  1.0945e-08  1.3762e-08  2.6654e-08  1:19:39 3677

 Reversed flow on 37 faces (1.3% area) of pressure-outlet 21.
  1324  2.9693e-06  1.0619e-08  1.4010e-08  2.5905e-08  1:19:37 3676

 Reversed flow on 37 faces (1.3% area) of pressure-outlet 21.
  1325  2.8402e-06  1.0401e-08  1.4159e-08  2.5488e-08  1:19:34 3675

 Reversed flow on 37 faces (1.3% area) of pressure-outlet 21.
  1326  2.7117e-06  1.0489e-08  1.4186e-08  2.5437e-08  1:19:32 3674

 Reversed flow on 37 faces (1.3% area) of pressure-outlet 21.
  1327  2.6310e-06  1.0692e-08  1.3979e-08  2.5829e-08  1:19:31 3673

 Reversed flow on 37 faces (1.3% area) of pressure-outlet 21.
  1328  2.5970e-06  1.0819e-08  1.3605e-08  2.6343e-08  1:19:29 3672

 Reversed flow on 37 faces (1.3% area) of pressure-outlet 21.
  1329  2.6326e-06  1.0828e-08  1.3208e-08  2.7018e-08  1:19:28 3671

 Reversed flow on 37 faces (1.3% area) of pressure-outlet 21.
  1330  2.7074e-06  1.0706e-08  1.2643e-08  2.7385e-08  1:19:25 3670

 Reversed flow on 37 faces (1.3% area) of pressure-outlet 21.
  1331  2.8226e-06  1.0570e-08  1.2186e-08  2.7554e-08  1:19:24 3669

 Reversed flow on 37 faces (1.3% area) of pressure-outlet 21.

  iter  continuity  x-velocity  y-velocity  z-velocity     time/iter
  1332  2.9266e-06  1.0450e-08  1.2498e-08  2.7461e-08  1:19:22 3668

 Reversed flow on 37 faces (1.3% area) of pressure-outlet 21.
  1333  3.0139e-06  1.0362e-08  1.3248e-08  2.7387e-08  1:19:21 3667

 Reversed flow on 37 faces (1.3% area) of pressure-outlet 21.
  1334  3.0741e-06  1.0412e-08  1.4081e-08  2.7147e-08  1:19:20 3666

 Reversed flow on 37 faces (1.3% area) of pressure-outlet 21.
  1335  3.1481e-06  1.0616e-08  1.4826e-08  2.6426e-08  1:19:17 3665

 Reversed flow on 37 faces (1.3% area) of pressure-outlet 21.
  1336  3.2387e-06  1.0723e-08  1.5216e-08  2.7069e-08  1:19:17 3664

 Reversed flow on 37 faces (1.3% area) of pressure-outlet 21.
  1337  3.2882e-06  1.1203e-08  1.5468e-08  2.7857e-08  1:19:21 3663

 Reversed flow on 37 faces (1.3% area) of pressure-outlet 21.
  1338  3.3093e-06  1.1716e-08  1.5486e-08  2.8803e-08  1:19:23 3662

 Reversed flow on 37 faces (1.3% area) of pressure-outlet 21.
  1339  3.2548e-06  1.1987e-08  1.5270e-08  2.9796e-08  1:19:18 3661

 Reversed flow on 37 faces (1.3% area) of pressure-outlet 21.
  1340  3.1801e-06  1.2023e-08  1.4644e-08  3.0504e-08  1:19:18 3660

 Reversed flow on 37 faces (1.3% area) of pressure-outlet 21.
  1341  3.0869e-06  1.1989e-08  1.3829e-08  3.0699e-08  1:19:17 3659

 Reversed flow on 37 faces (1.3% area) of pressure-outlet 21.
  1342  3.0594e-06  1.1933e-08  1.3351e-08  3.0453e-08  1:19:16 3658

 Reversed flow on 37 faces (1.3% area) of pressure-outlet 21.

  iter  continuity  x-velocity  y-velocity  z-velocity     time/iter
  1343  3.0224e-06  1.1854e-08  1.3590e-08  2.9368e-08  1:19:15 3657

 Reversed flow on 37 faces (1.3% area) of pressure-outlet 21.
  1344  2.9860e-06  1.1700e-08  1.3857e-08  2.8269e-08  1:19:16 3656

 Reversed flow on 37 faces (1.3% area) of pressure-outlet 21.
  1345  2.9763e-06  1.1624e-08  1.3964e-08  2.7386e-08  1:19:14 3655

 Reversed flow on 37 faces (1.3% area) of pressure-outlet 21.
  1346  3.0028e-06  1.1712e-08  1.4214e-08  2.6810e-08  1:19:09 3654

 Reversed flow on 37 faces (1.3% area) of pressure-outlet 21.
  1347  3.0303e-06  1.1897e-08  1.4508e-08  2.7157e-08  1:19:06 3653

 Reversed flow on 37 faces (1.3% area) of pressure-outlet 21.
  1348  3.0907e-06  1.2175e-08  1.4721e-08  2.8179e-08  1:19:05 3652

 Reversed flow on 37 faces (1.3% area) of pressure-outlet 21.
  1349  3.1750e-06  1.2295e-08  1.4689e-08  2.9387e-08  1:19:03 3651

 Reversed flow on 37 faces (1.3% area) of pressure-outlet 21.
  1350  3.2809e-06  1.2323e-08  1.4454e-08  2.9800e-08  1:19:02 3650

 Reversed flow on 37 faces (1.3% area) of pressure-outlet 21.
  1351  3.3308e-06  1.2187e-08  1.4022e-08  3.0245e-08  1:19:06 3649

 Reversed flow on 37 faces (1.3% area) of pressure-outlet 21.
  1352  3.3397e-06  1.1909e-08  1.3573e-08  3.0602e-08  1:19:00 3648

 Reversed flow on 37 faces (1.3% area) of pressure-outlet 21.
  1353  3.3142e-06  1.1595e-08  1.3692e-08  3.0333e-08  1:18:59 3647

 Reversed flow on 37 faces (1.3% area) of pressure-outlet 21.

  iter  continuity  x-velocity  y-velocity  z-velocity     time/iter
  1354  3.2459e-06  1.1236e-08  1.4110e-08  2.9436e-08  1:18:56 3646

 Reversed flow on 37 faces (1.3% area) of pressure-outlet 21.
  1355  3.1208e-06  1.1014e-08  1.4464e-08  2.8914e-08  1:18:55 3645

 Reversed flow on 37 faces (1.3% area) of pressure-outlet 21.
  1356  3.0007e-06  1.0871e-08  1.4683e-08  2.8135e-08  1:18:55 3644

 Reversed flow on 37 faces (1.3% area) of pressure-outlet 21.
  1357  2.9192e-06  1.0827e-08  1.4683e-08  2.8194e-08  1:18:51 3643

 Reversed flow on 37 faces (1.3% area) of pressure-outlet 21.
  1358  2.8839e-06  1.1163e-08  1.4571e-08  2.8142e-08  1:18:52 3642

 Reversed flow on 37 faces (1.3% area) of pressure-outlet 21.
  1359  2.9175e-06  1.1441e-08  1.4493e-08  2.8638e-08  1:18:53 3641

 Reversed flow on 37 faces (1.3% area) of pressure-outlet 21.
  1360  2.9904e-06  1.1525e-08  1.4167e-08  2.8934e-08  1:23:03 3640

 Reversed flow on 37 faces (1.3% area) of pressure-outlet 21.
  1361  3.1081e-06  1.1543e-08  1.3677e-08  2.9103e-08  1:22:09 3639

 Reversed flow on 37 faces (1.3% area) of pressure-outlet 21.
  1362  3.2049e-06  1.1545e-08  1.3322e-08  2.9230e-08  1:21:26 3638

 Reversed flow on 37 faces (1.3% area) of pressure-outlet 21.
  1363  3.2793e-06  1.1498e-08  1.3385e-08  2.9399e-08  1:20:55 3637

 Reversed flow on 37 faces (1.3% area) of pressure-outlet 21.
  1364  3.3209e-06  1.1392e-08  1.3963e-08  2.9111e-08  1:20:31 3636

 Reversed flow on 37 faces (1.3% area) of pressure-outlet 21.

  iter  continuity  x-velocity  y-velocity  z-velocity     time/iter
  1365  3.3707e-06  1.1447e-08  1.4575e-08  2.8525e-08  1:20:08 3635

 Reversed flow on 37 faces (1.3% area) of pressure-outlet 21.
  1366  3.3991e-06  1.1512e-08  1.5034e-08  2.8340e-08  1:19:49 3634

 Reversed flow on 37 faces (1.3% area) of pressure-outlet 21.
  1367  3.3358e-06  1.1777e-08  1.5489e-08  2.7678e-08  1:19:33 3633

 Reversed flow on 37 faces (1.3% area) of pressure-outlet 21.
  1368  3.2635e-06  1.2129e-08  1.5731e-08  2.7614e-08  1:19:20 3632

 Reversed flow on 37 faces (1.3% area) of pressure-outlet 21.
  1369  3.1585e-06  1.2300e-08  1.5672e-08  2.8421e-08  1:19:10 3631

 Reversed flow on 37 faces (1.3% area) of pressure-outlet 21.
  1370  3.0172e-06  1.2164e-08  1.5120e-08  2.9092e-08  1:19:02 3630

 Reversed flow on 37 faces (1.3% area) of pressure-outlet 21.
  1371  2.9161e-06  1.1891e-08  1.4186e-08  2.9393e-08  1:18:56 3629

 Reversed flow on 37 faces (1.3% area) of pressure-outlet 21.
  1372  2.8771e-06  1.1629e-08  1.3186e-08  2.9386e-08  1:18:48 3628

 Reversed flow on 37 faces (1.3% area) of pressure-outlet 21.
  1373  2.8235e-06  1.1339e-08  1.2504e-08  2.8596e-08  1:18:45 3627

 Reversed flow on 37 faces (1.3% area) of pressure-outlet 21.
  1374  2.7647e-06  1.0968e-08  1.2461e-08  2.7364e-08  1:18:41 3626

 Reversed flow on 37 faces (1.3% area) of pressure-outlet 21.
  1375  2.7288e-06  1.0648e-08  1.2502e-08  2.5976e-08  1:18:40 3625

 Reversed flow on 37 faces (1.3% area) of pressure-outlet 21.

  iter  continuity  x-velocity  y-velocity  z-velocity     time/iter
  1376  2.7217e-06  1.0513e-08  1.2800e-08  2.4652e-08  1:18:37 3624

 Reversed flow on 37 faces (1.3% area) of pressure-outlet 21.
  1377  2.7142e-06  1.0316e-08  1.3144e-08  2.3722e-08  1:18:36 3623

 Reversed flow on 37 faces (1.3% area) of pressure-outlet 21.
  1378  2.7328e-06  1.0286e-08  1.3477e-08  2.4028e-08  1:18:33 3622

 Reversed flow on 37 faces (1.3% area) of pressure-outlet 21.
  1379  2.7946e-06  1.0573e-08  1.3698e-08  2.4468e-08  1:18:32 3621

 Reversed flow on 37 faces (1.3% area) of pressure-outlet 21.
  1380  2.8775e-06  1.0857e-08  1.3815e-08  2.4779e-08  1:18:30 3620

 Reversed flow on 37 faces (1.3% area) of pressure-outlet 21.
  1381  2.9296e-06  1.0955e-08  1.3645e-08  2.5619e-08  1:18:29 3619

 Reversed flow on 37 faces (1.3% area) of pressure-outlet 21.
  1382  2.9539e-06  1.0830e-08  1.3173e-08  2.6342e-08  1:18:28 3618

 Reversed flow on 37 faces (1.3% area) of pressure-outlet 21.
  1383  2.9508e-06  1.0619e-08  1.2613e-08  2.6631e-08  1:18:37 3617

 Reversed flow on 37 faces (1.3% area) of pressure-outlet 21.
  1384  2.9010e-06  1.0296e-08  1.2543e-08  2.6441e-08  1:18:34 3616

 Reversed flow on 37 faces (1.3% area) of pressure-outlet 21.
  1385  2.8028e-06  9.9535e-09  1.2796e-08  2.6575e-08  1:18:30 3615

 Reversed flow on 37 faces (1.3% area) of pressure-outlet 21.
  1386  2.7116e-06  9.7590e-09  1.3049e-08  2.6510e-08  1:18:30 3614

 Reversed flow on 37 faces (1.3% area) of pressure-outlet 21.

  iter  continuity  x-velocity  y-velocity  z-velocity     time/iter
  1387  2.6679e-06  9.7234e-09  1.3296e-08  2.6497e-08  1:18:29 3613

 Reversed flow on 37 faces (1.3% area) of pressure-outlet 21.
  1388  2.6817e-06  9.9743e-09  1.3621e-08  2.6281e-08  1:18:27 3612

 Reversed flow on 37 faces (1.3% area) of pressure-outlet 21.
  1389  2.7625e-06  1.0474e-08  1.4069e-08  2.6757e-08  1:18:26 3611

 Reversed flow on 37 faces (1.3% area) of pressure-outlet 21.
  1390  2.9078e-06  1.0966e-08  1.4311e-08  2.7485e-08  1:18:24 3610

 Reversed flow on 37 faces (1.3% area) of pressure-outlet 21.
  1391  3.0645e-06  1.1395e-08  1.4362e-08  2.8201e-08  1:18:21 3609

 Reversed flow on 37 faces (1.3% area) of pressure-outlet 21.
  1392  3.2378e-06  1.1787e-08  1.4324e-08  2.8779e-08  1:18:18 3608

 Reversed flow on 37 faces (1.3% area) of pressure-outlet 21.
  1393  3.3578e-06  1.2132e-08  1.4159e-08  2.9314e-08  1:18:14 3607

 Reversed flow on 37 faces (1.3% area) of pressure-outlet 21.
  1394  3.4264e-06  1.2300e-08  1.4085e-08  2.9442e-08  1:18:12 3606

 Reversed flow on 37 faces (1.3% area) of pressure-outlet 21.
  1395  3.4694e-06  1.2383e-08  1.4584e-08  2.9056e-08  1:18:10 3605

 Reversed flow on 37 faces (1.3% area) of pressure-outlet 21.
  1396  3.4775e-06  1.2222e-08  1.4952e-08  2.9303e-08  1:18:08 3604

 Reversed flow on 37 faces (1.3% area) of pressure-outlet 21.
  1397  3.4144e-06  1.2192e-08  1.5358e-08  2.9037e-08  1:18:08 3603

 Reversed flow on 37 faces (1.3% area) of pressure-outlet 21.

  iter  continuity  x-velocity  y-velocity  z-velocity     time/iter
  1398  3.3137e-06  1.2095e-08  1.5535e-08  2.8620e-08  1:18:10 3602

 Reversed flow on 37 faces (1.3% area) of pressure-outlet 21.
  1399  3.1745e-06  1.1971e-08  1.5536e-08  2.9317e-08  1:18:07 3601

 Reversed flow on 37 faces (1.3% area) of pressure-outlet 21.
  1400  3.0377e-06  1.2039e-08  1.5161e-08  2.9808e-08  1:18:04 3600

 Reversed flow on 37 faces (1.3% area) of pressure-outlet 21.
  1401  2.9356e-06  1.2038e-08  1.4505e-08  3.0427e-08  1:18:02 3599

 Reversed flow on 37 faces (1.3% area) of pressure-outlet 21.
  1402  2.9252e-06  1.1961e-08  1.3775e-08  3.0664e-08  1:17:58 3598

 Reversed flow on 37 faces (1.3% area) of pressure-outlet 21.
  1403  2.9112e-06  1.1739e-08  1.3118e-08  3.0269e-08  1:17:55 3597

 Reversed flow on 37 faces (1.3% area) of pressure-outlet 21.
  1404  2.9058e-06  1.1446e-08  1.2473e-08  2.9630e-08  1:17:53 3596

 Reversed flow on 37 faces (1.3% area) of pressure-outlet 21.
  1405  2.9297e-06  1.1171e-08  1.2292e-08  2.8881e-08  1:17:51 3595

 Reversed flow on 37 faces (1.3% area) of pressure-outlet 21.
  1406  2.9845e-06  1.0922e-08  1.2671e-08  2.7997e-08  1:17:50 3594

 Reversed flow on 37 faces (1.3% area) of pressure-outlet 21.
  1407  3.0185e-06  1.0695e-08  1.3214e-08  2.7690e-08  1:17:50 3593

 Reversed flow on 37 faces (1.3% area) of pressure-outlet 21.
  1408  3.0793e-06  1.0601e-08  1.3893e-08  2.7769e-08  1:17:48 3592

 Reversed flow on 37 faces (1.3% area) of pressure-outlet 21.

  iter  continuity  x-velocity  y-velocity  z-velocity     time/iter
  1409  3.1687e-06  1.0726e-08  1.4553e-08  2.7842e-08  1:17:46 3591

 Reversed flow on 37 faces (1.3% area) of pressure-outlet 21.
  1410  3.2507e-06  1.1129e-08  1.5124e-08  2.7865e-08  1:17:45 3590

 Reversed flow on 37 faces (1.3% area) of pressure-outlet 21.
  1411  3.3187e-06  1.1437e-08  1.5367e-08  2.8811e-08  1:17:45 3589

 Reversed flow on 37 faces (1.3% area) of pressure-outlet 21.
  1412  3.3412e-06  1.1531e-08  1.5200e-08  2.9633e-08  1:17:47 3588

 Reversed flow on 37 faces (1.3% area) of pressure-outlet 21.
  1413  3.3565e-06  1.1556e-08  1.4694e-08  3.0118e-08  1:17:46 3587

 Reversed flow on 37 faces (1.3% area) of pressure-outlet 21.
  1414  3.3099e-06  1.1485e-08  1.4104e-08  3.0264e-08  1:17:41 3586

 Reversed flow on 37 faces (1.3% area) of pressure-outlet 21.
  1415  3.2111e-06  1.1339e-08  1.3617e-08  3.0763e-08  1:17:40 3585

 Reversed flow on 37 faces (1.3% area) of pressure-outlet 21.
  1416  3.1042e-06  1.1231e-08  1.3758e-08  3.0631e-08  1:17:36 3584

 Reversed flow on 37 faces (1.3% area) of pressure-outlet 21.
  1417  3.0311e-06  1.1242e-08  1.3980e-08  3.0212e-08  1:17:33 3583

 Reversed flow on 37 faces (1.3% area) of pressure-outlet 21.
  1418  2.9646e-06  1.1497e-08  1.4395e-08  2.8953e-08  1:17:32 3582

 Reversed flow on 37 faces (1.3% area) of pressure-outlet 21.
  1419  2.9347e-06  1.1726e-08  1.4853e-08  2.7724e-08  1:17:31 3581

 Reversed flow on 37 faces (1.3% area) of pressure-outlet 21.

  iter  continuity  x-velocity  y-velocity  z-velocity     time/iter
  1420  2.9834e-06  1.1947e-08  1.5076e-08  2.7393e-08  1:17:31 3580

 Reversed flow on 37 faces (1.3% area) of pressure-outlet 21.
  1421  3.0788e-06  1.2345e-08  1.5104e-08  2.7385e-08  1:17:33 3579

 Reversed flow on 37 faces (1.3% area) of pressure-outlet 21.
  1422  3.1613e-06  1.2598e-08  1.5058e-08  2.7788e-08  1:17:31 3578

 Reversed flow on 37 faces (1.3% area) of pressure-outlet 21.
  1423  3.2349e-06  1.2646e-08  1.4779e-08  2.8224e-08  1:17:31 3577

 Reversed flow on 37 faces (1.3% area) of pressure-outlet 21.
  1424  3.2683e-06  1.2491e-08  1.4347e-08  2.8308e-08  1:17:29 3576

 Reversed flow on 37 faces (1.3% area) of pressure-outlet 21.
  1425  3.2855e-06  1.2303e-08  1.3895e-08  2.7989e-08  1:19:11 3575

 Reversed flow on 37 faces (1.3% area) of pressure-outlet 21.
  1426  3.2670e-06  1.1878e-08  1.3772e-08  2.8126e-08  1:18:52 3574

 Reversed flow on 37 faces (1.3% area) of pressure-outlet 21.
  1427  3.1974e-06  1.1458e-08  1.3990e-08  2.7780e-08  1:18:36 3573

 Reversed flow on 37 faces (1.3% area) of pressure-outlet 21.
  1428  3.0843e-06  1.1072e-08  1.4170e-08  2.7168e-08  1:18:22 3572

 Reversed flow on 37 faces (1.3% area) of pressure-outlet 21.
  1429  2.9278e-06  1.0721e-08  1.4352e-08  2.6939e-08  1:18:13 3571

 Reversed flow on 37 faces (1.3% area) of pressure-outlet 21.
  1430  2.7676e-06  1.0521e-08  1.4319e-08  2.6509e-08  1:18:02 3570

 Reversed flow on 37 faces (1.3% area) of pressure-outlet 21.

  iter  continuity  x-velocity  y-velocity  z-velocity     time/iter
  1431  2.6483e-06  1.0596e-08  1.4098e-08  2.6610e-08  1:17:50 3569

 Reversed flow on 37 faces (1.3% area) of pressure-outlet 21.
  1432  2.6454e-06  1.0700e-08  1.3803e-08  2.6946e-08  1:17:45 3568

 Reversed flow on 37 faces (1.3% area) of pressure-outlet 21.
  1433  2.6363e-06  1.0732e-08  1.3454e-08  2.6936e-08  1:17:35 3567

 Reversed flow on 37 faces (1.3% area) of pressure-outlet 21.
  1434  2.6607e-06  1.0638e-08  1.2807e-08  2.6719e-08  1:17:31 3566

 Reversed flow on 37 faces (1.3% area) of pressure-outlet 21.
  1435  2.7093e-06  1.0520e-08  1.2006e-08  2.6498e-08  1:17:27 3565

 Reversed flow on 37 faces (1.3% area) of pressure-outlet 21.
  1436  2.7771e-06  1.0378e-08  1.1725e-08  2.6225e-08  1:17:24 3564

 Reversed flow on 37 faces (1.3% area) of pressure-outlet 21.
  1437  2.8046e-06  1.0138e-08  1.2193e-08  2.6167e-08  1:17:20 3563

 Reversed flow on 37 faces (1.3% area) of pressure-outlet 21.
  1438  2.8567e-06  1.0035e-08  1.2847e-08  2.6245e-08  1:17:21 3562

 Reversed flow on 37 faces (1.3% area) of pressure-outlet 21.
  1439  2.9318e-06  1.0099e-08  1.3602e-08  2.5971e-08  1:17:25 3561

 Reversed flow on 37 faces (1.3% area) of pressure-outlet 21.
  1440  3.0355e-06  1.0286e-08  1.4241e-08  2.5305e-08  1:17:20 3560

 Reversed flow on 37 faces (1.3% area) of pressure-outlet 21.
  1441  3.1102e-06  1.0628e-08  1.4690e-08  2.6037e-08  1:17:15 3559

 Reversed flow on 37 faces (1.3% area) of pressure-outlet 21.

  iter  continuity  x-velocity  y-velocity  z-velocity     time/iter
  1442  3.1806e-06  1.1133e-08  1.4873e-08  2.6837e-08  1:17:12 3558

 Reversed flow on 37 faces (1.3% area) of pressure-outlet 21.
  1443  3.2088e-06  1.1513e-08  1.4784e-08  2.7667e-08  1:17:35 3557

 Reversed flow on 37 faces (1.3% area) of pressure-outlet 21.
  1444  3.2101e-06  1.1700e-08  1.4468e-08  2.8087e-08  1:18:22 3556

 Reversed flow on 37 faces (1.3% area) of pressure-outlet 21.
  1445  3.1454e-06  1.1747e-08  1.3885e-08  2.8853e-08  1:18:20 3555

 Reversed flow on 37 faces (1.3% area) of pressure-outlet 21.
  1446  3.0601e-06  1.1719e-08  1.3270e-08  2.9094e-08  1:18:03 3554

 Reversed flow on 37 faces (1.3% area) of pressure-outlet 21.
  1447  2.9779e-06  1.1614e-08  1.3134e-08  2.8966e-08  1:17:46 3553

 Reversed flow on 37 faces (1.3% area) of pressure-outlet 21.
  1448  2.9246e-06  1.1433e-08  1.3309e-08  2.8711e-08  1:17:33 3552

 Reversed flow on 37 faces (1.3% area) of pressure-outlet 21.
  1449  2.9224e-06  1.1269e-08  1.3640e-08  2.8451e-08  1:17:24 3551

 Reversed flow on 37 faces (1.3% area) of pressure-outlet 21.
  1450  2.9588e-06  1.1137e-08  1.3947e-08  2.8186e-08  1:17:16 3550

 Reversed flow on 37 faces (1.3% area) of pressure-outlet 21.
  1451  3.0371e-06  1.1310e-08  1.4272e-08  2.7907e-08  1:17:09 3549

 Reversed flow on 37 faces (1.3% area) of pressure-outlet 21.
  1452  3.1224e-06  1.1687e-08  1.4591e-08  2.8297e-08  1:17:04 3548

 Reversed flow on 37 faces (1.3% area) of pressure-outlet 21.

  iter  continuity  x-velocity  y-velocity  z-velocity     time/iter
  1453  3.2084e-06  1.1976e-08  1.4704e-08  2.9110e-08  1:16:59 3547

 Reversed flow on 37 faces (1.3% area) of pressure-outlet 21.
  1454  3.2671e-06  1.2112e-08  1.4587e-08  2.9517e-08  1:16:56 3546

 Reversed flow on 37 faces (1.3% area) of pressure-outlet 21.
  1455  3.3378e-06  1.2125e-08  1.4185e-08  2.9608e-08  1:16:50 3545

 Reversed flow on 37 faces (1.3% area) of pressure-outlet 21.
  1456  3.3731e-06  1.1902e-08  1.3619e-08  3.0369e-08  1:16:47 3544

 Reversed flow on 37 faces (1.3% area) of pressure-outlet 21.
  1457  3.3636e-06  1.1682e-08  1.3529e-08  3.0507e-08  1:16:46 3543

 Reversed flow on 37 faces (1.3% area) of pressure-outlet 21.
  1458  3.2863e-06  1.1390e-08  1.3907e-08  2.9895e-08  1:17:17 3542

 Reversed flow on 37 faces (1.3% area) of pressure-outlet 21.
  1459  3.1546e-06  1.1121e-08  1.4314e-08  2.9706e-08  1:17:20 3541

 Reversed flow on 37 faces (1.3% area) of pressure-outlet 21.
  1460  2.9962e-06  1.0849e-08  1.4540e-08  2.8835e-08  1:17:12 3540

 Reversed flow on 37 faces (1.3% area) of pressure-outlet 21.
  1461  2.9030e-06  1.0672e-08  1.4482e-08  2.8582e-08  1:17:04 3539

 Reversed flow on 37 faces (1.3% area) of pressure-outlet 21.
  1462  2.8790e-06  1.0809e-08  1.4436e-08  2.8486e-08  1:16:56 3538

 Reversed flow on 37 faces (1.3% area) of pressure-outlet 21.
  1463  2.8837e-06  1.1120e-08  1.4396e-08  2.8298e-08  1:16:52 3537

 Reversed flow on 37 faces (1.3% area) of pressure-outlet 21.

  iter  continuity  x-velocity  y-velocity  z-velocity     time/iter
  1464  2.8998e-06  1.1251e-08  1.4047e-08  2.8251e-08  1:16:47 3536

 Reversed flow on 37 faces (1.3% area) of pressure-outlet 21.
  1465  2.9762e-06  1.1314e-08  1.3406e-08  2.8339e-08  1:16:45 3535

 Reversed flow on 37 faces (1.3% area) of pressure-outlet 21.
  1466  3.0562e-06  1.1299e-08  1.2877e-08  2.8488e-08  1:16:40 3534

 Reversed flow on 37 faces (1.3% area) of pressure-outlet 21.
  1467  3.0998e-06  1.1140e-08  1.2614e-08  2.8930e-08  1:16:36 3533

 Reversed flow on 37 faces (1.3% area) of pressure-outlet 21.
  1468  3.1569e-06  1.1023e-08  1.3084e-08  2.9221e-08  1:16:33 3532

 Reversed flow on 37 faces (1.3% area) of pressure-outlet 21.
  1469  3.2448e-06  1.0967e-08  1.3754e-08  2.9356e-08  1:16:32 3531

 Reversed flow on 37 faces (1.3% area) of pressure-outlet 21.
  1470  3.3029e-06  1.1180e-08  1.4513e-08  2.8317e-08  1:16:28 3530

 Reversed flow on 37 faces (1.3% area) of pressure-outlet 21.
  1471  3.2818e-06  1.1414e-08  1.5179e-08  2.7845e-08  1:16:25 3529

 Reversed flow on 37 faces (1.3% area) of pressure-outlet 21.
  1472  3.2705e-06  1.1707e-08  1.5563e-08  2.7596e-08  1:16:22 3528

 Reversed flow on 37 faces (1.3% area) of pressure-outlet 21.
  1473  3.2351e-06  1.2005e-08  1.5614e-08  2.7846e-08  1:16:21 3527

 Reversed flow on 37 faces (1.3% area) of pressure-outlet 21.
  1474  3.1616e-06  1.2071e-08  1.5379e-08  2.8147e-08  1:16:22 3526

 Reversed flow on 37 faces (1.3% area) of pressure-outlet 21.

  iter  continuity  x-velocity  y-velocity  z-velocity     time/iter
  1475  3.0524e-06  1.1959e-08  1.4757e-08  2.8809e-08  1:16:26 3525

 Reversed flow on 37 faces (1.3% area) of pressure-outlet 21.
  1476  2.9488e-06  1.1809e-08  1.3846e-08  2.9022e-08  1:16:24 3524

 Reversed flow on 37 faces (1.3% area) of pressure-outlet 21.
  1477  2.8509e-06  1.1614e-08  1.2912e-08  2.8949e-08  1:16:21 3523

 Reversed flow on 37 faces (1.3% area) of pressure-outlet 21.
  1478  2.7870e-06  1.1381e-08  1.2678e-08  2.8534e-08  1:16:20 3522

 Reversed flow on 37 faces (1.3% area) of pressure-outlet 21.
  1479  2.7738e-06  1.1070e-08  1.3019e-08  2.7792e-08  1:16:16 3521

 Reversed flow on 37 faces (1.3% area) of pressure-outlet 21.
  1480  2.7981e-06  1.0841e-08  1.3431e-08  2.6889e-08  1:16:15 3520

 Reversed flow on 37 faces (1.3% area) of pressure-outlet 21.
  1481  2.8516e-06  1.0765e-08  1.3898e-08  2.5593e-08  1:16:14 3519

 Reversed flow on 37 faces (1.3% area) of pressure-outlet 21.
  1482  2.9272e-06  1.0775e-08  1.4329e-08  2.5391e-08  1:16:16 3518

 Reversed flow on 37 faces (1.3% area) of pressure-outlet 21.
  1483  2.9839e-06  1.1066e-08  1.4677e-08  2.5601e-08  1:16:16 3517

 Reversed flow on 37 faces (1.3% area) of pressure-outlet 21.
  1484  3.0481e-06  1.1389e-08  1.4865e-08  2.6075e-08  1:16:14 3516

 Reversed flow on 37 faces (1.3% area) of pressure-outlet 21.
  1485  3.1058e-06  1.1571e-08  1.4729e-08  2.6692e-08  1:16:12 3515

 Reversed flow on 37 faces (1.3% area) of pressure-outlet 21.

  iter  continuity  x-velocity  y-velocity  z-velocity     time/iter
  1486  3.1586e-06  1.1420e-08  1.4225e-08  2.7930e-08  1:16:13 3514

 Reversed flow on 37 faces (1.3% area) of pressure-outlet 21.
  1487  3.1674e-06  1.1219e-08  1.3676e-08  2.8652e-08  1:16:09 3513

 Reversed flow on 37 faces (1.3% area) of pressure-outlet 21.
  1488  3.1115e-06  1.0911e-08  1.3311e-08  2.8752e-08  1:16:09 3512

 Reversed flow on 37 faces (1.3% area) of pressure-outlet 21.
  1489  2.9891e-06  1.0569e-08  1.3509e-08  2.8973e-08  1:16:12 3511

 Reversed flow on 37 faces (1.3% area) of pressure-outlet 21.
  1490  2.8560e-06  1.0190e-08  1.3634e-08  2.8668e-08  1:16:11 3510

 Reversed flow on 37 faces (1.3% area) of pressure-outlet 21.
  1491  2.7889e-06  1.0059e-08  1.3728e-08  2.8458e-08  1:16:10 3509

 Reversed flow on 37 faces (1.3% area) of pressure-outlet 21.
  1492  2.8072e-06  1.0178e-08  1.4023e-08  2.7822e-08  1:16:05 3508

 Reversed flow on 37 faces (1.3% area) of pressure-outlet 21.
  1493  2.8353e-06  1.0652e-08  1.4453e-08  2.7207e-08  1:16:03 3507

 Reversed flow on 37 faces (1.3% area) of pressure-outlet 21.
  1494  2.8970e-06  1.1191e-08  1.4590e-08  2.7072e-08  1:16:03 3506

 Reversed flow on 37 faces (1.3% area) of pressure-outlet 21.
  1495  2.9867e-06  1.1643e-08  1.4417e-08  2.7365e-08  1:15:58 3505

 Reversed flow on 37 faces (1.3% area) of pressure-outlet 21.
  1496  3.1068e-06  1.2006e-08  1.4181e-08  2.7669e-08  1:15:57 3504

 Reversed flow on 37 faces (1.3% area) of pressure-outlet 21.

  iter  continuity  x-velocity  y-velocity  z-velocity     time/iter
  1497  3.1851e-06  1.2198e-08  1.3838e-08  2.8213e-08  1:15:54 3503

 Reversed flow on 37 faces (1.3% area) of pressure-outlet 21.
  1498  3.2529e-06  1.2268e-08  1.3531e-08  2.8732e-08  1:15:54 3502

 Reversed flow on 37 faces (1.3% area) of pressure-outlet 21.
  1499  3.3247e-06  1.2231e-08  1.3763e-08  2.9097e-08  1:15:53 3501

 Reversed flow on 37 faces (1.3% area) of pressure-outlet 21.
  1500  3.3547e-06  1.2150e-08  1.4348e-08  2.8304e-08  1:15:51 3500

 Reversed flow on 37 faces (1.3% area) of pressure-outlet 21.
  1501  3.3333e-06  1.2063e-08  1.4855e-08  2.8359e-08  1:15:47 3499

 Reversed flow on 37 faces (1.3% area) of pressure-outlet 21.
  1502  3.2835e-06  1.1908e-08  1.5164e-08  2.7948e-08  1:15:46 3498

 Reversed flow on 37 faces (1.3% area) of pressure-outlet 21.
  1503  3.2337e-06  1.1767e-08  1.5232e-08  2.8114e-08  1:15:45 3497

 Reversed flow on 37 faces (1.3% area) of pressure-outlet 21.
  1504  3.1509e-06  1.1875e-08  1.5153e-08  2.8219e-08  1:15:42 3496

 Reversed flow on 37 faces (1.3% area) of pressure-outlet 21.
  1505  3.0541e-06  1.1972e-08  1.4804e-08  2.9229e-08  1:15:42 3495

 Reversed flow on 37 faces (1.3% area) of pressure-outlet 21.
  1506  2.9530e-06  1.1945e-08  1.4158e-08  2.9813e-08  1:15:41 3494

 Reversed flow on 37 faces (1.3% area) of pressure-outlet 21.
  1507  2.8940e-06  1.1743e-08  1.3300e-08  3.0158e-08  1:15:42 3493

 Reversed flow on 37 faces (1.3% area) of pressure-outlet 21.

  iter  continuity  x-velocity  y-velocity  z-velocity     time/iter
  1508  2.8734e-06  1.1487e-08  1.2572e-08  3.0265e-08  1:15:40 3492

 Reversed flow on 37 faces (1.3% area) of pressure-outlet 21.
  1509  2.9069e-06  1.1147e-08  1.2319e-08  3.0016e-08  1:15:36 3491

 Reversed flow on 37 faces (1.3% area) of pressure-outlet 21.
  1510  2.9664e-06  1.0809e-08  1.2640e-08  2.9235e-08  1:15:33 3490

 Reversed flow on 37 faces (1.3% area) of pressure-outlet 21.
  1511  3.0403e-06  1.0604e-08  1.3115e-08  2.8204e-08  1:15:29 3489

 Reversed flow on 37 faces (1.3% area) of pressure-outlet 21.
  1512  3.1205e-06  1.0546e-08  1.3771e-08  2.7751e-08  1:15:29 3488

 Reversed flow on 37 faces (1.3% area) of pressure-outlet 21.
  1513  3.1778e-06  1.0642e-08  1.4428e-08  2.7296e-08  1:15:29 3487

 Reversed flow on 37 faces (1.3% area) of pressure-outlet 21.
  1514  3.2227e-06  1.0997e-08  1.5014e-08  2.7188e-08  1:15:28 3486

 Reversed flow on 37 faces (1.3% area) of pressure-outlet 21.
  1515  3.2854e-06  1.1409e-08  1.5286e-08  2.7475e-08  1:15:28 3485

 Reversed flow on 37 faces (1.3% area) of pressure-outlet 21.
  1516  3.3235e-06  1.1527e-08  1.5157e-08  2.8718e-08  1:19:44 3484

 Reversed flow on 37 faces (1.3% area) of pressure-outlet 21.
  1517  3.3526e-06  1.1619e-08  1.4793e-08  2.9598e-08  1:18:50 3483

 Reversed flow on 37 faces (1.3% area) of pressure-outlet 21.
  1518  3.3136e-06  1.1608e-08  1.4225e-08  3.0051e-08  1:18:09 3482

 Reversed flow on 37 faces (1.3% area) of pressure-outlet 21.

  iter  continuity  x-velocity  y-velocity  z-velocity     time/iter
  1519  3.2085e-06  1.1448e-08  1.3659e-08  3.0792e-08  1:17:35 3481

 Reversed flow on 37 faces (1.3% area) of pressure-outlet 21.
  1520  3.0836e-06  1.1161e-08  1.3543e-08  3.0841e-08  1:17:08 3480

 Reversed flow on 37 faces (1.3% area) of pressure-outlet 21.
  1521  3.0074e-06  1.1004e-08  1.3665e-08  3.0431e-08  1:16:50 3479

 Reversed flow on 37 faces (1.3% area) of pressure-outlet 21.
  1522  2.9600e-06  1.1140e-08  1.4048e-08  2.9202e-08  1:16:30 3478

 Reversed flow on 37 faces (1.3% area) of pressure-outlet 21.
  1523  2.8854e-06  1.1317e-08  1.4516e-08  2.7243e-08  1:16:12 3477

 Reversed flow on 37 faces (1.3% area) of pressure-outlet 21.
  1524  2.8760e-06  1.1390e-08  1.4635e-08  2.6466e-08  1:16:02 3476

 Reversed flow on 37 faces (1.3% area) of pressure-outlet 21.
  1525  2.9018e-06  1.1742e-08  1.4457e-08  2.6060e-08  1:15:51 3475

 Reversed flow on 37 faces (1.3% area) of pressure-outlet 21.
  1526  2.9522e-06  1.1986e-08  1.4266e-08  2.6322e-08  1:15:42 3474

 Reversed flow on 37 faces (1.3% area) of pressure-outlet 21.
  1527  2.9739e-06  1.1964e-08  1.3952e-08  2.6891e-08  1:15:37 3473

 Reversed flow on 37 faces (1.3% area) of pressure-outlet 21.
  1528  3.0247e-06  1.1815e-08  1.3503e-08  2.7428e-08  1:15:35 3472

 Reversed flow on 37 faces (1.3% area) of pressure-outlet 21.
  1529  3.0788e-06  1.1600e-08  1.3042e-08  2.7878e-08  1:15:26 3471

 Reversed flow on 37 faces (1.3% area) of pressure-outlet 21.

  iter  continuity  x-velocity  y-velocity  z-velocity     time/iter
  1530  3.0961e-06  1.1383e-08  1.2999e-08  2.7012e-08  1:15:25 3470

 Reversed flow on 37 faces (1.3% area) of pressure-outlet 21.
  1531  3.0733e-06  1.1045e-08  1.3349e-08  2.6828e-08  1:15:22 3469

 Reversed flow on 37 faces (1.3% area) of pressure-outlet 21.
  1532  3.0252e-06  1.0675e-08  1.3640e-08  2.6210e-08  1:15:18 3468

 Reversed flow on 37 faces (1.3% area) of pressure-outlet 21.
  1533  2.9611e-06  1.0432e-08  1.3905e-08  2.5571e-08  1:15:14 3467

 Reversed flow on 37 faces (1.3% area) of pressure-outlet 21.
  1534  2.8608e-06  1.0295e-08  1.4149e-08  2.4803e-08  1:15:11 3466

 Reversed flow on 37 faces (1.3% area) of pressure-outlet 21.
  1535  2.7359e-06  1.0425e-08  1.4221e-08  2.5132e-08  1:15:12 3465

 Reversed flow on 37 faces (1.3% area) of pressure-outlet 21.
  1536  2.6480e-06  1.0620e-08  1.4019e-08  2.5682e-08  1:15:10 3464

 Reversed flow on 37 faces (1.3% area) of pressure-outlet 21.
  1537  2.5807e-06  1.0718e-08  1.3553e-08  2.6486e-08  1:15:08 3463

 Reversed flow on 37 faces (1.3% area) of pressure-outlet 21.
  1538  2.5997e-06  1.0712e-08  1.3009e-08  2.7165e-08  1:15:06 3462

 Reversed flow on 37 faces (1.3% area) of pressure-outlet 21.
  1539  2.6816e-06  1.0581e-08  1.2483e-08  2.7636e-08  1:15:01 3461

 Reversed flow on 37 faces (1.3% area) of pressure-outlet 21.
  1540  2.7865e-06  1.0402e-08  1.2098e-08  2.7799e-08  1:14:59 3460

 Reversed flow on 37 faces (1.3% area) of pressure-outlet 21.

  iter  continuity  x-velocity  y-velocity  z-velocity     time/iter
  1541  2.8934e-06  1.0300e-08  1.2488e-08  2.7570e-08  1:14:55 3459

 Reversed flow on 37 faces (1.3% area) of pressure-outlet 21.
  1542  2.9981e-06  1.0271e-08  1.3246e-08  2.7339e-08  1:14:53 3458

 Reversed flow on 37 faces (1.3% area) of pressure-outlet 21.
  1543  3.0794e-06  1.0444e-08  1.4099e-08  2.7084e-08  1:14:52 3457

 Reversed flow on 37 faces (1.3% area) of pressure-outlet 21.
  1544  3.1670e-06  1.0664e-08  1.4856e-08  2.6515e-08  1:14:53 3456

 Reversed flow on 37 faces (1.3% area) of pressure-outlet 21.
  1545  3.2688e-06  1.0995e-08  1.5365e-08  2.6897e-08  1:14:52 3455

 Reversed flow on 37 faces (1.3% area) of pressure-outlet 21.
  1546  3.3465e-06  1.1503e-08  1.5572e-08  2.7958e-08  1:14:50 3454

 Reversed flow on 37 faces (1.3% area) of pressure-outlet 21.
  1547  3.3861e-06  1.1990e-08  1.5616e-08  2.9180e-08  1:14:47 3453

 Reversed flow on 37 faces (1.3% area) of pressure-outlet 21.
  1548  3.3637e-06  1.2274e-08  1.5362e-08  2.9813e-08  1:14:48 3452

 Reversed flow on 37 faces (1.3% area) of pressure-outlet 21.
  1549  3.2816e-06  1.2344e-08  1.4798e-08  3.0523e-08  1:14:46 3451

 Reversed flow on 37 faces (1.3% area) of pressure-outlet 21.
  1550  3.1570e-06  1.2199e-08  1.3978e-08  3.0670e-08  1:14:42 3450

 Reversed flow on 37 faces (1.3% area) of pressure-outlet 21.
  1551  3.0645e-06  1.2042e-08  1.3507e-08  3.0446e-08  1:14:40 3449

 Reversed flow on 37 faces (1.3% area) of pressure-outlet 21.

  iter  continuity  x-velocity  y-velocity  z-velocity     time/iter
  1552  3.0132e-06  1.1837e-08  1.3588e-08  2.9827e-08  1:14:39 3448

 Reversed flow on 37 faces (1.3% area) of pressure-outlet 21.
  1553  2.9512e-06  1.1667e-08  1.3881e-08  2.8739e-08  1:14:38 3447

 Reversed flow on 37 faces (1.3% area) of pressure-outlet 21.
  1554  2.9271e-06  1.1530e-08  1.4065e-08  2.7934e-08  1:14:39 3446

 Reversed flow on 37 faces (1.3% area) of pressure-outlet 21.
  1555  2.9503e-06  1.1591e-08  1.4177e-08  2.7153e-08  1:14:59 3445

 Reversed flow on 37 faces (1.3% area) of pressure-outlet 21.
  1556  2.9983e-06  1.1895e-08  1.4370e-08  2.7254e-08  1:14:53 3444

 Reversed flow on 37 faces (1.3% area) of pressure-outlet 21.
  1557  3.0496e-06  1.2082e-08  1.4471e-08  2.8131e-08  1:14:48 3443

 Reversed flow on 37 faces (1.3% area) of pressure-outlet 21.
  1558  3.1069e-06  1.2124e-08  1.4389e-08  2.9104e-08  1:14:45 3442

 Reversed flow on 37 faces (1.3% area) of pressure-outlet 21.
  1559  3.2268e-06  1.2052e-08  1.4110e-08  3.0116e-08  1:14:42 3441

 Reversed flow on 37 faces (1.3% area) of pressure-outlet 21.
  1560  3.3090e-06  1.1974e-08  1.3791e-08  2.9949e-08  1:14:37 3440

 Reversed flow on 37 faces (1.3% area) of pressure-outlet 21.
  1561  3.3518e-06  1.1754e-08  1.3545e-08  3.0463e-08  1:14:34 3439

 Reversed flow on 37 faces (1.3% area) of pressure-outlet 21.
  1562  3.3473e-06  1.1458e-08  1.3870e-08  3.0179e-08  1:14:30 3438

 Reversed flow on 37 faces (1.3% area) of pressure-outlet 21.

  iter  continuity  x-velocity  y-velocity  z-velocity     time/iter
  1563  3.3026e-06  1.1204e-08  1.4284e-08  2.9426e-08  1:14:27 3437

 Reversed flow on 37 faces (1.3% area) of pressure-outlet 21.
  1564  3.1988e-06  1.1019e-08  1.4748e-08  2.8512e-08  1:14:27 3436

 Reversed flow on 37 faces (1.3% area) of pressure-outlet 21.
  1565  3.0779e-06  1.0871e-08  1.4976e-08  2.8029e-08  1:14:29 3435

 Reversed flow on 37 faces (1.3% area) of pressure-outlet 21.
  1566  2.9742e-06  1.0916e-08  1.4963e-08  2.8212e-08  1:14:26 3434

 Reversed flow on 37 faces (1.3% area) of pressure-outlet 21.
  1567  2.9073e-06  1.1258e-08  1.4747e-08  2.8303e-08  1:14:31 3433

 Reversed flow on 37 faces (1.3% area) of pressure-outlet 21.
  1568  2.8994e-06  1.1525e-08  1.4488e-08  2.8904e-08  1:14:29 3432

 Reversed flow on 37 faces (1.3% area) of pressure-outlet 21.
  1569  2.9730e-06  1.1609e-08  1.4110e-08  2.9358e-08  1:14:24 3431

 Reversed flow on 37 faces (1.3% area) of pressure-outlet 21.
  1570  3.0763e-06  1.1555e-08  1.3595e-08  2.9566e-08  1:14:22 3430

 Reversed flow on 37 faces (1.3% area) of pressure-outlet 21.
  1571  3.1755e-06  1.1525e-08  1.3162e-08  2.9544e-08  1:14:18 3429

 Reversed flow on 37 faces (1.3% area) of pressure-outlet 21.
  1572  3.2664e-06  1.1499e-08  1.3386e-08  2.9485e-08  1:14:15 3428

 Reversed flow on 37 faces (1.3% area) of pressure-outlet 21.
  1573  3.3298e-06  1.1492e-08  1.3994e-08  2.9180e-08  1:14:13 3427

 Reversed flow on 37 faces (1.3% area) of pressure-outlet 21.

  iter  continuity  x-velocity  y-velocity  z-velocity     time/iter
  1574  3.3400e-06  1.1640e-08  1.4671e-08  2.8224e-08  1:14:12 3426

 Reversed flow on 37 faces (1.3% area) of pressure-outlet 21.
  1575  3.3337e-06  1.1828e-08  1.5226e-08  2.7258e-08  1:14:10 3425

 Reversed flow on 37 faces (1.3% area) of pressure-outlet 21.
  1576  3.3327e-06  1.1935e-08  1.5547e-08  2.7171e-08  1:14:08 3424

 Reversed flow on 37 faces (1.3% area) of pressure-outlet 21.
  1577  3.2896e-06  1.2204e-08  1.5706e-08  2.7688e-08  1:14:10 3423

 Reversed flow on 37 faces (1.3% area) of pressure-outlet 21.
  1578  3.2111e-06  1.2306e-08  1.5572e-08  2.8189e-08  1:14:12 3422

 Reversed flow on 37 faces (1.3% area) of pressure-outlet 21.
  1579  3.0714e-06  1.2144e-08  1.5062e-08  2.8934e-08  1:14:10 3421

 Reversed flow on 37 faces (1.3% area) of pressure-outlet 21.
  1580  2.9439e-06  1.1798e-08  1.4117e-08  2.9229e-08  1:14:07 3420

 Reversed flow on 37 faces (1.3% area) of pressure-outlet 21.
  1581  2.8430e-06  1.1478e-08  1.3012e-08  2.9230e-08  1:14:10 3419

 Reversed flow on 37 faces (1.3% area) of pressure-outlet 21.
  1582  2.7906e-06  1.1142e-08  1.2323e-08  2.8661e-08  1:14:09 3418

 Reversed flow on 37 faces (1.3% area) of pressure-outlet 21.
  1583  2.7173e-06  1.0791e-08  1.2463e-08  2.7419e-08  1:14:06 3417

 Reversed flow on 37 faces (1.3% area) of pressure-outlet 21.
  1584  2.6735e-06  1.0438e-08  1.2593e-08  2.5992e-08  1:14:03 3416

 Reversed flow on 37 faces (1.3% area) of pressure-outlet 21.

  iter  continuity  x-velocity  y-velocity  z-velocity     time/iter
  1585  2.6502e-06  1.0304e-08  1.2774e-08  2.4428e-08  1:13:58 3415

 Reversed flow on 37 faces (1.3% area) of pressure-outlet 21.
  1586  2.6686e-06  1.0193e-08  1.3016e-08  2.3396e-08  1:14:17 3414

 Reversed flow on 37 faces (1.3% area) of pressure-outlet 21.
  1587  2.6725e-06  1.0199e-08  1.3287e-08  2.3626e-08  1:14:18 3413

 Reversed flow on 37 faces (1.3% area) of pressure-outlet 21.
  1588  2.7278e-06  1.0463e-08  1.3464e-08  2.4178e-08  1:14:11 3412

 Reversed flow on 37 faces (1.3% area) of pressure-outlet 21.
  1589  2.8175e-06  1.0674e-08  1.3488e-08  2.5441e-08  1:14:22 3411

 Reversed flow on 37 faces (1.3% area) of pressure-outlet 21.
  1590  2.9042e-06  1.0779e-08  1.3334e-08  2.5599e-08  1:14:17 3410

 Reversed flow on 37 faces (1.3% area) of pressure-outlet 21.
  1591  2.9676e-06  1.0637e-08  1.2964e-08  2.6495e-08  1:14:09 3409

 Reversed flow on 37 faces (1.3% area) of pressure-outlet 21.
  1592  2.9869e-06  1.0418e-08  1.2537e-08  2.6884e-08  1:14:03 3408

 Reversed flow on 37 faces (1.3% area) of pressure-outlet 21.
  1593  2.9672e-06  1.0211e-08  1.2628e-08  2.6750e-08  1:13:56 3407

 Reversed flow on 37 faces (1.3% area) of pressure-outlet 21.
  1594  2.9003e-06  9.9331e-09  1.3023e-08  2.6393e-08  1:13:51 3406

 Reversed flow on 37 faces (1.3% area) of pressure-outlet 21.
  1595  2.8144e-06  9.8011e-09  1.3353e-08  2.6559e-08  1:13:47 3405

 Reversed flow on 37 faces (1.3% area) of pressure-outlet 21.

  iter  continuity  x-velocity  y-velocity  z-velocity     time/iter
  1596  2.7631e-06  9.8640e-09  1.3636e-08  2.6533e-08  1:13:46 3404

 Reversed flow on 37 faces (1.3% area) of pressure-outlet 21.
  1597  2.7484e-06  1.0205e-08  1.3905e-08  2.6421e-08  1:13:44 3403

 Reversed flow on 37 faces (1.3% area) of pressure-outlet 21.
  1598  2.7848e-06  1.0786e-08  1.4223e-08  2.7055e-08  1:13:42 3402

 Reversed flow on 37 faces (1.3% area) of pressure-outlet 21.
  1599  2.9076e-06  1.1235e-08  1.4414e-08  2.8019e-08  1:13:40 3401

 Reversed flow on 37 faces (1.3% area) of pressure-outlet 21.
  1600  3.0463e-06  1.1574e-08  1.4357e-08  2.8610e-08  1:13:38 3400

 Reversed flow on 37 faces (1.3% area) of pressure-outlet 21.
  1601  3.2020e-06  1.1913e-08  1.4114e-08  2.8849e-08  1:14:41 3399

 Reversed flow on 37 faces (1.3% area) of pressure-outlet 21.
  1602  3.3199e-06  1.2141e-08  1.3849e-08  2.9197e-08  1:15:45 3398

 Reversed flow on 37 faces (1.3% area) of pressure-outlet 21.
  1603  3.3906e-06  1.2240e-08  1.3847e-08  2.9381e-08  1:15:53 3397

 Reversed flow on 37 faces (1.3% area) of pressure-outlet 21.
  1604  3.4089e-06  1.2208e-08  1.4390e-08  2.9192e-08  1:15:23 3396

 Reversed flow on 37 faces (1.3% area) of pressure-outlet 21.
  1605  3.4166e-06  1.2151e-08  1.4856e-08  2.8869e-08  1:15:02 3395

 Reversed flow on 37 faces (1.3% area) of pressure-outlet 21.
  1606  3.3784e-06  1.2042e-08  1.5243e-08  2.8856e-08  1:14:42 3394

 Reversed flow on 37 faces (1.3% area) of pressure-outlet 21.

  iter  continuity  x-velocity  y-velocity  z-velocity     time/iter
  1607  3.3362e-06  1.1937e-08  1.5436e-08  2.8896e-08  1:14:26 3393

 Reversed flow on 37 faces (1.3% area) of pressure-outlet 21.
  1608  3.2376e-06  1.1968e-08  1.5441e-08  2.9174e-08  1:14:11 3392

 Reversed flow on 37 faces (1.3% area) of pressure-outlet 21.
  1609  3.1166e-06  1.2073e-08  1.5169e-08  2.9907e-08  1:14:01 3391

 Reversed flow on 37 faces (1.3% area) of pressure-outlet 21.
  1610  2.9749e-06  1.1970e-08  1.4544e-08  3.0453e-08  1:13:51 3390

 Reversed flow on 37 faces (1.3% area) of pressure-outlet 21.
  1611  2.9171e-06  1.1781e-08  1.3661e-08  3.0804e-08  1:13:45 3389

 Reversed flow on 37 faces (1.3% area) of pressure-outlet 21.
  1612  2.9164e-06  1.1525e-08  1.2931e-08  3.0659e-08  1:13:38 3388

 Reversed flow on 37 faces (1.3% area) of pressure-outlet 21.
  1613  2.9076e-06  1.1260e-08  1.2482e-08  3.0012e-08  1:13:44 3387

 Reversed flow on 37 faces (1.3% area) of pressure-outlet 21.
  1614  2.9168e-06  1.0971e-08  1.2508e-08  2.8971e-08  1:13:38 3386

 Reversed flow on 37 faces (1.3% area) of pressure-outlet 21.
  1615  2.9508e-06  1.0743e-08  1.2780e-08  2.7905e-08  1:13:33 3385

 Reversed flow on 37 faces (1.3% area) of pressure-outlet 21.
  1616  3.0022e-06  1.0604e-08  1.3255e-08  2.7381e-08  1:13:29 3384

 Reversed flow on 37 faces (1.3% area) of pressure-outlet 21.
  1617  3.0414e-06  1.0526e-08  1.3869e-08  2.7261e-08  1:13:24 3383

 Reversed flow on 37 faces (1.3% area) of pressure-outlet 21.

  iter  continuity  x-velocity  y-velocity  z-velocity     time/iter
  1618  3.1099e-06  1.0711e-08  1.4475e-08  2.7433e-08  1:13:22 3382

 Reversed flow on 37 faces (1.3% area) of pressure-outlet 21.
  1619  3.2053e-06  1.1094e-08  1.4940e-08  2.8333e-08  1:13:19 3381

 Reversed flow on 37 faces (1.3% area) of pressure-outlet 21.
  1620  3.2912e-06  1.1427e-08  1.5182e-08  2.8677e-08  1:13:18 3380

 Reversed flow on 37 faces (1.3% area) of pressure-outlet 21.
  1621  3.3537e-06  1.1547e-08  1.5049e-08  2.9836e-08  1:13:14 3379

 Reversed flow on 37 faces (1.3% area) of pressure-outlet 21.
  1622  3.3915e-06  1.1568e-08  1.4576e-08  3.0507e-08  1:13:12 3378

 Reversed flow on 37 faces (1.3% area) of pressure-outlet 21.
  1623  3.3757e-06  1.1543e-08  1.4004e-08  3.0768e-08  1:13:12 3377

 Reversed flow on 37 faces (1.3% area) of pressure-outlet 21.
  1624  3.3117e-06  1.1440e-08  1.3854e-08  3.0695e-08  1:13:12 3376

 Reversed flow on 37 faces (1.3% area) of pressure-outlet 21.
  1625  3.2021e-06  1.1382e-08  1.4118e-08  3.0603e-08  1:13:11 3375

 Reversed flow on 37 faces (1.3% area) of pressure-outlet 21.
  1626  3.0714e-06  1.1530e-08  1.4418e-08  2.9742e-08  1:13:13 3374

 Reversed flow on 37 faces (1.3% area) of pressure-outlet 21.
  1627  2.9275e-06  1.1764e-08  1.4742e-08  2.8164e-08  1:13:13 3373

 Reversed flow on 37 faces (1.3% area) of pressure-outlet 21.
  1628  2.8940e-06  1.1886e-08  1.4955e-08  2.7684e-08  1:13:10 3372

 Reversed flow on 37 faces (1.3% area) of pressure-outlet 21.

  iter  continuity  x-velocity  y-velocity  z-velocity     time/iter
  1629  2.9208e-06  1.2072e-08  1.5064e-08  2.7628e-08  1:13:05 3371

 Reversed flow on 37 faces (1.3% area) of pressure-outlet 21.
  1630  3.0015e-06  1.2295e-08  1.4983e-08  2.7718e-08  1:13:05 3370

 Reversed flow on 37 faces (1.3% area) of pressure-outlet 21.
  1631  3.0748e-06  1.2423e-08  1.4750e-08  2.7834e-08  1:13:01 3369

 Reversed flow on 37 faces (1.3% area) of pressure-outlet 21.
  1632  3.1687e-06  1.2409e-08  1.4390e-08  2.8133e-08  1:12:58 3368

 Reversed flow on 37 faces (1.3% area) of pressure-outlet 21.
  1633  3.2145e-06  1.2257e-08  1.3955e-08  2.8246e-08  1:12:55 3367

 Reversed flow on 37 faces (1.3% area) of pressure-outlet 21.
  1634  3.2238e-06  1.2022e-08  1.3636e-08  2.7986e-08  1:12:53 3366

 Reversed flow on 37 faces (1.3% area) of pressure-outlet 21.
  1635  3.2242e-06  1.1735e-08  1.3820e-08  2.7477e-08  1:12:56 3365

 Reversed flow on 37 faces (1.3% area) of pressure-outlet 21.
  1636  3.1913e-06  1.1255e-08  1.4051e-08  2.7320e-08  1:12:53 3364

 Reversed flow on 37 faces (1.3% area) of pressure-outlet 21.
  1637  3.1263e-06  1.0965e-08  1.4303e-08  2.7080e-08  1:12:48 3363

 Reversed flow on 37 faces (1.3% area) of pressure-outlet 21.
  1638  3.0107e-06  1.0734e-08  1.4552e-08  2.6509e-08  1:12:48 3362

 Reversed flow on 37 faces (1.3% area) of pressure-outlet 21.
  1639  2.8650e-06  1.0706e-08  1.4683e-08  2.6540e-08  1:12:47 3361

 Reversed flow on 37 faces (1.3% area) of pressure-outlet 21.

  iter  continuity  x-velocity  y-velocity  z-velocity     time/iter
  1640  2.7246e-06  1.0736e-08  1.4484e-08  2.6867e-08  1:12:48 3360

 Reversed flow on 37 faces (1.3% area) of pressure-outlet 21.
  1641  2.6611e-06  1.0775e-08  1.3988e-08  2.7616e-08  1:12:46 3359

 Reversed flow on 37 faces (1.3% area) of pressure-outlet 21.
  1642  2.6739e-06  1.0743e-08  1.3459e-08  2.7874e-08  1:12:41 3358

 Reversed flow on 37 faces (1.3% area) of pressure-outlet 21.
  1643  2.6975e-06  1.0636e-08  1.2873e-08  2.7656e-08  1:12:41 3357

 Reversed flow on 37 faces (1.3% area) of pressure-outlet 21.
  1644  2.7295e-06  1.0463e-08  1.2149e-08  2.7268e-08  1:12:37 3356

 Reversed flow on 37 faces (1.3% area) of pressure-outlet 21.
  1645  2.7811e-06  1.0353e-08  1.1975e-08  2.6774e-08  1:12:36 3355

 Reversed flow on 37 faces (1.3% area) of pressure-outlet 21.
  1646  2.8300e-06  1.0207e-08  1.2399e-08  2.6220e-08  1:12:39 3354

 Reversed flow on 37 faces (1.3% area) of pressure-outlet 21.
  1647  2.8626e-06  1.0177e-08  1.3036e-08  2.6066e-08  1:12:37 3353

 Reversed flow on 37 faces (1.3% area) of pressure-outlet 21.
  1648  2.9327e-06  1.0258e-08  1.3728e-08  2.5646e-08  1:14:08 3352

 Reversed flow on 37 faces (1.3% area) of pressure-outlet 21.
  1649  3.0581e-06  1.0456e-08  1.4294e-08  2.6206e-08  1:13:52 3351

 Reversed flow on 37 faces (1.3% area) of pressure-outlet 21.
  1650  3.1508e-06  1.0997e-08  1.4801e-08  2.6097e-08  1:13:36 3350

 Reversed flow on 37 faces (1.3% area) of pressure-outlet 21.

  iter  continuity  x-velocity  y-velocity  z-velocity     time/iter
  1651  3.2407e-06  1.1492e-08  1.5040e-08  2.7337e-08  1:13:22 3349

 Reversed flow on 37 faces (1.3% area) of pressure-outlet 21.
  1652  3.2823e-06  1.1848e-08  1.4935e-08  2.8159e-08  1:13:10 3348

 Reversed flow on 37 faces (1.3% area) of pressure-outlet 21.
  1653  3.3034e-06  1.2039e-08  1.4533e-08  2.8523e-08  1:13:01 3347

 Reversed flow on 37 faces (1.3% area) of pressure-outlet 21.
  1654  3.2506e-06  1.2000e-08  1.3965e-08  2.8729e-08  1:12:53 3346

 Reversed flow on 37 faces (1.3% area) of pressure-outlet 21.
  1655  3.1388e-06  1.1850e-08  1.3444e-08  2.9123e-08  1:12:46 3345

 Reversed flow on 37 faces (1.3% area) of pressure-outlet 21.
  1656  3.0208e-06  1.1654e-08  1.3405e-08  2.9146e-08  1:12:40 3344

 Reversed flow on 37 faces (1.3% area) of pressure-outlet 21.
  1657  2.9121e-06  1.1429e-08  1.3450e-08  2.8742e-08  1:12:35 3343

 Reversed flow on 37 faces (1.3% area) of pressure-outlet 21.
  1658  2.8647e-06  1.1264e-08  1.3653e-08  2.8809e-08  1:12:28 3342

 Reversed flow on 37 faces (1.3% area) of pressure-outlet 21.
  1659  2.8946e-06  1.1123e-08  1.3935e-08  2.8505e-08  1:12:32 3341

 Reversed flow on 37 faces (1.3% area) of pressure-outlet 21.
  1660  2.9647e-06  1.1282e-08  1.4185e-08  2.8371e-08  1:12:28 3340

 Reversed flow on 37 faces (1.3% area) of pressure-outlet 21.
  1661  3.0537e-06  1.1581e-08  1.4336e-08  2.8538e-08  1:12:24 3339

 Reversed flow on 37 faces (1.3% area) of pressure-outlet 21.

  iter  continuity  x-velocity  y-velocity  z-velocity     time/iter
  1662  3.1384e-06  1.1790e-08  1.4363e-08  2.9112e-08  1:12:20 3338

 Reversed flow on 37 faces (1.3% area) of pressure-outlet 21.
  1663  3.2272e-06  1.1850e-08  1.4181e-08  2.9607e-08  1:12:16 3337

 Reversed flow on 37 faces (1.3% area) of pressure-outlet 21.
  1664  3.2986e-06  1.1851e-08  1.3863e-08  2.9765e-08  1:12:14 3336

 Reversed flow on 37 faces (1.3% area) of pressure-outlet 21.
  1665  3.3635e-06  1.1743e-08  1.3480e-08  2.9826e-08  1:12:13 3335

 Reversed flow on 37 faces (1.3% area) of pressure-outlet 21.
  1666  3.3826e-06  1.1495e-08  1.3599e-08  3.0010e-08  1:12:10 3334

 Reversed flow on 37 faces (1.3% area) of pressure-outlet 21.
  1667  3.3443e-06  1.1276e-08  1.4070e-08  2.9584e-08  1:12:09 3333

 Reversed flow on 37 faces (1.3% area) of pressure-outlet 21.
  1668  3.2363e-06  1.1115e-08  1.4555e-08  2.9015e-08  1:12:10 3332

 Reversed flow on 37 faces (1.3% area) of pressure-outlet 21.
  1669  3.0925e-06  1.0905e-08  1.4868e-08  2.8458e-08  1:12:08 3331

 Reversed flow on 37 faces (1.3% area) of pressure-outlet 21.
  1670  2.9539e-06  1.0701e-08  1.4829e-08  2.8506e-08  1:12:04 3330

 Reversed flow on 37 faces (1.3% area) of pressure-outlet 21.
  1671  2.8774e-06  1.0906e-08  1.4578e-08  2.8557e-08  1:12:06 3329

 Reversed flow on 37 faces (1.3% area) of pressure-outlet 21.
  1672  2.8900e-06  1.1158e-08  1.4368e-08  2.8860e-08  1:12:05 3328

 Reversed flow on 37 faces (1.3% area) of pressure-outlet 21.

  iter  continuity  x-velocity  y-velocity  z-velocity     time/iter
  1673  2.9021e-06  1.1297e-08  1.4063e-08  2.8945e-08  1:16:09 3327

 Reversed flow on 37 faces (1.3% area) of pressure-outlet 21.
  1674  2.9556e-06  1.1281e-08  1.3433e-08  2.8899e-08  1:15:24 3326

 Reversed flow on 37 faces (1.3% area) of pressure-outlet 21.
  1675  3.0215e-06  1.1251e-08  1.2744e-08  2.8840e-08  1:14:43 3325

 Reversed flow on 37 faces (1.3% area) of pressure-outlet 21.
  1676  3.0877e-06  1.1154e-08  1.2540e-08  2.8760e-08  1:14:08 3324

 Reversed flow on 37 faces (1.3% area) of pressure-outlet 21.
  1677  3.1294e-06  1.1087e-08  1.3064e-08  2.8767e-08  1:13:43 3323

 Reversed flow on 37 faces (1.3% area) of pressure-outlet 21.
  1678  3.1576e-06  1.1141e-08  1.3738e-08  2.8279e-08  1:13:20 3322

 Reversed flow on 37 faces (1.3% area) of pressure-outlet 21.
  1679  3.1989e-06  1.1290e-08  1.4456e-08  2.8075e-08  1:13:01 3321

 Reversed flow on 37 faces (1.3% area) of pressure-outlet 21.
  1680  3.2332e-06  1.1496e-08  1.5104e-08  2.7048e-08  1:12:49 3320

 Reversed flow on 37 faces (1.3% area) of pressure-outlet 21.
  1681  3.2447e-06  1.1742e-08  1.5497e-08  2.7462e-08  1:12:38 3319

 Reversed flow on 37 faces (1.3% area) of pressure-outlet 21.
  1682  3.2307e-06  1.1941e-08  1.5522e-08  2.7912e-08  1:12:26 3318

 Reversed flow on 37 faces (1.3% area) of pressure-outlet 21.
  1683  3.1777e-06  1.1965e-08  1.5220e-08  2.8184e-08  1:12:17 3317

 Reversed flow on 37 faces (1.3% area) of pressure-outlet 21.

  iter  continuity  x-velocity  y-velocity  z-velocity     time/iter
  1684  3.1065e-06  1.1834e-08  1.4625e-08  2.8370e-08  1:12:10 3316

 Reversed flow on 37 faces (1.3% area) of pressure-outlet 21.
  1685  2.9841e-06  1.1647e-08  1.3757e-08  2.8697e-08  1:12:06 3315

 Reversed flow on 37 faces (1.3% area) of pressure-outlet 21.
  1686  2.8642e-06  1.1427e-08  1.2904e-08  2.8643e-08  1:12:00 3314

 Reversed flow on 37 faces (1.3% area) of pressure-outlet 21.
  1687  2.7589e-06  1.1186e-08  1.2712e-08  2.8169e-08  1:11:52 3313

 Reversed flow on 37 faces (1.3% area) of pressure-outlet 21.
  1688  2.7048e-06  1.0900e-08  1.2999e-08  2.7450e-08  1:11:49 3312

 Reversed flow on 37 faces (1.3% area) of pressure-outlet 21.
  1689  2.7083e-06  1.0717e-08  1.3424e-08  2.6559e-08  1:11:49 3311

 Reversed flow on 37 faces (1.3% area) of pressure-outlet 21.
  1690  2.7620e-06  1.0582e-08  1.3805e-08  2.5437e-08  1:11:52 3310

 Reversed flow on 37 faces (1.3% area) of pressure-outlet 21.
  1691  2.8416e-06  1.0591e-08  1.4151e-08  2.5219e-08  1:11:57 3309

 Reversed flow on 37 faces (1.3% area) of pressure-outlet 21.
  1692  2.9216e-06  1.0963e-08  1.4451e-08  2.5420e-08  1:11:52 3308

 Reversed flow on 37 faces (1.3% area) of pressure-outlet 21.
  1693  3.0010e-06  1.1279e-08  1.4606e-08  2.6403e-08  1:11:47 3307

 Reversed flow on 37 faces (1.3% area) of pressure-outlet 21.
  1694  3.0713e-06  1.1417e-08  1.4519e-08  2.7105e-08  1:11:43 3306

 Reversed flow on 37 faces (1.3% area) of pressure-outlet 21.

  iter  continuity  x-velocity  y-velocity  z-velocity     time/iter
  1695  3.1672e-06  1.1346e-08  1.4120e-08  2.7768e-08  1:11:41 3305

 Reversed flow on 37 faces (1.3% area) of pressure-outlet 21.
  1696  3.2128e-06  1.1101e-08  1.3607e-08  2.8722e-08  1:11:39 3304

 Reversed flow on 37 faces (1.3% area) of pressure-outlet 21.
  1697  3.2009e-06  1.0920e-08  1.3479e-08  2.9083e-08  1:11:39 3303

 Reversed flow on 37 faces (1.3% area) of pressure-outlet 21.
  1698  3.1213e-06  1.0682e-08  1.3819e-08  2.8904e-08  1:11:35 3302

 Reversed flow on 37 faces (1.3% area) of pressure-outlet 21.
  1699  3.0084e-06  1.0466e-08  1.4115e-08  2.8851e-08  1:11:31 3301

 Reversed flow on 37 faces (1.3% area) of pressure-outlet 21.
  1700  2.9107e-06  1.0351e-08  1.4309e-08  2.8684e-08  1:11:26 3300

 Reversed flow on 37 faces (1.3% area) of pressure-outlet 21.
  1701  2.8799e-06  1.0540e-08  1.4461e-08  2.8263e-08  1:11:26 3299

 Reversed flow on 37 faces (1.3% area) of pressure-outlet 21.
  1702  2.9101e-06  1.1076e-08  1.4764e-08  2.8108e-08  1:11:24 3298

 Reversed flow on 37 faces (1.3% area) of pressure-outlet 21.
  1703  2.9505e-06  1.1589e-08  1.4967e-08  2.8134e-08  1:11:23 3297

 Reversed flow on 37 faces (1.3% area) of pressure-outlet 21.
  1704  3.0042e-06  1.1968e-08  1.4758e-08  2.8121e-08  1:11:23 3296

 Reversed flow on 37 faces (1.3% area) of pressure-outlet 21.
  1705  3.1109e-06  1.2300e-08  1.4279e-08  2.8068e-08  1:11:32 3295

 Reversed flow on 37 faces (1.3% area) of pressure-outlet 21.

  iter  continuity  x-velocity  y-velocity  z-velocity     time/iter
  1706  3.1861e-06  1.2432e-08  1.3740e-08  2.8113e-08  1:11:27 3294

 Reversed flow on 37 faces (1.3% area) of pressure-outlet 21.
  1707  3.2175e-06  1.2403e-08  1.3376e-08  2.8515e-08  1:11:26 3293

 Reversed flow on 37 faces (1.3% area) of pressure-outlet 21.
  1708  3.2484e-06  1.2256e-08  1.3647e-08  2.8886e-08  1:11:24 3292

 Reversed flow on 37 faces (1.3% area) of pressure-outlet 21.
  1709  3.2897e-06  1.2073e-08  1.4165e-08  2.9022e-08  1:11:21 3291

 Reversed flow on 37 faces (1.3% area) of pressure-outlet 21.
  1710  3.2825e-06  1.2045e-08  1.4756e-08  2.8221e-08  1:11:18 3290

 Reversed flow on 37 faces (1.3% area) of pressure-outlet 21.
  1711  3.2773e-06  1.1856e-08  1.5119e-08  2.8031e-08  1:11:15 3289

 Reversed flow on 37 faces (1.3% area) of pressure-outlet 21.
  1712  3.2541e-06  1.1761e-08  1.5211e-08  2.8418e-08  1:11:13 3288

 Reversed flow on 37 faces (1.3% area) of pressure-outlet 21.
  1713  3.2035e-06  1.1921e-08  1.5112e-08  2.8468e-08  1:11:10 3287

 Reversed flow on 37 faces (1.3% area) of pressure-outlet 21.
  1714  3.1216e-06  1.1963e-08  1.4821e-08  2.9018e-08  1:11:09 3286

 Reversed flow on 37 faces (1.3% area) of pressure-outlet 21.
  1715  3.0179e-06  1.1830e-08  1.4221e-08  2.9782e-08  1:11:08 3285

 Reversed flow on 37 faces (1.3% area) of pressure-outlet 21.
  1716  2.9550e-06  1.1607e-08  1.3404e-08  3.0150e-08  1:11:08 3284

 Reversed flow on 37 faces (1.3% area) of pressure-outlet 21.

  iter  continuity  x-velocity  y-velocity  z-velocity     time/iter
  1717  2.9007e-06  1.1363e-08  1.2618e-08  3.0176e-08  1:11:05 3283

 Reversed flow on 37 faces (1.3% area) of pressure-outlet 21.
  1718  2.8896e-06  1.1099e-08  1.2469e-08  2.9880e-08  1:11:07 3282

 Reversed flow on 37 faces (1.3% area) of pressure-outlet 21.
  1719  2.9207e-06  1.0763e-08  1.2801e-08  2.9087e-08  1:11:08 3281

 Reversed flow on 37 faces (1.3% area) of pressure-outlet 21.
  1720  2.9819e-06  1.0500e-08  1.3218e-08  2.8299e-08  1:11:06 3280

 Reversed flow on 37 faces (1.3% area) of pressure-outlet 21.
  1721  3.0591e-06  1.0421e-08  1.3762e-08  2.7545e-08  1:11:06 3279

 Reversed flow on 37 faces (1.3% area) of pressure-outlet 21.
  1722  3.1292e-06  1.0579e-08  1.4360e-08  2.7042e-08  1:11:01 3278

 Reversed flow on 37 faces (1.3% area) of pressure-outlet 21.
  1723  3.1816e-06  1.0973e-08  1.4881e-08  2.7218e-08  1:10:57 3277

 Reversed flow on 37 faces (1.3% area) of pressure-outlet 21.
  1724  3.2443e-06  1.1360e-08  1.5161e-08  2.7726e-08  1:10:54 3276

 Reversed flow on 37 faces (1.3% area) of pressure-outlet 21.
  1725  3.3151e-06  1.1571e-08  1.5071e-08  2.8499e-08  1:10:51 3275

 Reversed flow on 37 faces (1.3% area) of pressure-outlet 21.
  1726  3.3873e-06  1.1617e-08  1.4671e-08  2.9637e-08  1:10:49 3274

 Reversed flow on 37 faces (1.3% area) of pressure-outlet 21.
  1727  3.3894e-06  1.1657e-08  1.4140e-08  3.0348e-08  1:10:48 3273

 Reversed flow on 37 faces (1.3% area) of pressure-outlet 21.

  iter  continuity  x-velocity  y-velocity  z-velocity     time/iter
  1728  3.3245e-06  1.1585e-08  1.3738e-08  3.0607e-08  1:10:49 3272

 Reversed flow on 37 faces (1.3% area) of pressure-outlet 21.
  1729  3.2092e-06  1.1449e-08  1.3921e-08  3.0728e-08  1:10:47 3271

 Reversed flow on 37 faces (1.3% area) of pressure-outlet 21.
  1730  3.0419e-06  1.1361e-08  1.4137e-08  2.9829e-08  1:10:45 3270

 Reversed flow on 37 faces (1.3% area) of pressure-outlet 21.
  1731  2.9127e-06  1.1436e-08  1.4342e-08  2.8600e-08  1:10:45 3269

 Reversed flow on 37 faces (1.3% area) of pressure-outlet 21.
  1732  2.8789e-06  1.1430e-08  1.4565e-08  2.7380e-08  1:10:42 3268

 Reversed flow on 37 faces (1.3% area) of pressure-outlet 21.
  1733  2.8425e-06  1.1450e-08  1.4681e-08  2.6917e-08  1:10:43 3267

 Reversed flow on 37 faces (1.3% area) of pressure-outlet 21.
  1734  2.8379e-06  1.1631e-08  1.4423e-08  2.6347e-08  1:10:40 3266

 Reversed flow on 37 faces (1.3% area) of pressure-outlet 21.
  1735  2.8686e-06  1.1781e-08  1.4001e-08  2.6302e-08  1:10:39 3265

 Reversed flow on 37 faces (1.3% area) of pressure-outlet 21.
  1736  2.9084e-06  1.1728e-08  1.3485e-08  2.6400e-08  1:10:36 3264

 Reversed flow on 37 faces (1.3% area) of pressure-outlet 21.
  1737  2.9264e-06  1.1522e-08  1.2969e-08  2.6704e-08  1:10:37 3263

 Reversed flow on 37 faces (1.3% area) of pressure-outlet 21.
  1738  2.9520e-06  1.1269e-08  1.2476e-08  2.6981e-08  1:10:34 3262

 Reversed flow on 37 faces (1.3% area) of pressure-outlet 21.

  iter  continuity  x-velocity  y-velocity  z-velocity     time/iter
  1739  2.9977e-06  1.1005e-08  1.2558e-08  2.7063e-08  1:10:33 3261

 Reversed flow on 37 faces (1.3% area) of pressure-outlet 21.
  1740  2.9979e-06  1.0716e-08  1.3043e-08  2.5947e-08  1:10:30 3260

 Reversed flow on 37 faces (1.3% area) of pressure-outlet 21.
  1741  2.9776e-06  1.0424e-08  1.3457e-08  2.5657e-08  1:10:31 3259

 Reversed flow on 37 faces (1.3% area) of pressure-outlet 21.
  1742  2.9414e-06  1.0213e-08  1.3786e-08  2.5182e-08  1:10:32 3258

 Reversed flow on 37 faces (1.3% area) of pressure-outlet 21.
  1743  2.8790e-06  1.0200e-08  1.4081e-08  2.4406e-08  1:10:31 3257

 Reversed flow on 37 faces (1.3% area) of pressure-outlet 21.
  1744  2.7818e-06  1.0372e-08  1.4221e-08  2.4648e-08  1:10:31 3256

 Reversed flow on 37 faces (1.3% area) of pressure-outlet 21.
  1745  2.6843e-06  1.0527e-08  1.4029e-08  2.5724e-08  1:10:31 3255

 Reversed flow on 37 faces (1.3% area) of pressure-outlet 21.
  1746  2.6158e-06  1.0563e-08  1.3534e-08  2.6585e-08  1:10:29 3254

 Reversed flow on 37 faces (1.3% area) of pressure-outlet 21.
  1747  2.6185e-06  1.0530e-08  1.2859e-08  2.7221e-08  1:10:27 3253

 Reversed flow on 37 faces (1.3% area) of pressure-outlet 21.
  1748  2.6535e-06  1.0451e-08  1.2297e-08  2.7795e-08  1:10:25 3252

 Reversed flow on 37 faces (1.3% area) of pressure-outlet 21.
  1749  2.7383e-06  1.0315e-08  1.2028e-08  2.7973e-08  1:10:25 3251

 Reversed flow on 37 faces (1.3% area) of pressure-outlet 21.

  iter  continuity  x-velocity  y-velocity  z-velocity     time/iter
  1750  2.8407e-06  1.0174e-08  1.2481e-08  2.7725e-08  1:10:22 3250

 Reversed flow on 37 faces (1.3% area) of pressure-outlet 21.
  1751  2.9569e-06  1.0218e-08  1.3171e-08  2.7261e-08  1:10:23 3249

 Reversed flow on 37 faces (1.3% area) of pressure-outlet 21.
  1752  3.0623e-06  1.0464e-08  1.4032e-08  2.6844e-08  1:10:21 3248

 Reversed flow on 37 faces (1.3% area) of pressure-outlet 21.
  1753  3.1750e-06  1.0743e-08  1.4774e-08  2.6639e-08  1:10:19 3247

 Reversed flow on 37 faces (1.3% area) of pressure-outlet 21.
  1754  3.2641e-06  1.1215e-08  1.5363e-08  2.7100e-08  1:10:18 3246

 Reversed flow on 37 faces (1.3% area) of pressure-outlet 21.
  1755  3.3702e-06  1.1789e-08  1.5649e-08  2.7882e-08  1:10:15 3245

 Reversed flow on 37 faces (1.3% area) of pressure-outlet 21.
  1756  3.4306e-06  1.2210e-08  1.5649e-08  2.9192e-08  1:10:17 3244

 Reversed flow on 37 faces (1.3% area) of pressure-outlet 21.
  1757  3.4487e-06  1.2508e-08  1.5334e-08  2.9923e-08  1:10:16 3243

 Reversed flow on 37 faces (1.3% area) of pressure-outlet 21.
  1758  3.3863e-06  1.2530e-08  1.4784e-08  3.0235e-08  1:10:14 3242

 Reversed flow on 37 faces (1.3% area) of pressure-outlet 21.
  1759  3.2536e-06  1.2374e-08  1.4078e-08  3.0638e-08  1:10:13 3241

 Reversed flow on 37 faces (1.3% area) of pressure-outlet 21.
  1760  3.0943e-06  1.2079e-08  1.3729e-08  3.0621e-08  1:10:09 3240

 Reversed flow on 37 faces (1.3% area) of pressure-outlet 21.

  iter  continuity  x-velocity  y-velocity  z-velocity     time/iter
  1761  2.9833e-06  1.1765e-08  1.3664e-08  3.0120e-08  1:10:09 3239

 Reversed flow on 37 faces (1.3% area) of pressure-outlet 21.
  1762  2.9326e-06  1.1587e-08  1.3848e-08  2.9494e-08  1:10:10 3238

 Reversed flow on 37 faces (1.3% area) of pressure-outlet 21.
  1763  2.9022e-06  1.1445e-08  1.4146e-08  2.8598e-08  1:10:07 3237

 Reversed flow on 37 faces (1.3% area) of pressure-outlet 21.
  1764  2.9077e-06  1.1503e-08  1.4239e-08  2.7647e-08  1:10:05 3236

 Reversed flow on 37 faces (1.3% area) of pressure-outlet 21.
  1765  2.9474e-06  1.1810e-08  1.4272e-08  2.7486e-08  1:10:08 3235

 Reversed flow on 37 faces (1.3% area) of pressure-outlet 21.
  1766  3.0069e-06  1.1962e-08  1.4223e-08  2.7979e-08  1:10:06 3234

 Reversed flow on 37 faces (1.3% area) of pressure-outlet 21.
  1767  3.0562e-06  1.1940e-08  1.4094e-08  2.8876e-08  1:10:04 3233

 Reversed flow on 37 faces (1.3% area) of pressure-outlet 21.
  1768  3.1675e-06  1.1842e-08  1.3791e-08  2.9750e-08  1:10:05 3232

 Reversed flow on 37 faces (1.3% area) of pressure-outlet 21.
  1769  3.2862e-06  1.1729e-08  1.3491e-08  3.0476e-08  1:10:04 3231

 Reversed flow on 37 faces (1.3% area) of pressure-outlet 21.
  1770  3.3524e-06  1.1626e-08  1.3517e-08  3.0041e-08  1:10:01 3230

 Reversed flow on 37 faces (1.3% area) of pressure-outlet 21.
  1771  3.3648e-06  1.1376e-08  1.4030e-08  2.9949e-08  1:09:59 3229

 Reversed flow on 37 faces (1.3% area) of pressure-outlet 21.

  iter  continuity  x-velocity  y-velocity  z-velocity     time/iter
  1772  3.3416e-06  1.1152e-08  1.4499e-08  2.9534e-08  1:09:57 3228

 Reversed flow on 37 faces (1.3% area) of pressure-outlet 21.
  1773  3.2650e-06  1.1041e-08  1.5009e-08  2.8379e-08  1:09:56 3227

 Reversed flow on 37 faces (1.3% area) of pressure-outlet 21.
  1774  3.1723e-06  1.0936e-08  1.5258e-08  2.7895e-08  1:09:51 3226

 Reversed flow on 37 faces (1.3% area) of pressure-outlet 21.
  1775  3.0449e-06  1.1052e-08  1.5251e-08  2.8195e-08  1:09:51 3225

 Reversed flow on 37 faces (1.3% area) of pressure-outlet 21.
  1776  2.9696e-06  1.1375e-08  1.4984e-08  2.8642e-08  1:09:50 3224

 Reversed flow on 37 faces (1.3% area) of pressure-outlet 21.
  1777  2.9308e-06  1.1634e-08  1.4546e-08  2.9286e-08  1:09:49 3223

 Reversed flow on 37 faces (1.3% area) of pressure-outlet 21.
  1778  2.9671e-06  1.1728e-08  1.4079e-08  2.9871e-08  1:09:49 3222

 Reversed flow on 37 faces (1.3% area) of pressure-outlet 21.
  1779  3.0457e-06  1.1647e-08  1.3532e-08  3.0098e-08  1:09:45 3221

 Reversed flow on 37 faces (1.3% area) of pressure-outlet 21.
  1780  3.1436e-06  1.1565e-08  1.3118e-08  3.0000e-08  1:09:43 3220

 Reversed flow on 37 faces (1.3% area) of pressure-outlet 21.
  1781  3.2393e-06  1.1606e-08  1.3395e-08  2.9488e-08  1:09:44 3219

 Reversed flow on 37 faces (1.3% area) of pressure-outlet 21.
  1782  3.2636e-06  1.1700e-08  1.4053e-08  2.8473e-08  1:09:40 3218

 Reversed flow on 37 faces (1.3% area) of pressure-outlet 21.

  iter  continuity  x-velocity  y-velocity  z-velocity     time/iter
  1783  3.2666e-06  1.1817e-08  1.4693e-08  2.7655e-08  1:09:39 3217

 Reversed flow on 37 faces (1.3% area) of pressure-outlet 21.
  1784  3.2827e-06  1.1900e-08  1.5238e-08  2.7023e-08  1:09:38 3216

 Reversed flow on 37 faces (1.3% area) of pressure-outlet 21.
  1785  3.3065e-06  1.2019e-08  1.5543e-08  2.6828e-08  1:09:37 3215

 Reversed flow on 37 faces (1.3% area) of pressure-outlet 21.
  1786  3.2897e-06  1.2169e-08  1.5620e-08  2.7498e-08  1:09:33 3214

 Reversed flow on 37 faces (1.3% area) of pressure-outlet 21.
  1787  3.2423e-06  1.2239e-08  1.5414e-08  2.8180e-08  1:09:32 3213

 Reversed flow on 37 faces (1.3% area) of pressure-outlet 21.
  1788  3.1420e-06  1.2107e-08  1.4919e-08  2.8579e-08  1:09:31 3212

 Reversed flow on 37 faces (1.3% area) of pressure-outlet 21.
  1789  3.0107e-06  1.1801e-08  1.4054e-08  2.9005e-08  1:09:32 3211

 Reversed flow on 37 faces (1.3% area) of pressure-outlet 21.
  1790  2.8567e-06  1.1385e-08  1.3005e-08  2.9070e-08  1:09:32 3210

 Reversed flow on 37 faces (1.3% area) of pressure-outlet 21.
  1791  2.7643e-06  1.1018e-08  1.2369e-08  2.8689e-08  1:09:35 3209

 Reversed flow on 37 faces (1.3% area) of pressure-outlet 21.
  1792  2.7010e-06  1.0631e-08  1.2487e-08  2.7577e-08  1:09:35 3208

 Reversed flow on 37 faces (1.3% area) of pressure-outlet 21.
  1793  2.6399e-06  1.0345e-08  1.2774e-08  2.6278e-08  1:09:33 3207

 Reversed flow on 37 faces (1.3% area) of pressure-outlet 21.

  iter  continuity  x-velocity  y-velocity  z-velocity     time/iter
  1794  2.5973e-06  1.0154e-08  1.2944e-08  2.4415e-08  1:09:30 3206

 Reversed flow on 37 faces (1.3% area) of pressure-outlet 21.
  1795  2.6196e-06  1.0080e-08  1.3048e-08  2.3528e-08  1:09:31 3205

 Reversed flow on 37 faces (1.3% area) of pressure-outlet 21.
  1796  2.6345e-06  1.0192e-08  1.3166e-08  2.3455e-08  1:09:26 3204

 Reversed flow on 37 faces (1.3% area) of pressure-outlet 21.
  1797  2.6783e-06  1.0432e-08  1.3282e-08  2.4338e-08  1:09:30 3203

 Reversed flow on 37 faces (1.3% area) of pressure-outlet 21.
  1798  2.7519e-06  1.0551e-08  1.3210e-08  2.5468e-08  1:09:28 3202

 Reversed flow on 37 faces (1.3% area) of pressure-outlet 21.
  1799  2.8930e-06  1.0546e-08  1.2996e-08  2.6433e-08  1:09:25 3201

 Reversed flow on 37 faces (1.3% area) of pressure-outlet 21.
  1800  2.9767e-06  1.0496e-08  1.2733e-08  2.6563e-08  1:09:23 3200

 Reversed flow on 37 faces (1.3% area) of pressure-outlet 21.
  1801  3.0183e-06  1.0343e-08  1.2505e-08  2.7084e-08  1:09:21 3199

 Reversed flow on 37 faces (1.3% area) of pressure-outlet 21.
  1802  3.0228e-06  1.0186e-08  1.2804e-08  2.7005e-08  1:09:19 3198

 Reversed flow on 37 faces (1.3% area) of pressure-outlet 21.
  1803  2.9966e-06  1.0022e-08  1.3265e-08  2.6494e-08  1:09:17 3197

 Reversed flow on 37 faces (1.3% area) of pressure-outlet 21.
  1804  2.9492e-06  9.9911e-09  1.3701e-08  2.6450e-08  1:09:13 3196

 Reversed flow on 37 faces (1.3% area) of pressure-outlet 21.

  iter  continuity  x-velocity  y-velocity  z-velocity     time/iter
  1805  2.8809e-06  1.0108e-08  1.4066e-08  2.6499e-08  1:09:12 3195

 Reversed flow on 37 faces (1.3% area) of pressure-outlet 21.
  1806  2.8479e-06  1.0551e-08  1.4342e-08  2.6764e-08  1:09:09 3194

 Reversed flow on 37 faces (1.3% area) of pressure-outlet 21.
  1807  2.8482e-06  1.1100e-08  1.4474e-08  2.7485e-08  1:09:11 3193

 Reversed flow on 37 faces (1.3% area) of pressure-outlet 21.
  1808  2.9042e-06  1.1559e-08  1.4531e-08  2.8404e-08  1:09:08 3192

 Reversed flow on 37 faces (1.3% area) of pressure-outlet 21.
  1809  3.0190e-06  1.1833e-08  1.4323e-08  2.8891e-08  1:09:08 3191

 Reversed flow on 37 faces (1.3% area) of pressure-outlet 21.
  1810  3.1519e-06  1.1979e-08  1.3856e-08  2.9090e-08  1:09:06 3190

 Reversed flow on 37 faces (1.3% area) of pressure-outlet 21.
  1811  3.2536e-06  1.2086e-08  1.3421e-08  2.9179e-08  1:09:11 3189

 Reversed flow on 37 faces (1.3% area) of pressure-outlet 21.
  1812  3.3166e-06  1.2093e-08  1.3571e-08  2.9408e-08  1:09:08 3188

 Reversed flow on 37 faces (1.3% area) of pressure-outlet 21.
  1813  3.3295e-06  1.1972e-08  1.4121e-08  2.9153e-08  1:09:07 3187

 Reversed flow on 37 faces (1.3% area) of pressure-outlet 21.
  1814  3.3250e-06  1.1991e-08  1.4697e-08  2.8858e-08  1:09:02 3186

 Reversed flow on 37 faces (1.3% area) of pressure-outlet 21.
  1815  3.3390e-06  1.1872e-08  1.5103e-08  2.8337e-08  1:09:01 3185

 Reversed flow on 37 faces (1.3% area) of pressure-outlet 21.

  iter  continuity  x-velocity  y-velocity  z-velocity     time/iter
  1816  3.3342e-06  1.1762e-08  1.5285e-08  2.8813e-08  1:09:02 3184

 Reversed flow on 37 faces (1.3% area) of pressure-outlet 21.
  1817  3.2734e-06  1.1916e-08  1.5284e-08  2.9108e-08  1:09:00 3183

 Reversed flow on 37 faces (1.3% area) of pressure-outlet 21.
  1818  3.1832e-06  1.2049e-08  1.5103e-08  2.9624e-08  1:08:56 3182

 Reversed flow on 37 faces (1.3% area) of pressure-outlet 21.
  1819  3.0528e-06  1.1935e-08  1.4558e-08  3.0404e-08  1:08:55 3181

 Reversed flow on 37 faces (1.3% area) of pressure-outlet 21.
  1820  2.9614e-06  1.1650e-08  1.3734e-08  3.0821e-08  1:08:53 3180

 Reversed flow on 37 faces (1.3% area) of pressure-outlet 21.
  1821  2.9320e-06  1.1368e-08  1.2872e-08  3.0897e-08  1:08:51 3179

 Reversed flow on 37 faces (1.3% area) of pressure-outlet 21.
  1822  2.9282e-06  1.1128e-08  1.2471e-08  3.0270e-08  1:08:48 3178

 Reversed flow on 37 faces (1.3% area) of pressure-outlet 21.
  1823  2.9110e-06  1.0867e-08  1.2763e-08  2.9190e-08  1:08:47 3177

 Reversed flow on 37 faces (1.3% area) of pressure-outlet 21.
  1824  2.9154e-06  1.0583e-08  1.2990e-08  2.8005e-08  1:08:45 3176

 Reversed flow on 37 faces (1.3% area) of pressure-outlet 21.
  1825  2.9672e-06  1.0510e-08  1.3364e-08  2.7288e-08  1:08:45 3175

 Reversed flow on 37 faces (1.3% area) of pressure-outlet 21.
  1826  3.0085e-06  1.0509e-08  1.3837e-08  2.6779e-08  1:08:43 3174

 Reversed flow on 37 faces (1.3% area) of pressure-outlet 21.

  iter  continuity  x-velocity  y-velocity  z-velocity     time/iter
  1827  3.0520e-06  1.0775e-08  1.4404e-08  2.7084e-08  1:08:42 3173

 Reversed flow on 37 faces (1.3% area) of pressure-outlet 21.
  1828  3.1364e-06  1.1111e-08  1.4763e-08  2.8142e-08  1:08:40 3172

 Reversed flow on 37 faces (1.3% area) of pressure-outlet 21.
  1829  3.2542e-06  1.1380e-08  1.4914e-08  2.9335e-08  1:08:36 3171

 Reversed flow on 37 faces (1.3% area) of pressure-outlet 21.
  1830  3.3531e-06  1.1574e-08  1.4833e-08  2.9875e-08  1:12:12 3170

 Reversed flow on 37 faces (1.3% area) of pressure-outlet 21.
  1831  3.4120e-06  1.1616e-08  1.4424e-08  3.0739e-08  1:11:27 3169

 Reversed flow on 37 faces (1.3% area) of pressure-outlet 21.
  1832  3.4266e-06  1.1623e-08  1.3943e-08  3.1073e-08  1:10:52 3168

 Reversed flow on 37 faces (1.3% area) of pressure-outlet 21.
  1833  3.3957e-06  1.1646e-08  1.4046e-08  3.0742e-08  1:10:23 3167

 Reversed flow on 37 faces (1.3% area) of pressure-outlet 21.
  1834  3.2548e-06  1.1677e-08  1.4482e-08  2.9722e-08  1:10:02 3166

 Reversed flow on 37 faces (1.3% area) of pressure-outlet 21.
  1835  3.0726e-06  1.1797e-08  1.4842e-08  2.8776e-08  1:09:44 3165

 Reversed flow on 37 faces (1.3% area) of pressure-outlet 21.
  1836  2.9544e-06  1.1841e-08  1.5008e-08  2.7800e-08  1:09:28 3164

 Reversed flow on 37 faces (1.3% area) of pressure-outlet 21.
  1837  2.8848e-06  1.1858e-08  1.5000e-08  2.7654e-08  1:09:12 3163

 Reversed flow on 37 faces (1.3% area) of pressure-outlet 21.

  iter  continuity  x-velocity  y-velocity  z-velocity     time/iter
  1838  2.8600e-06  1.2078e-08  1.5001e-08  2.7634e-08  1:09:03 3162

 Reversed flow on 37 faces (1.3% area) of pressure-outlet 21.
  1839  2.9130e-06  1.2218e-08  1.4840e-08  2.7860e-08  1:08:56 3161

 Reversed flow on 37 faces (1.3% area) of pressure-outlet 21.
  1840  2.9924e-06  1.2233e-08  1.4470e-08  2.7979e-08  1:08:51 3160

 Reversed flow on 37 faces (1.3% area) of pressure-outlet 21.
  1841  3.0831e-06  1.2163e-08  1.4009e-08  2.7916e-08  1:08:44 3159

 Reversed flow on 37 faces (1.3% area) of pressure-outlet 21.
  1842  3.1386e-06  1.2014e-08  1.3555e-08  2.8050e-08  1:08:38 3158

 Reversed flow on 37 faces (1.3% area) of pressure-outlet 21.
  1843  3.1618e-06  1.1756e-08  1.3403e-08  2.7836e-08  1:08:35 3157

 Reversed flow on 37 faces (1.3% area) of pressure-outlet 21.
  1844  3.1593e-06  1.1500e-08  1.3790e-08  2.7174e-08  1:08:31 3156

 Reversed flow on 37 faces (1.3% area) of pressure-outlet 21.
  1845  3.1623e-06  1.1117e-08  1.4083e-08  2.6745e-08  1:08:27 3155

 Reversed flow on 37 faces (1.3% area) of pressure-outlet 21.
  1846  3.1370e-06  1.0834e-08  1.4399e-08  2.6768e-08  1:08:24 3154

 Reversed flow on 37 faces (1.3% area) of pressure-outlet 21.
  1847  3.0646e-06  1.0732e-08  1.4706e-08  2.6341e-08  1:08:20 3153

 Reversed flow on 37 faces (1.3% area) of pressure-outlet 21.
  1848  2.9502e-06  1.0845e-08  1.4945e-08  2.6444e-08  1:08:20 3152

 Reversed flow on 37 faces (1.3% area) of pressure-outlet 21.

  iter  continuity  x-velocity  y-velocity  z-velocity     time/iter
  1849  2.8241e-06  1.0924e-08  1.4808e-08  2.7321e-08  1:08:17 3151

 Reversed flow on 37 faces (1.3% area) of pressure-outlet 21.
  1850  2.7171e-06  1.0842e-08  1.4300e-08  2.8123e-08  1:08:17 3150

 Reversed flow on 37 faces (1.3% area) of pressure-outlet 21.
  1851  2.7294e-06  1.0759e-08  1.3589e-08  2.8654e-08  1:08:14 3149

 Reversed flow on 37 faces (1.3% area) of pressure-outlet 21.
  1852  2.7578e-06  1.0686e-08  1.2943e-08  2.8579e-08  1:08:13 3148

 Reversed flow on 37 faces (1.3% area) of pressure-outlet 21.
  1853  2.7718e-06  1.0570e-08  1.2420e-08  2.8161e-08  1:08:11 3147

 Reversed flow on 37 faces (1.3% area) of pressure-outlet 21.
  1854  2.7994e-06  1.0422e-08  1.2335e-08  2.7406e-08  1:08:09 3146

 Reversed flow on 37 faces (1.3% area) of pressure-outlet 21.
  1855  2.8580e-06  1.0371e-08  1.2700e-08  2.6518e-08  1:08:09 3145

 Reversed flow on 37 faces (1.3% area) of pressure-outlet 21.
  1856  2.9010e-06  1.0420e-08  1.3260e-08  2.5917e-08  1:08:06 3144

 Reversed flow on 37 faces (1.3% area) of pressure-outlet 21.
  1857  2.9578e-06  1.0536e-08  1.3904e-08  2.5498e-08  1:08:09 3143

 Reversed flow on 37 faces (1.3% area) of pressure-outlet 21.
  1858  3.0545e-06  1.0740e-08  1.4424e-08  2.6232e-08  1:08:08 3142

 Reversed flow on 37 faces (1.3% area) of pressure-outlet 21.
  1859  3.1740e-06  1.1285e-08  1.4857e-08  2.6794e-08  1:08:03 3141

 Reversed flow on 37 faces (1.3% area) of pressure-outlet 21.

  iter  continuity  x-velocity  y-velocity  z-velocity     time/iter
  1860  3.2691e-06  1.1858e-08  1.5132e-08  2.7437e-08  1:08:02 3140

 Reversed flow on 37 faces (1.3% area) of pressure-outlet 21.
  1861  3.3277e-06  1.2163e-08  1.5004e-08  2.8308e-08  1:07:58 3139

 Reversed flow on 37 faces (1.3% area) of pressure-outlet 21.
  1862  3.3537e-06  1.2250e-08  1.4501e-08  2.8707e-08  1:07:59 3138

 Reversed flow on 37 faces (1.3% area) of pressure-outlet 21.
  1863  3.3084e-06  1.2171e-08  1.3895e-08  2.8859e-08  1:07:58 3137

 Reversed flow on 37 faces (1.3% area) of pressure-outlet 21.
  1864  3.2019e-06  1.1941e-08  1.3556e-08  2.9166e-08  1:07:58 3136

 Reversed flow on 37 faces (1.3% area) of pressure-outlet 21.
  1865  3.0443e-06  1.1640e-08  1.3582e-08  2.9116e-08  1:07:56 3135

 Reversed flow on 37 faces (1.3% area) of pressure-outlet 21.
  1866  2.9223e-06  1.1375e-08  1.3580e-08  2.9041e-08  1:07:53 3134

 Reversed flow on 37 faces (1.3% area) of pressure-outlet 21.
  1867  2.8585e-06  1.1164e-08  1.3651e-08  2.8910e-08  1:07:51 3133

 Reversed flow on 37 faces (1.3% area) of pressure-outlet 21.
  1868  2.8437e-06  1.1110e-08  1.3906e-08  2.8604e-08  1:07:50 3132

 Reversed flow on 37 faces (1.3% area) of pressure-outlet 21.
  1869  2.8838e-06  1.1246e-08  1.4101e-08  2.8547e-08  1:07:48 3131

 Reversed flow on 37 faces (1.3% area) of pressure-outlet 21.
  1870  2.9707e-06  1.1426e-08  1.4123e-08  2.8724e-08  1:07:48 3130

 Reversed flow on 37 faces (1.3% area) of pressure-outlet 21.

  iter  continuity  x-velocity  y-velocity  z-velocity     time/iter
  1871  3.0601e-06  1.1536e-08  1.4045e-08  2.9044e-08  1:09:15 3129

 Reversed flow on 37 faces (1.3% area) of pressure-outlet 21.
  1872  3.1857e-06  1.1594e-08  1.3850e-08  2.9522e-08  1:08:57 3128

 Reversed flow on 37 faces (1.3% area) of pressure-outlet 21.
  1873  3.2717e-06  1.1562e-08  1.3564e-08  2.9696e-08  1:08:39 3127

 Reversed flow on 37 faces (1.3% area) of pressure-outlet 21.
  1874  3.3292e-06  1.1574e-08  1.3364e-08  2.9465e-08  1:08:27 3126

 Reversed flow on 37 faces (1.3% area) of pressure-outlet 21.
  1875  3.3695e-06  1.1367e-08  1.3649e-08  2.9308e-08  1:08:14 3125

 Reversed flow on 37 faces (1.3% area) of pressure-outlet 21.
  1876  3.3571e-06  1.1135e-08  1.4150e-08  2.9155e-08  1:08:05 3124

 Reversed flow on 37 faces (1.3% area) of pressure-outlet 21.
  1877  3.2796e-06  1.1057e-08  1.4660e-08  2.8572e-08  1:07:57 3123

 Reversed flow on 37 faces (1.3% area) of pressure-outlet 21.
  1878  3.1598e-06  1.0930e-08  1.5036e-08  2.7903e-08  1:07:50 3122

 Reversed flow on 37 faces (1.3% area) of pressure-outlet 21.
  1879  3.0198e-06  1.0821e-08  1.5064e-08  2.8285e-08  1:07:45 3121

 Reversed flow on 37 faces (1.3% area) of pressure-outlet 21.
  1880  2.9032e-06  1.0971e-08  1.4793e-08  2.8566e-08  1:07:41 3120

 Reversed flow on 37 faces (1.3% area) of pressure-outlet 21.
  1881  2.8972e-06  1.1195e-08  1.4391e-08  2.9342e-08  1:07:37 3119

 Reversed flow on 37 faces (1.3% area) of pressure-outlet 21.

  iter  continuity  x-velocity  y-velocity  z-velocity     time/iter
  1882  2.9224e-06  1.1325e-08  1.3991e-08  2.9570e-08  1:07:34 3118

 Reversed flow on 37 faces (1.3% area) of pressure-outlet 21.
  1883  2.9583e-06  1.1294e-08  1.3444e-08  2.9460e-08  1:07:32 3117

 Reversed flow on 37 faces (1.3% area) of pressure-outlet 21.
  1884  3.0027e-06  1.1221e-08  1.2691e-08  2.9162e-08  1:07:30 3116

 Reversed flow on 37 faces (1.3% area) of pressure-outlet 21.
  1885  3.0773e-06  1.1270e-08  1.2585e-08  2.8715e-08  1:07:27 3115

 Reversed flow on 37 faces (1.3% area) of pressure-outlet 21.
  1886  3.0659e-06  1.1262e-08  1.3068e-08  2.7713e-08  1:07:27 3114

 Reversed flow on 37 faces (1.3% area) of pressure-outlet 21.
  1887  3.0538e-06  1.1269e-08  1.3698e-08  2.7160e-08  1:07:27 3113

 Reversed flow on 37 faces (1.3% area) of pressure-outlet 21.
  1888  3.1004e-06  1.1241e-08  1.4268e-08  2.7246e-08  1:07:27 3112

 Reversed flow on 37 faces (1.3% area) of pressure-outlet 21.
  1889  3.1596e-06  1.1337e-08  1.4813e-08  2.6878e-08  1:07:24 3111

 Reversed flow on 37 faces (1.3% area) of pressure-outlet 21.
  1890  3.1765e-06  1.1599e-08  1.5223e-08  2.6928e-08  1:07:23 3110

 Reversed flow on 37 faces (1.3% area) of pressure-outlet 21.
  1891  3.1819e-06  1.1742e-08  1.5259e-08  2.7587e-08  1:07:21 3109

 Reversed flow on 37 faces (1.3% area) of pressure-outlet 21.
  1892  3.1517e-06  1.1749e-08  1.4911e-08  2.7929e-08  1:07:19 3108

 Reversed flow on 37 faces (1.3% area) of pressure-outlet 21.

  iter  continuity  x-velocity  y-velocity  z-velocity     time/iter
  1893  3.1094e-06  1.1632e-08  1.4312e-08  2.7886e-08  1:07:18 3107

 Reversed flow on 37 faces (1.3% area) of pressure-outlet 21.
  1894  3.0006e-06  1.1429e-08  1.3510e-08  2.8112e-08  1:07:15 3106

 Reversed flow on 37 faces (1.3% area) of pressure-outlet 21.
  1895  2.8624e-06  1.1187e-08  1.2787e-08  2.8063e-08  1:07:14 3105

 Reversed flow on 37 faces (1.3% area) of pressure-outlet 21.
  1896  2.7431e-06  1.0902e-08  1.2721e-08  2.7622e-08  1:07:11 3104

 Reversed flow on 37 faces (1.3% area) of pressure-outlet 21.
  1897  2.6644e-06  1.0664e-08  1.2876e-08  2.6919e-08  1:07:13 3103

 Reversed flow on 37 faces (1.3% area) of pressure-outlet 21.
  1898  2.6282e-06  1.0549e-08  1.3327e-08  2.6115e-08  1:07:10 3102

 Reversed flow on 37 faces (1.3% area) of pressure-outlet 21.
  1899  2.6692e-06  1.0404e-08  1.3688e-08  2.5173e-08  1:07:07 3101

 Reversed flow on 37 faces (1.3% area) of pressure-outlet 21.
  1900  2.7479e-06  1.0445e-08  1.3945e-08  2.5216e-08  1:07:06 3100

 Reversed flow on 37 faces (1.3% area) of pressure-outlet 21.
  1901  2.8400e-06  1.0802e-08  1.4170e-08  2.5516e-08  1:07:06 3099

 Reversed flow on 37 faces (1.3% area) of pressure-outlet 21.
  1902  2.9466e-06  1.1082e-08  1.4278e-08  2.6530e-08  1:07:03 3098

 Reversed flow on 37 faces (1.3% area) of pressure-outlet 21.
  1903  3.0521e-06  1.1152e-08  1.4189e-08  2.7339e-08  1:07:12 3097

 Reversed flow on 37 faces (1.3% area) of pressure-outlet 21.

  iter  continuity  x-velocity  y-velocity  z-velocity     time/iter
  1904  3.1501e-06  1.1179e-08  1.3912e-08  2.7797e-08  1:07:09 3096

 Reversed flow on 37 faces (1.3% area) of pressure-outlet 21.
  1905  3.2236e-06  1.1030e-08  1.3466e-08  2.8538e-08  1:07:06 3095

 Reversed flow on 37 faces (1.3% area) of pressure-outlet 21.
  1906  3.2493e-06  1.0885e-08  1.3559e-08  2.9036e-08  1:07:02 3094

 Reversed flow on 37 faces (1.3% area) of pressure-outlet 21.
  1907  3.2149e-06  1.0758e-08  1.3969e-08  2.8844e-08  1:07:00 3093

 Reversed flow on 37 faces (1.3% area) of pressure-outlet 21.
  1908  3.1358e-06  1.0702e-08  1.4432e-08  2.8742e-08  1:06:58 3092

 Reversed flow on 37 faces (1.3% area) of pressure-outlet 21.
  1909  3.0396e-06  1.0691e-08  1.4734e-08  2.8715e-08  1:06:57 3091

 Reversed flow on 37 faces (1.3% area) of pressure-outlet 21.
  1910  2.9557e-06  1.0907e-08  1.4919e-08  2.8436e-08  1:06:55 3090

 Reversed flow on 37 faces (1.3% area) of pressure-outlet 21.
  1911  2.9590e-06  1.1400e-08  1.5047e-08  2.8796e-08  1:06:55 3089

 Reversed flow on 37 faces (1.3% area) of pressure-outlet 21.
  1912  2.9982e-06  1.1941e-08  1.5148e-08  2.8870e-08  1:06:55 3088

 Reversed flow on 37 faces (1.3% area) of pressure-outlet 21.
  1913  3.0303e-06  1.2267e-08  1.4959e-08  2.8687e-08  1:06:51 3087

 Reversed flow on 37 faces (1.3% area) of pressure-outlet 21.
  1914  3.0957e-06  1.2430e-08  1.4258e-08  2.8382e-08  1:06:47 3086

 Reversed flow on 37 faces (1.3% area) of pressure-outlet 21.

  iter  continuity  x-velocity  y-velocity  z-velocity     time/iter
  1915  3.1619e-06  1.2533e-08  1.3557e-08  2.8327e-08  1:06:46 3085

 Reversed flow on 37 faces (1.3% area) of pressure-outlet 21.
  1916  3.1816e-06  1.2403e-08  1.3145e-08  2.8545e-08  1:06:49 3084

 Reversed flow on 37 faces (1.3% area) of pressure-outlet 21.
  1917  3.1737e-06  1.2166e-08  1.3508e-08  2.8664e-08  1:06:48 3083

 Reversed flow on 37 faces (1.3% area) of pressure-outlet 21.
  1918  3.1942e-06  1.1950e-08  1.3977e-08  2.8941e-08  1:06:45 3082

 Reversed flow on 37 faces (1.3% area) of pressure-outlet 21.
  1919  3.2301e-06  1.1853e-08  1.4551e-08  2.8329e-08  1:06:42 3081

 Reversed flow on 37 faces (1.3% area) of pressure-outlet 21.
  1920  3.2507e-06  1.1751e-08  1.4964e-08  2.7924e-08  1:06:42 3080

 Reversed flow on 37 faces (1.3% area) of pressure-outlet 21.
  1921  3.2376e-06  1.1710e-08  1.5119e-08  2.8394e-08  1:06:42 3079

 Reversed flow on 37 faces (1.3% area) of pressure-outlet 21.
  1922  3.2120e-06  1.1862e-08  1.5016e-08  2.8606e-08  1:06:39 3078

 Reversed flow on 37 faces (1.3% area) of pressure-outlet 21.
  1923  3.1572e-06  1.1870e-08  1.4763e-08  2.9007e-08  1:06:48 3077

 Reversed flow on 37 faces (1.3% area) of pressure-outlet 21.
  1924  3.0997e-06  1.1723e-08  1.4236e-08  2.9694e-08  1:06:49 3076

 Reversed flow on 37 faces (1.3% area) of pressure-outlet 21.
  1925  3.0208e-06  1.1488e-08  1.3506e-08  3.0010e-08  1:06:46 3075

 Reversed flow on 37 faces (1.3% area) of pressure-outlet 21.

  iter  continuity  x-velocity  y-velocity  z-velocity     time/iter
  1926  2.9503e-06  1.1270e-08  1.2753e-08  2.9996e-08  1:06:44 3074

 Reversed flow on 37 faces (1.3% area) of pressure-outlet 21.
  1927  2.9038e-06  1.1037e-08  1.2601e-08  2.9572e-08  1:06:42 3073

 Reversed flow on 37 faces (1.3% area) of pressure-outlet 21.
  1928  2.8927e-06  1.0706e-08  1.2980e-08  2.8992e-08  1:06:38 3072

 Reversed flow on 37 faces (1.3% area) of pressure-outlet 21.
  1929  2.9299e-06  1.0448e-08  1.3367e-08  2.8265e-08  1:06:35 3071

 Reversed flow on 37 faces (1.3% area) of pressure-outlet 21.
  1930  3.0021e-06  1.0358e-08  1.3793e-08  2.7501e-08  1:06:32 3070

 Reversed flow on 37 faces (1.3% area) of pressure-outlet 21.
  1931  3.0747e-06  1.0554e-08  1.4316e-08  2.6865e-08  1:06:31 3069

 Reversed flow on 37 faces (1.3% area) of pressure-outlet 21.
  1932  3.1386e-06  1.0971e-08  1.4750e-08  2.7290e-08  1:06:26 3068

 Reversed flow on 37 faces (1.3% area) of pressure-outlet 21.
  1933  3.2241e-06  1.1322e-08  1.4993e-08  2.8093e-08  1:06:24 3067

 Reversed flow on 37 faces (1.3% area) of pressure-outlet 21.
  1934  3.3073e-06  1.1627e-08  1.4960e-08  2.8648e-08  1:06:23 3066

 Reversed flow on 37 faces (1.3% area) of pressure-outlet 21.
  1935  3.4034e-06  1.1667e-08  1.4504e-08  2.9620e-08  1:06:22 3065

 Reversed flow on 37 faces (1.3% area) of pressure-outlet 21.
  1936  3.4372e-06  1.1730e-08  1.4029e-08  3.0399e-08  1:06:19 3064

 Reversed flow on 37 faces (1.3% area) of pressure-outlet 21.

  iter  continuity  x-velocity  y-velocity  z-velocity     time/iter
  1937  3.4096e-06  1.1809e-08  1.3819e-08  3.0517e-08  1:06:17 3063

 Reversed flow on 37 faces (1.3% area) of pressure-outlet 21.
  1938  3.2442e-06  1.1827e-08  1.4253e-08  2.9747e-08  1:06:15 3062

 Reversed flow on 37 faces (1.3% area) of pressure-outlet 21.
  1939  3.0674e-06  1.1700e-08  1.4501e-08  2.9096e-08  1:06:13 3061

 Reversed flow on 37 faces (1.3% area) of pressure-outlet 21.
  1940  2.9095e-06  1.1544e-08  1.4618e-08  2.8205e-08  1:06:12 3060

 Reversed flow on 37 faces (1.3% area) of pressure-outlet 21.
  1941  2.8620e-06  1.1398e-08  1.4589e-08  2.7704e-08  1:06:10 3059

 Reversed flow on 37 faces (1.3% area) of pressure-outlet 21.
  1942  2.8101e-06  1.1415e-08  1.4593e-08  2.7146e-08  1:06:08 3058

 Reversed flow on 37 faces (1.3% area) of pressure-outlet 21.
  1943  2.7918e-06  1.1549e-08  1.4374e-08  2.6629e-08  1:06:07 3057

 Reversed flow on 37 faces (1.3% area) of pressure-outlet 21.
  1944  2.7932e-06  1.1577e-08  1.3769e-08  2.6384e-08  1:06:05 3056

 Reversed flow on 37 faces (1.3% area) of pressure-outlet 21.
  1945  2.8465e-06  1.1531e-08  1.3121e-08  2.6167e-08  1:06:03 3055

 Reversed flow on 37 faces (1.3% area) of pressure-outlet 21.
  1946  2.8595e-06  1.1263e-08  1.2486e-08  2.6234e-08  1:06:02 3054

 Reversed flow on 37 faces (1.3% area) of pressure-outlet 21.
  1947  2.8683e-06  1.0993e-08  1.2064e-08  2.6344e-08  1:06:02 3053

 Reversed flow on 37 faces (1.3% area) of pressure-outlet 21.

  iter  continuity  x-velocity  y-velocity  z-velocity     time/iter
  1948  2.8940e-06  1.0682e-08  1.2258e-08  2.6292e-08  1:05:59 3052

 Reversed flow on 37 faces (1.3% area) of pressure-outlet 21.
  1949  2.9218e-06  1.0400e-08  1.2781e-08  2.5416e-08  1:06:01 3051

 Reversed flow on 37 faces (1.3% area) of pressure-outlet 21.
  1950  2.9251e-06  1.0202e-08  1.3302e-08  2.5024e-08  1:06:02 3050

 Reversed flow on 37 faces (1.3% area) of pressure-outlet 21.
  1951  2.9070e-06  1.0039e-08  1.3740e-08  2.4685e-08  1:06:03 3049

 Reversed flow on 37 faces (1.3% area) of pressure-outlet 21.
  1952  2.8702e-06  1.0137e-08  1.4040e-08  2.4369e-08  1:06:00 3048

 Reversed flow on 37 faces (1.3% area) of pressure-outlet 21.
  1953  2.8017e-06  1.0351e-08  1.4191e-08  2.4637e-08  1:05:57 3047

 Reversed flow on 37 faces (1.3% area) of pressure-outlet 21.
  1954  2.7358e-06  1.0444e-08  1.4010e-08  2.5826e-08  1:05:58 3046

 Reversed flow on 37 faces (1.3% area) of pressure-outlet 21.
  1955  2.6814e-06  1.0445e-08  1.3534e-08  2.6722e-08  1:05:54 3045

 Reversed flow on 37 faces (1.3% area) of pressure-outlet 21.
  1956  2.6646e-06  1.0412e-08  1.2811e-08  2.7406e-08  1:05:52 3044

 Reversed flow on 37 faces (1.3% area) of pressure-outlet 21.
  1957  2.6742e-06  1.0395e-08  1.2144e-08  2.7889e-08  1:05:50 3043

 Reversed flow on 37 faces (1.3% area) of pressure-outlet 21.
  1958  2.7285e-06  1.0312e-08  1.2107e-08  2.8101e-08  1:05:49 3042

 Reversed flow on 37 faces (1.3% area) of pressure-outlet 21.

  iter  continuity  x-velocity  y-velocity  z-velocity     time/iter
  1959  2.8169e-06  1.0198e-08  1.2616e-08  2.7773e-08  1:05:50 3041

 Reversed flow on 37 faces (1.3% area) of pressure-outlet 21.
  1960  2.9449e-06  1.0289e-08  1.3252e-08  2.7412e-08  1:05:48 3040

 Reversed flow on 37 faces (1.3% area) of pressure-outlet 21.
  1961  3.0590e-06  1.0569e-08  1.4099e-08  2.6618e-08  1:05:46 3039

 Reversed flow on 37 faces (1.3% area) of pressure-outlet 21.
  1962  3.1790e-06  1.0907e-08  1.4794e-08  2.6855e-08  1:05:45 3038

 Reversed flow on 37 faces (1.3% area) of pressure-outlet 21.
  1963  3.2617e-06  1.1394e-08  1.5374e-08  2.7363e-08  1:05:43 3037

 Reversed flow on 37 faces (1.3% area) of pressure-outlet 21.
  1964  3.3672e-06  1.2090e-08  1.5719e-08  2.7873e-08  1:05:43 3036

 Reversed flow on 37 faces (1.3% area) of pressure-outlet 21.
  1965  3.4397e-06  1.2433e-08  1.5580e-08  2.9015e-08  1:05:42 3035

 Reversed flow on 37 faces (1.3% area) of pressure-outlet 21.
  1966  3.4835e-06  1.2607e-08  1.5182e-08  2.9831e-08  1:05:39 3034

 Reversed flow on 37 faces (1.3% area) of pressure-outlet 21.
  1967  3.4338e-06  1.2603e-08  1.4544e-08  3.0235e-08  1:05:38 3033

 Reversed flow on 37 faces (1.3% area) of pressure-outlet 21.
  1968  3.2978e-06  1.2415e-08  1.3997e-08  3.0656e-08  1:05:34 3032

 Reversed flow on 37 faces (1.3% area) of pressure-outlet 21.
  1969  3.1163e-06  1.2058e-08  1.3861e-08  3.0590e-08  1:05:32 3031

 Reversed flow on 37 faces (1.3% area) of pressure-outlet 21.

  iter  continuity  x-velocity  y-velocity  z-velocity     time/iter
  1970  2.9630e-06  1.1667e-08  1.3795e-08  3.0265e-08  1:05:32 3030

 Reversed flow on 37 faces (1.3% area) of pressure-outlet 21.
  1971  2.9257e-06  1.1449e-08  1.3869e-08  2.9949e-08  1:05:32 3029

 Reversed flow on 37 faces (1.3% area) of pressure-outlet 21.
  1972  2.8933e-06  1.1362e-08  1.4150e-08  2.8979e-08  1:05:30 3028

 Reversed flow on 37 faces (1.3% area) of pressure-outlet 21.
  1973  2.8843e-06  1.1481e-08  1.4353e-08  2.8090e-08  1:05:31 3027

 Reversed flow on 37 faces (1.3% area) of pressure-outlet 21.
  1974  2.9043e-06  1.1697e-08  1.4255e-08  2.7805e-08  1:05:30 3026

 Reversed flow on 37 faces (1.3% area) of pressure-outlet 21.
  1975  2.9781e-06  1.1854e-08  1.4111e-08  2.8164e-08  1:05:27 3025

 Reversed flow on 37 faces (1.3% area) of pressure-outlet 21.
  1976  3.0611e-06  1.1789e-08  1.3887e-08  2.8831e-08  1:05:27 3024

 Reversed flow on 37 faces (1.3% area) of pressure-outlet 21.
  1977  3.1593e-06  1.1697e-08  1.3564e-08  2.9556e-08  1:05:27 3023

 Reversed flow on 37 faces (1.3% area) of pressure-outlet 21.
  1978  3.2595e-06  1.1606e-08  1.3236e-08  3.0218e-08  1:05:25 3022

 Reversed flow on 37 faces (1.3% area) of pressure-outlet 21.
  1979  3.3404e-06  1.1492e-08  1.3518e-08  2.9834e-08  1:05:24 3021

 Reversed flow on 37 faces (1.3% area) of pressure-outlet 21.
  1980  3.3627e-06  1.1264e-08  1.4164e-08  2.9645e-08  1:05:24 3020

 Reversed flow on 37 faces (1.3% area) of pressure-outlet 21.

  iter  continuity  x-velocity  y-velocity  z-velocity     time/iter
  1981  3.3454e-06  1.1117e-08  1.4737e-08  2.9272e-08  1:05:21 3019

 Reversed flow on 37 faces (1.3% area) of pressure-outlet 21.
  1982  3.2939e-06  1.1051e-08  1.5187e-08  2.8218e-08  1:05:20 3018

 Reversed flow on 37 faces (1.3% area) of pressure-outlet 21.
  1983  3.2194e-06  1.1004e-08  1.5441e-08  2.7797e-08  1:05:18 3017

 Reversed flow on 37 faces (1.3% area) of pressure-outlet 21.
  1984  3.1055e-06  1.1203e-08  1.5425e-08  2.8301e-08  1:05:16 3016

 Reversed flow on 37 faces (1.3% area) of pressure-outlet 21.
  1985  3.0341e-06  1.1538e-08  1.5175e-08  2.9053e-08  1:05:14 3015

 Reversed flow on 37 faces (1.3% area) of pressure-outlet 21.
  1986  2.9829e-06  1.1743e-08  1.4660e-08  2.9770e-08  1:08:41 3014

 Reversed flow on 37 faces (1.3% area) of pressure-outlet 21.
  1987  3.0000e-06  1.1838e-08  1.4025e-08  3.0266e-08  1:07:58 3013

 Reversed flow on 37 faces (1.3% area) of pressure-outlet 21.
  1988  3.0515e-06  1.1807e-08  1.3503e-08  3.0514e-08  1:07:24 3012

 Reversed flow on 37 faces (1.3% area) of pressure-outlet 21.
  1989  3.1346e-06  1.1771e-08  1.3182e-08  3.0281e-08  1:06:57 3011

 Reversed flow on 37 faces (1.3% area) of pressure-outlet 21.
  1990  3.1555e-06  1.1848e-08  1.3573e-08  2.8894e-08  1:06:34 3010

 Reversed flow on 37 faces (1.3% area) of pressure-outlet 21.
  1991  3.1852e-06  1.1853e-08  1.4135e-08  2.7741e-08  1:06:14 3009

 Reversed flow on 37 faces (1.3% area) of pressure-outlet 21.

  iter  continuity  x-velocity  y-velocity  z-velocity     time/iter
  1992  3.2258e-06  1.1835e-08  1.4665e-08  2.7494e-08  1:06:00 3008

 Reversed flow on 37 faces (1.3% area) of pressure-outlet 21.
  1993  3.2361e-06  1.1808e-08  1.5170e-08  2.6947e-08  1:05:49 3007

 Reversed flow on 37 faces (1.3% area) of pressure-outlet 21.
  1994  3.2531e-06  1.2021e-08  1.5555e-08  2.6555e-08  1:05:40 3006

 Reversed flow on 37 faces (1.3% area) of pressure-outlet 21.
  1995  3.2627e-06  1.2109e-08  1.5519e-08  2.7330e-08  1:05:34 3005

 Reversed flow on 37 faces (1.3% area) of pressure-outlet 21.
  1996  3.2400e-06  1.2137e-08  1.5267e-08  2.8088e-08  1:05:25 3004

 Reversed flow on 37 faces (1.3% area) of pressure-outlet 21.
  1997  3.1784e-06  1.2029e-08  1.4703e-08  2.8366e-08  1:05:17 3003

 Reversed flow on 37 faces (1.3% area) of pressure-outlet 21.
  1998  3.0529e-06  1.1770e-08  1.3929e-08  2.8799e-08  1:05:12 3002

 Reversed flow on 37 faces (1.3% area) of pressure-outlet 21.
  1999  2.8949e-06  1.1351e-08  1.2987e-08  2.8882e-08  1:05:08 3001

 Reversed flow on 37 faces (1.3% area) of pressure-outlet 21.
  2000  2.7544e-06  1.0892e-08  1.2537e-08  2.8494e-08  1:05:05 3000

 Reversed flow on 37 faces (1.3% area) of pressure-outlet 21.
  2001  2.6911e-06  1.0498e-08  1.2603e-08  2.7649e-08  1:05:18 2999

 Reversed flow on 37 faces (1.3% area) of pressure-outlet 21.
  2002  2.6205e-06  1.0285e-08  1.2946e-08  2.6246e-08  1:05:12 2998

 Reversed flow on 37 faces (1.3% area) of pressure-outlet 21.

  iter  continuity  x-velocity  y-velocity  z-velocity     time/iter
  2003  2.5795e-06  1.0078e-08  1.3201e-08  2.4484e-08  1:05:05 2997

 Reversed flow on 37 faces (1.3% area) of pressure-outlet 21.
  2004  2.5823e-06  9.9851e-09  1.3170e-08  2.3874e-08  1:05:01 2996

 Reversed flow on 37 faces (1.3% area) of pressure-outlet 21.
  2005  2.6192e-06  1.0239e-08  1.3180e-08  2.3766e-08  1:04:58 2995

 Reversed flow on 37 faces (1.3% area) of pressure-outlet 21.
  2006  2.6758e-06  1.0404e-08  1.3181e-08  2.4637e-08  1:04:58 2994

 Reversed flow on 37 faces (1.3% area) of pressure-outlet 21.
  2007  2.7588e-06  1.0470e-08  1.3074e-08  2.5681e-08  1:04:57 2993

 Reversed flow on 37 faces (1.3% area) of pressure-outlet 21.
  2008  2.8891e-06  1.0455e-08  1.2814e-08  2.6734e-08  1:04:52 2992

 Reversed flow on 37 faces (1.3% area) of pressure-outlet 21.
  2009  2.9898e-06  1.0463e-08  1.2565e-08  2.6758e-08  1:04:49 2991

 Reversed flow on 37 faces (1.3% area) of pressure-outlet 21.
  2010  3.0512e-06  1.0376e-08  1.2568e-08  2.7204e-08  1:04:47 2990

 Reversed flow on 37 faces (1.3% area) of pressure-outlet 21.
  2011  3.0761e-06  1.0269e-08  1.3035e-08  2.7155e-08  1:04:45 2989

 Reversed flow on 37 faces (1.3% area) of pressure-outlet 21.
  2012  3.0811e-06  1.0230e-08  1.3523e-08  2.6747e-08  1:04:44 2988

 Reversed flow on 37 faces (1.3% area) of pressure-outlet 21.
  2013  3.0579e-06  1.0272e-08  1.4056e-08  2.6407e-08  1:04:42 2987

 Reversed flow on 37 faces (1.3% area) of pressure-outlet 21.

  iter  continuity  x-velocity  y-velocity  z-velocity     time/iter
  2014  2.9928e-06  1.0454e-08  1.4492e-08  2.6674e-08  1:04:40 2986

 Reversed flow on 37 faces (1.3% area) of pressure-outlet 21.
  2015  2.9372e-06  1.0919e-08  1.4793e-08  2.7157e-08  1:04:38 2985

 Reversed flow on 37 faces (1.3% area) of pressure-outlet 21.
  2016  2.9138e-06  1.1465e-08  1.4807e-08  2.7883e-08  1:04:37 2984

 Reversed flow on 37 faces (1.3% area) of pressure-outlet 21.
  2017  2.9305e-06  1.1868e-08  1.4615e-08  2.8605e-08  1:04:34 2983

 Reversed flow on 37 faces (1.3% area) of pressure-outlet 21.
  2018  3.0168e-06  1.2044e-08  1.4271e-08  2.9125e-08  1:04:33 2982

 Reversed flow on 37 faces (1.3% area) of pressure-outlet 21.
  2019  3.1114e-06  1.2067e-08  1.3683e-08  2.9458e-08  1:04:33 2981

 Reversed flow on 37 faces (1.3% area) of pressure-outlet 21.
  2020  3.1931e-06  1.2047e-08  1.3166e-08  2.9556e-08  1:04:33 2980

 Reversed flow on 37 faces (1.3% area) of pressure-outlet 21.
  2021  3.2406e-06  1.1934e-08  1.3385e-08  2.9447e-08  1:04:29 2979

 Reversed flow on 37 faces (1.3% area) of pressure-outlet 21.
  2022  3.2650e-06  1.1816e-08  1.3929e-08  2.9299e-08  1:04:28 2978

 Reversed flow on 37 faces (1.3% area) of pressure-outlet 21.
  2023  3.2734e-06  1.1762e-08  1.4542e-08  2.8824e-08  1:04:25 2977

 Reversed flow on 37 faces (1.3% area) of pressure-outlet 21.
  2024  3.2952e-06  1.1754e-08  1.5023e-08  2.7888e-08  1:04:27 2976

 Reversed flow on 37 faces (1.3% area) of pressure-outlet 21.

  iter  continuity  x-velocity  y-velocity  z-velocity     time/iter
  2025  3.3044e-06  1.1605e-08  1.5154e-08  2.8550e-08  1:04:27 2975

 Reversed flow on 37 faces (1.3% area) of pressure-outlet 21.
  2026  3.2753e-06  1.1817e-08  1.5163e-08  2.8849e-08  1:04:26 2974

 Reversed flow on 37 faces (1.3% area) of pressure-outlet 21.
  2027  3.2201e-06  1.1950e-08  1.4969e-08  2.9458e-08  1:04:24 2973

 Reversed flow on 37 faces (1.3% area) of pressure-outlet 21.
  2028  3.1275e-06  1.1869e-08  1.4568e-08  3.0274e-08  1:04:22 2972

 Reversed flow on 37 faces (1.3% area) of pressure-outlet 21.
  2029  3.0329e-06  1.1564e-08  1.3791e-08  3.0663e-08  1:04:19 2971

 Reversed flow on 37 faces (1.3% area) of pressure-outlet 21.
  2030  2.9520e-06  1.1276e-08  1.2905e-08  3.0720e-08  1:04:21 2970

 Reversed flow on 37 faces (1.3% area) of pressure-outlet 21.
  2031  2.9417e-06  1.1013e-08  1.2549e-08  3.0356e-08  1:04:21 2969

 Reversed flow on 37 faces (1.3% area) of pressure-outlet 21.
  2032  2.9097e-06  1.0744e-08  1.2893e-08  2.9316e-08  1:04:19 2968

 Reversed flow on 37 faces (1.3% area) of pressure-outlet 21.
  2033  2.8991e-06  1.0498e-08  1.3220e-08  2.8107e-08  1:04:18 2967

 Reversed flow on 37 faces (1.3% area) of pressure-outlet 21.
  2034  2.9236e-06  1.0422e-08  1.3474e-08  2.7238e-08  1:04:15 2966

 Reversed flow on 37 faces (1.3% area) of pressure-outlet 21.
  2035  2.9760e-06  1.0529e-08  1.3872e-08  2.6501e-08  1:04:14 2965

 Reversed flow on 37 faces (1.3% area) of pressure-outlet 21.

  iter  continuity  x-velocity  y-velocity  z-velocity     time/iter
  2036  3.0178e-06  1.0792e-08  1.4316e-08  2.6983e-08  1:04:14 2964

 Reversed flow on 37 faces (1.3% area) of pressure-outlet 21.
  2037  3.1046e-06  1.1135e-08  1.4626e-08  2.8169e-08  1:04:12 2963

 Reversed flow on 37 faces (1.3% area) of pressure-outlet 21.
  2038  3.2170e-06  1.1363e-08  1.4710e-08  2.9560e-08  1:04:11 2962

 Reversed flow on 37 faces (1.3% area) of pressure-outlet 21.
  2039  3.3474e-06  1.1573e-08  1.4592e-08  2.9845e-08  1:04:07 2961

 Reversed flow on 37 faces (1.3% area) of pressure-outlet 21.
  2040  3.4260e-06  1.1682e-08  1.4272e-08  3.0763e-08  1:04:07 2960

 Reversed flow on 37 faces (1.3% area) of pressure-outlet 21.
  2041  3.4617e-06  1.1804e-08  1.3934e-08  3.1081e-08  1:04:06 2959

 Reversed flow on 37 faces (1.3% area) of pressure-outlet 21.
  2042  3.3748e-06  1.1934e-08  1.4241e-08  3.0010e-08  1:04:07 2958

 Reversed flow on 37 faces (1.3% area) of pressure-outlet 21.
  2043  3.2558e-06  1.1907e-08  1.4694e-08  2.8751e-08  1:04:04 2957

 Reversed flow on 37 faces (1.3% area) of pressure-outlet 21.
  2044  3.1006e-06  1.1865e-08  1.5016e-08  2.8351e-08  1:04:00 2956

 Reversed flow on 37 faces (1.3% area) of pressure-outlet 21.
  2045  2.9685e-06  1.1789e-08  1.5139e-08  2.7537e-08  1:03:59 2955

 Reversed flow on 37 faces (1.3% area) of pressure-outlet 21.
  2046  2.8658e-06  1.1744e-08  1.5036e-08  2.7554e-08  1:04:00 2954

 Reversed flow on 37 faces (1.3% area) of pressure-outlet 21.

  iter  continuity  x-velocity  y-velocity  z-velocity     time/iter
  2047  2.8192e-06  1.1978e-08  1.4861e-08  2.7470e-08  1:03:58 2953

 Reversed flow on 37 faces (1.3% area) of pressure-outlet 21.
  2048  2.8485e-06  1.2100e-08  1.4662e-08  2.7837e-08  1:03:59 2952

 Reversed flow on 37 faces (1.3% area) of pressure-outlet 21.
  2049  2.9174e-06  1.2039e-08  1.4221e-08  2.7931e-08  1:03:56 2951

 Reversed flow on 37 faces (1.3% area) of pressure-outlet 21.
  2050  3.0055e-06  1.1913e-08  1.3651e-08  2.7828e-08  1:03:53 2950

 Reversed flow on 37 faces (1.3% area) of pressure-outlet 21.
  2051  3.0688e-06  1.1729e-08  1.3186e-08  2.7751e-08  1:03:51 2949

 Reversed flow on 37 faces (1.3% area) of pressure-outlet 21.
  2052  3.1051e-06  1.1494e-08  1.3209e-08  2.7564e-08  1:03:50 2948

 Reversed flow on 37 faces (1.3% area) of pressure-outlet 21.
  2053  3.1082e-06  1.1189e-08  1.3660e-08  2.6978e-08  1:03:50 2947

 Reversed flow on 37 faces (1.3% area) of pressure-outlet 21.
  2054  3.1188e-06  1.0969e-08  1.4108e-08  2.6217e-08  1:03:48 2946

 Reversed flow on 37 faces (1.3% area) of pressure-outlet 21.
  2055  3.1182e-06  1.0689e-08  1.4443e-08  2.6385e-08  1:03:49 2945

 Reversed flow on 37 faces (1.3% area) of pressure-outlet 21.
  2056  3.0782e-06  1.0679e-08  1.4795e-08  2.6245e-08  1:03:49 2944

 Reversed flow on 37 faces (1.3% area) of pressure-outlet 21.
  2057  2.9960e-06  1.0876e-08  1.5012e-08  2.6557e-08  1:03:45 2943

 Reversed flow on 37 faces (1.3% area) of pressure-outlet 21.

  iter  continuity  x-velocity  y-velocity  z-velocity     time/iter
  2058  2.9068e-06  1.0973e-08  1.4963e-08  2.7655e-08  1:03:43 2942

 Reversed flow on 37 faces (1.3% area) of pressure-outlet 21.
  2059  2.8051e-06  1.0866e-08  1.4489e-08  2.8492e-08  1:03:41 2941

 Reversed flow on 37 faces (1.3% area) of pressure-outlet 21.
  2060  2.7819e-06  1.0765e-08  1.3699e-08  2.9064e-08  1:03:41 2940

 Reversed flow on 37 faces (1.3% area) of pressure-outlet 21.
  2061  2.8091e-06  1.0718e-08  1.2958e-08  2.9257e-08  1:03:38 2939

 Reversed flow on 37 faces (1.3% area) of pressure-outlet 21.
  2062  2.8204e-06  1.0664e-08  1.2542e-08  2.8776e-08  1:03:37 2938

 Reversed flow on 37 faces (1.3% area) of pressure-outlet 21.
  2063  2.8393e-06  1.0547e-08  1.2721e-08  2.7822e-08  1:03:35 2937

 Reversed flow on 37 faces (1.3% area) of pressure-outlet 21.
  2064  2.8868e-06  1.0539e-08  1.2994e-08  2.6854e-08  1:03:33 2936

 Reversed flow on 37 faces (1.3% area) of pressure-outlet 21.
  2065  2.9414e-06  1.0709e-08  1.3511e-08  2.5933e-08  1:03:34 2935

 Reversed flow on 37 faces (1.3% area) of pressure-outlet 21.
  2066  2.9909e-06  1.0809e-08  1.4066e-08  2.5564e-08  1:03:36 2934

 Reversed flow on 37 faces (1.3% area) of pressure-outlet 21.
  2067  3.0651e-06  1.1047e-08  1.4557e-08  2.6339e-08  1:03:32 2933

 Reversed flow on 37 faces (1.3% area) of pressure-outlet 21.
  2068  3.1770e-06  1.1607e-08  1.4916e-08  2.7169e-08  1:03:29 2932

 Reversed flow on 37 faces (1.3% area) of pressure-outlet 21.

  iter  continuity  x-velocity  y-velocity  z-velocity     time/iter
  2069  3.2761e-06  1.2123e-08  1.5092e-08  2.7308e-08  1:03:29 2931

 Reversed flow on 37 faces (1.3% area) of pressure-outlet 21.
  2070  3.3457e-06  1.2342e-08  1.4892e-08  2.8281e-08  1:03:28 2930

 Reversed flow on 37 faces (1.3% area) of pressure-outlet 21.
  2071  3.3657e-06  1.2340e-08  1.4347e-08  2.8950e-08  1:03:24 2929

 Reversed flow on 37 faces (1.3% area) of pressure-outlet 21.
  2072  3.3247e-06  1.2219e-08  1.3707e-08  2.9195e-08  1:03:24 2928

 Reversed flow on 37 faces (1.3% area) of pressure-outlet 21.
  2073  3.2204e-06  1.1929e-08  1.3555e-08  2.9063e-08  1:03:22 2927

 Reversed flow on 37 faces (1.3% area) of pressure-outlet 21.
  2074  3.0687e-06  1.1558e-08  1.3632e-08  2.9274e-08  1:03:25 2926

 Reversed flow on 37 faces (1.3% area) of pressure-outlet 21.
  2075  2.9479e-06  1.1251e-08  1.3678e-08  2.9175e-08  1:03:23 2925

 Reversed flow on 37 faces (1.3% area) of pressure-outlet 21.
  2076  2.8549e-06  1.1046e-08  1.3710e-08  2.8938e-08  1:03:22 2924

 Reversed flow on 37 faces (1.3% area) of pressure-outlet 21.
  2077  2.8094e-06  1.1037e-08  1.3847e-08  2.8447e-08  1:03:19 2923

 Reversed flow on 37 faces (1.3% area) of pressure-outlet 21.
  2078  2.8233e-06  1.1168e-08  1.4016e-08  2.8550e-08  1:03:20 2922

 Reversed flow on 37 faces (1.3% area) of pressure-outlet 21.
  2079  2.9112e-06  1.1257e-08  1.3986e-08  2.8929e-08  1:03:16 2921

 Reversed flow on 37 faces (1.3% area) of pressure-outlet 21.

  iter  continuity  x-velocity  y-velocity  z-velocity     time/iter
  2080  3.0258e-06  1.1326e-08  1.3830e-08  2.9141e-08  1:03:13 2920

 Reversed flow on 37 faces (1.3% area) of pressure-outlet 21.
  2081  3.1629e-06  1.1354e-08  1.3592e-08  2.9338e-08  1:03:13 2919

 Reversed flow on 37 faces (1.3% area) of pressure-outlet 21.
  2082  3.2535e-06  1.1396e-08  1.3295e-08  2.9507e-08  1:03:09 2918

 Reversed flow on 37 faces (1.3% area) of pressure-outlet 21.
  2083  3.3086e-06  1.1359e-08  1.3227e-08  2.9290e-08  1:03:07 2917

 Reversed flow on 37 faces (1.3% area) of pressure-outlet 21.
  2084  3.3412e-06  1.1246e-08  1.3750e-08  2.8715e-08  1:03:05 2916

 Reversed flow on 37 faces (1.3% area) of pressure-outlet 21.
  2085  3.3452e-06  1.1025e-08  1.4229e-08  2.8773e-08  1:03:04 2915

 Reversed flow on 37 faces (1.3% area) of pressure-outlet 21.
  2086  3.2895e-06  1.0998e-08  1.4769e-08  2.8177e-08  1:03:02 2914

 Reversed flow on 37 faces (1.3% area) of pressure-outlet 21.
  2087  3.2047e-06  1.0935e-08  1.5109e-08  2.7544e-08  1:03:02 2913

 Reversed flow on 37 faces (1.3% area) of pressure-outlet 21.
  2088  3.0788e-06  1.0952e-08  1.5230e-08  2.8243e-08  1:03:02 2912

 Reversed flow on 37 faces (1.3% area) of pressure-outlet 21.
  2089  2.9693e-06  1.1128e-08  1.4989e-08  2.8843e-08  1:03:00 2911

 Reversed flow on 37 faces (1.3% area) of pressure-outlet 21.
  2090  2.9166e-06  1.1286e-08  1.4467e-08  2.9679e-08  1:02:58 2910

 Reversed flow on 37 faces (1.3% area) of pressure-outlet 21.

  iter  continuity  x-velocity  y-velocity  z-velocity     time/iter
  2091  2.9563e-06  1.1361e-08  1.3899e-08  3.0117e-08  1:02:59 2909

 Reversed flow on 37 faces (1.3% area) of pressure-outlet 21.
  2092  2.9840e-06  1.1357e-08  1.3383e-08  2.9937e-08  1:02:59 2908

 Reversed flow on 37 faces (1.3% area) of pressure-outlet 21.
  2093  3.0195e-06  1.1385e-08  1.2810e-08  2.9435e-08  1:04:22 2907

 Reversed flow on 37 faces (1.3% area) of pressure-outlet 21.
  2094  2.9961e-06  1.1480e-08  1.2762e-08  2.7991e-08  1:04:06 2906

 Reversed flow on 37 faces (1.3% area) of pressure-outlet 21.
  2095  3.0005e-06  1.1409e-08  1.3137e-08  2.6838e-08  1:03:51 2905

 Reversed flow on 37 faces (1.3% area) of pressure-outlet 21.
  2096  3.0005e-06  1.1230e-08  1.3587e-08  2.6661e-08  1:03:40 2904

 Reversed flow on 37 faces (1.3% area) of pressure-outlet 21.
  2097  3.0224e-06  1.1094e-08  1.4083e-08  2.6628e-08  1:03:28 2903

 Reversed flow on 37 faces (1.3% area) of pressure-outlet 21.
  2098  3.0726e-06  1.1128e-08  1.4551e-08  2.6643e-08  1:03:18 2902

 Reversed flow on 37 faces (1.3% area) of pressure-outlet 21.
  2099  3.1023e-06  1.1418e-08  1.4923e-08  2.6244e-08  1:03:12 2901

 Reversed flow on 37 faces (1.3% area) of pressure-outlet 21.
  2100  3.1318e-06  1.1558e-08  1.4954e-08  2.7186e-08  1:03:04 2900

 Reversed flow on 37 faces (1.3% area) of pressure-outlet 21.
  2101  3.1221e-06  1.1540e-08  1.4593e-08  2.7602e-08  1:03:02 2899

 Reversed flow on 37 faces (1.3% area) of pressure-outlet 21.

  iter  continuity  x-velocity  y-velocity  z-velocity     time/iter
  2102  3.0982e-06  1.1458e-08  1.3942e-08  2.7639e-08  1:03:00 2898

 Reversed flow on 37 faces (1.3% area) of pressure-outlet 21.
  2103  3.0101e-06  1.1239e-08  1.3223e-08  2.7475e-08  1:02:57 2897

 Reversed flow on 37 faces (1.3% area) of pressure-outlet 21.
  2104  2.8749e-06  1.0960e-08  1.2718e-08  2.7560e-08  1:02:53 2896

 Reversed flow on 37 faces (1.3% area) of pressure-outlet 21.
  2105  2.7411e-06  1.0673e-08  1.2779e-08  2.7126e-08  1:02:48 2895

 Reversed flow on 37 faces (1.3% area) of pressure-outlet 21.
  2106  2.6383e-06  1.0467e-08  1.2925e-08  2.6583e-08  1:02:45 2894

 Reversed flow on 37 faces (1.3% area) of pressure-outlet 21.
  2107  2.5760e-06  1.0393e-08  1.3306e-08  2.5606e-08  1:02:43 2893

 Reversed flow on 37 faces (1.3% area) of pressure-outlet 21.
  2108  2.6048e-06  1.0300e-08  1.3638e-08  2.5241e-08  1:02:42 2892

 Reversed flow on 37 faces (1.3% area) of pressure-outlet 21.
  2109  2.6667e-06  1.0366e-08  1.3846e-08  2.5482e-08  1:02:41 2891

 Reversed flow on 37 faces (1.3% area) of pressure-outlet 21.
  2110  2.7952e-06  1.0681e-08  1.3971e-08  2.5873e-08  1:02:38 2890

 Reversed flow on 37 faces (1.3% area) of pressure-outlet 21.
  2111  2.9240e-06  1.0908e-08  1.4035e-08  2.6755e-08  1:02:35 2889

 Reversed flow on 37 faces (1.3% area) of pressure-outlet 21.
  2112  3.0581e-06  1.1027e-08  1.3915e-08  2.7626e-08  1:02:34 2888

 Reversed flow on 37 faces (1.3% area) of pressure-outlet 21.

  iter  continuity  x-velocity  y-velocity  z-velocity     time/iter
  2113  3.1543e-06  1.1058e-08  1.3689e-08  2.8150e-08  1:02:32 2887

 Reversed flow on 37 faces (1.3% area) of pressure-outlet 21.
  2114  3.2428e-06  1.1066e-08  1.3460e-08  2.8375e-08  1:02:31 2886

 Reversed flow on 37 faces (1.3% area) of pressure-outlet 21.
  2115  3.2956e-06  1.0960e-08  1.3700e-08  2.8927e-08  1:02:27 2885

 Reversed flow on 37 faces (1.3% area) of pressure-outlet 21.
  2116  3.3002e-06  1.0924e-08  1.4224e-08  2.8893e-08  1:02:25 2884

 Reversed flow on 37 faces (1.3% area) of pressure-outlet 21.
  2117  3.2574e-06  1.0990e-08  1.4727e-08  2.8667e-08  1:02:24 2883

 Reversed flow on 37 faces (1.3% area) of pressure-outlet 21.
  2118  3.1624e-06  1.1089e-08  1.5189e-08  2.8840e-08  1:02:26 2882

 Reversed flow on 37 faces (1.3% area) of pressure-outlet 21.
  2119  3.0609e-06  1.1321e-08  1.5418e-08  2.8807e-08  1:02:23 2881

 Reversed flow on 37 faces (1.3% area) of pressure-outlet 21.
  2120  3.0080e-06  1.1829e-08  1.5394e-08  2.9102e-08  1:02:20 2880

 Reversed flow on 37 faces (1.3% area) of pressure-outlet 21.
  2121  3.0396e-06  1.2244e-08  1.5253e-08  2.9420e-08  1:02:19 2879

 Reversed flow on 37 faces (1.3% area) of pressure-outlet 21.
  2122  3.0562e-06  1.2482e-08  1.4950e-08  2.9186e-08  1:02:19 2878

 Reversed flow on 37 faces (1.3% area) of pressure-outlet 21.
  2123  3.0887e-06  1.2534e-08  1.4214e-08  2.8982e-08  1:02:20 2877

 Reversed flow on 37 faces (1.3% area) of pressure-outlet 21.

  iter  continuity  x-velocity  y-velocity  z-velocity     time/iter
  2124  3.1147e-06  1.2521e-08  1.3347e-08  2.8793e-08  1:02:19 2876

 Reversed flow on 37 faces (1.3% area) of pressure-outlet 21.
  2125  3.1318e-06  1.2374e-08  1.3048e-08  2.8623e-08  1:02:20 2875

 Reversed flow on 37 faces (1.3% area) of pressure-outlet 21.
  2126  3.1163e-06  1.2047e-08  1.3391e-08  2.8659e-08  1:02:20 2874

 Reversed flow on 37 faces (1.3% area) of pressure-outlet 21.
  2127  3.1395e-06  1.1813e-08  1.3873e-08  2.8823e-08  1:02:16 2873

 Reversed flow on 37 faces (1.3% area) of pressure-outlet 21.
  2128  3.1770e-06  1.1686e-08  1.4428e-08  2.8465e-08  1:02:14 2872

 Reversed flow on 37 faces (1.3% area) of pressure-outlet 21.
  2129  3.2132e-06  1.1630e-08  1.4847e-08  2.7714e-08  1:02:12 2871

 Reversed flow on 37 faces (1.3% area) of pressure-outlet 21.
  2130  3.2155e-06  1.1664e-08  1.5071e-08  2.8295e-08  1:02:10 2870

 Reversed flow on 37 faces (1.3% area) of pressure-outlet 21.
  2131  3.2293e-06  1.1800e-08  1.5032e-08  2.8904e-08  1:02:06 2869

 Reversed flow on 37 faces (1.3% area) of pressure-outlet 21.
  2132  3.2199e-06  1.1845e-08  1.4778e-08  2.9342e-08  1:02:05 2868

 Reversed flow on 37 faces (1.3% area) of pressure-outlet 21.
  2133  3.1989e-06  1.1710e-08  1.4304e-08  2.9535e-08  1:02:08 2867

 Reversed flow on 37 faces (1.3% area) of pressure-outlet 21.
  2134  3.1119e-06  1.1490e-08  1.3605e-08  2.9950e-08  1:02:10 2866

 Reversed flow on 37 faces (1.3% area) of pressure-outlet 21.

  iter  continuity  x-velocity  y-velocity  z-velocity     time/iter
  2135  3.0202e-06  1.1246e-08  1.2975e-08  2.9941e-08  1:02:08 2865

 Reversed flow on 37 faces (1.3% area) of pressure-outlet 21.
  2136  2.9308e-06  1.0979e-08  1.2947e-08  2.9542e-08  1:02:08 2864

 Reversed flow on 37 faces (1.3% area) of pressure-outlet 21.
  2137  2.8842e-06  1.0704e-08  1.3207e-08  2.8863e-08  1:02:04 2863

 Reversed flow on 37 faces (1.3% area) of pressure-outlet 21.
  2138  2.9025e-06  1.0494e-08  1.3588e-08  2.8290e-08  1:02:01 2862

 Reversed flow on 37 faces (1.3% area) of pressure-outlet 21.
  2139  2.9525e-06  1.0392e-08  1.3956e-08  2.7596e-08  1:01:59 2861

 Reversed flow on 37 faces (1.3% area) of pressure-outlet 21.
  2140  3.0334e-06  1.0638e-08  1.4351e-08  2.7189e-08  1:01:56 2860

 Reversed flow on 37 faces (1.3% area) of pressure-outlet 21.
  2141  3.1318e-06  1.1070e-08  1.4724e-08  2.7695e-08  1:01:54 2859

 Reversed flow on 37 faces (1.3% area) of pressure-outlet 21.
  2142  3.2307e-06  1.1423e-08  1.4888e-08  2.8610e-08  1:01:53 2858

 Reversed flow on 37 faces (1.3% area) of pressure-outlet 21.
  2143  3.3276e-06  1.1672e-08  1.4814e-08  2.9199e-08  1:05:14 2857

 Reversed flow on 37 faces (1.3% area) of pressure-outlet 21.
  2144  3.4316e-06  1.1878e-08  1.4447e-08  2.9574e-08  1:04:33 2856

 Reversed flow on 37 faces (1.3% area) of pressure-outlet 21.
  2145  3.4840e-06  1.2008e-08  1.3971e-08  3.0326e-08  1:04:01 2855

 Reversed flow on 37 faces (1.3% area) of pressure-outlet 21.

  iter  continuity  x-velocity  y-velocity  z-velocity     time/iter
  2146  3.4057e-06  1.2173e-08  1.4088e-08  2.9731e-08  1:03:32 2854

 Reversed flow on 37 faces (1.3% area) of pressure-outlet 21.
  2147  3.2864e-06  1.2092e-08  1.4506e-08  2.8894e-08  1:03:10 2853

 Reversed flow on 37 faces (1.3% area) of pressure-outlet 21.
  2148  3.1250e-06  1.1900e-08  1.4817e-08  2.8810e-08  1:02:52 2852

 Reversed flow on 37 faces (1.3% area) of pressure-outlet 21.
  2149  2.9470e-06  1.1582e-08  1.4889e-08  2.7935e-08  1:02:40 2851

 Reversed flow on 37 faces (1.3% area) of pressure-outlet 21.
  2150  2.8342e-06  1.1331e-08  1.4674e-08  2.7676e-08  1:02:27 2850

 Reversed flow on 37 faces (1.3% area) of pressure-outlet 21.
  2151  2.7835e-06  1.1368e-08  1.4473e-08  2.7307e-08  1:02:19 2849

 Reversed flow on 37 faces (1.3% area) of pressure-outlet 21.
  2152  2.7564e-06  1.1481e-08  1.4244e-08  2.6957e-08  1:02:09 2848

 Reversed flow on 37 faces (1.3% area) of pressure-outlet 21.
  2153  2.7421e-06  1.1431e-08  1.3656e-08  2.6564e-08  1:02:02 2847

 Reversed flow on 37 faces (1.3% area) of pressure-outlet 21.
  2154  2.7777e-06  1.1311e-08  1.2818e-08  2.6205e-08  1:01:55 2846

 Reversed flow on 37 faces (1.3% area) of pressure-outlet 21.
  2155  2.8041e-06  1.1091e-08  1.2089e-08  2.5888e-08  1:01:51 2845

 Reversed flow on 37 faces (1.3% area) of pressure-outlet 21.
  2156  2.7992e-06  1.0740e-08  1.1732e-08  2.5807e-08  1:02:03 2844

 Reversed flow on 37 faces (1.3% area) of pressure-outlet 21.

  iter  continuity  x-velocity  y-velocity  z-velocity     time/iter
  2157  2.8076e-06  1.0422e-08  1.2082e-08  2.5610e-08  1:01:55 2843

 Reversed flow on 37 faces (1.3% area) of pressure-outlet 21.
  2158  2.8473e-06  1.0136e-08  1.2607e-08  2.5356e-08  1:01:49 2842

 Reversed flow on 37 faces (1.3% area) of pressure-outlet 21.
  2159  2.8772e-06  1.0030e-08  1.3234e-08  2.4412e-08  1:01:44 2841

 Reversed flow on 37 faces (1.3% area) of pressure-outlet 21.
  2160  2.8814e-06  9.9710e-09  1.3758e-08  2.4463e-08  1:01:39 2840

 Reversed flow on 37 faces (1.3% area) of pressure-outlet 21.
  2161  2.8699e-06  1.0144e-08  1.4107e-08  2.4708e-08  1:01:34 2839

 Reversed flow on 37 faces (1.3% area) of pressure-outlet 21.
  2162  2.8632e-06  1.0384e-08  1.4231e-08  2.5214e-08  1:01:31 2838

 Reversed flow on 37 faces (1.3% area) of pressure-outlet 21.
  2163  2.8335e-06  1.0454e-08  1.4098e-08  2.5958e-08  1:01:27 2837

 Reversed flow on 37 faces (1.3% area) of pressure-outlet 21.
  2164  2.7902e-06  1.0456e-08  1.3636e-08  2.7019e-08  1:01:25 2836

 Reversed flow on 37 faces (1.3% area) of pressure-outlet 21.
  2165  2.7553e-06  1.0459e-08  1.2920e-08  2.7713e-08  1:01:23 2835

 Reversed flow on 37 faces (1.3% area) of pressure-outlet 21.
  2166  2.7316e-06  1.0457e-08  1.2235e-08  2.8166e-08  1:01:31 2834

 Reversed flow on 37 faces (1.3% area) of pressure-outlet 21.
  2167  2.7531e-06  1.0450e-08  1.2302e-08  2.8258e-08  1:01:27 2833

 Reversed flow on 37 faces (1.3% area) of pressure-outlet 21.

  iter  continuity  x-velocity  y-velocity  z-velocity     time/iter
  2168  2.8317e-06  1.0387e-08  1.2865e-08  2.7947e-08  1:01:24 2832

 Reversed flow on 37 faces (1.3% area) of pressure-outlet 21.
  2169  2.9318e-06  1.0499e-08  1.3512e-08  2.7509e-08  1:01:20 2831

 Reversed flow on 37 faces (1.3% area) of pressure-outlet 21.
  2170  3.0497e-06  1.0735e-08  1.4218e-08  2.6727e-08  1:01:17 2830

 Reversed flow on 37 faces (1.3% area) of pressure-outlet 21.
  2171  3.1728e-06  1.1036e-08  1.4860e-08  2.7066e-08  1:01:16 2829

 Reversed flow on 37 faces (1.3% area) of pressure-outlet 21.
  2172  3.2664e-06  1.1667e-08  1.5357e-08  2.7466e-08  1:01:16 2828

 Reversed flow on 37 faces (1.3% area) of pressure-outlet 21.
  2173  3.3607e-06  1.2262e-08  1.5636e-08  2.8125e-08  1:01:16 2827

 Reversed flow on 37 faces (1.3% area) of pressure-outlet 21.
  2174  3.4442e-06  1.2621e-08  1.5496e-08  2.8681e-08  1:01:14 2826

 Reversed flow on 37 faces (1.3% area) of pressure-outlet 21.
  2175  3.4928e-06  1.2654e-08  1.4962e-08  2.9888e-08  1:01:11 2825

 Reversed flow on 37 faces (1.3% area) of pressure-outlet 21.
  2176  3.4566e-06  1.2613e-08  1.4328e-08  3.0479e-08  1:01:08 2824

 Reversed flow on 37 faces (1.3% area) of pressure-outlet 21.
  2177  3.3429e-06  1.2408e-08  1.3937e-08  3.0578e-08  1:01:05 2823

 Reversed flow on 37 faces (1.3% area) of pressure-outlet 21.
  2178  3.1771e-06  1.2043e-08  1.4021e-08  3.0752e-08  1:01:04 2822

 Reversed flow on 37 faces (1.3% area) of pressure-outlet 21.

  iter  continuity  x-velocity  y-velocity  z-velocity     time/iter
  2179  3.0158e-06  1.1619e-08  1.4021e-08  3.0432e-08  1:01:04 2821

 Reversed flow on 37 faces (1.3% area) of pressure-outlet 21.
  2180  2.9213e-06  1.1360e-08  1.3989e-08  3.0113e-08  1:01:06 2820

 Reversed flow on 37 faces (1.3% area) of pressure-outlet 21.
  2181  2.8893e-06  1.1280e-08  1.4161e-08  2.9252e-08  1:01:04 2819

 Reversed flow on 37 faces (1.3% area) of pressure-outlet 21.
  2182  2.8618e-06  1.1426e-08  1.4434e-08  2.8557e-08  1:01:03 2818

 Reversed flow on 37 faces (1.3% area) of pressure-outlet 21.
  2183  2.8857e-06  1.1594e-08  1.4387e-08  2.8383e-08  1:00:59 2817

 Reversed flow on 37 faces (1.3% area) of pressure-outlet 21.
  2184  2.9598e-06  1.1710e-08  1.4109e-08  2.8517e-08  1:00:59 2816

 Reversed flow on 37 faces (1.3% area) of pressure-outlet 21.
  2185  3.0738e-06  1.1721e-08  1.3761e-08  2.8756e-08  1:00:56 2815

 Reversed flow on 37 faces (1.3% area) of pressure-outlet 21.
  2186  3.1475e-06  1.1646e-08  1.3366e-08  2.9286e-08  1:00:54 2814

 Reversed flow on 37 faces (1.3% area) of pressure-outlet 21.
  2187  3.2250e-06  1.1513e-08  1.3103e-08  2.9867e-08  1:00:54 2813

 Reversed flow on 37 faces (1.3% area) of pressure-outlet 21.
  2188  3.3074e-06  1.1335e-08  1.3503e-08  3.0203e-08  1:00:53 2812

 Reversed flow on 37 faces (1.3% area) of pressure-outlet 21.
  2189  3.3488e-06  1.1214e-08  1.4239e-08  2.9172e-08  1:00:51 2811

 Reversed flow on 37 faces (1.3% area) of pressure-outlet 21.

  iter  continuity  x-velocity  y-velocity  z-velocity     time/iter
  2190  3.3420e-06  1.1145e-08  1.4905e-08  2.8922e-08  1:00:49 2810

 Reversed flow on 37 faces (1.3% area) of pressure-outlet 21.
  2191  3.3148e-06  1.1080e-08  1.5353e-08  2.8207e-08  1:00:50 2809

 Reversed flow on 37 faces (1.3% area) of pressure-outlet 21.
  2192  3.2746e-06  1.1095e-08  1.5585e-08  2.8257e-08  1:00:47 2808

 Reversed flow on 37 faces (1.3% area) of pressure-outlet 21.
  2193  3.2075e-06  1.1416e-08  1.5634e-08  2.8402e-08  1:00:46 2807

 Reversed flow on 37 faces (1.3% area) of pressure-outlet 21.
  2194  3.1319e-06  1.1707e-08  1.5405e-08  2.9481e-08  1:00:45 2806

 Reversed flow on 37 faces (1.3% area) of pressure-outlet 21.
  2195  3.0779e-06  1.1901e-08  1.4869e-08  3.0225e-08  1:00:44 2805

 Reversed flow on 37 faces (1.3% area) of pressure-outlet 21.
  2196  3.0596e-06  1.2005e-08  1.4137e-08  3.0648e-08  1:00:43 2804

 Reversed flow on 37 faces (1.3% area) of pressure-outlet 21.
  2197  3.0617e-06  1.2107e-08  1.3511e-08  3.0684e-08  1:00:44 2803

 Reversed flow on 37 faces (1.3% area) of pressure-outlet 21.
  2198  3.0429e-06  1.2128e-08  1.3399e-08  2.9687e-08  1:00:44 2802

 Reversed flow on 37 faces (1.3% area) of pressure-outlet 21.
  2199  3.0677e-06  1.1979e-08  1.3703e-08  2.8615e-08  1:00:39 2801

 Reversed flow on 37 faces (1.3% area) of pressure-outlet 21.
  2200  3.1171e-06  1.1810e-08  1.4074e-08  2.7769e-08  1:00:36 2800

 Reversed flow on 37 faces (1.3% area) of pressure-outlet 21.

  iter  continuity  x-velocity  y-velocity  z-velocity     time/iter
  2201  3.1622e-06  1.1687e-08  1.4558e-08  2.7345e-08  1:00:35 2799

 Reversed flow on 37 faces (1.3% area) of pressure-outlet 21.
  2202  3.1816e-06  1.1657e-08  1.5027e-08  2.6794e-08  1:00:35 2798

 Reversed flow on 37 faces (1.3% area) of pressure-outlet 21.
  2203  3.1907e-06  1.1867e-08  1.5404e-08  2.6638e-08  1:00:33 2797

 Reversed flow on 37 faces (1.3% area) of pressure-outlet 21.
  2204  3.2286e-06  1.2067e-08  1.5458e-08  2.6928e-08  1:00:32 2796

 Reversed flow on 37 faces (1.3% area) of pressure-outlet 21.
  2205  3.2301e-06  1.2028e-08  1.5139e-08  2.7874e-08  1:00:29 2795

 Reversed flow on 37 faces (1.3% area) of pressure-outlet 21.
  2206  3.2164e-06  1.1953e-08  1.4575e-08  2.8384e-08  1:00:29 2794

 Reversed flow on 37 faces (1.3% area) of pressure-outlet 21.
  2207  3.1275e-06  1.1742e-08  1.3846e-08  2.8487e-08  1:00:28 2793

 Reversed flow on 37 faces (1.3% area) of pressure-outlet 21.
  2208  2.9791e-06  1.1370e-08  1.3122e-08  2.8746e-08  1:00:27 2792

 Reversed flow on 37 faces (1.3% area) of pressure-outlet 21.
  2209  2.8085e-06  1.0869e-08  1.2897e-08  2.8400e-08  1:00:23 2791

 Reversed flow on 37 faces (1.3% area) of pressure-outlet 21.
  2210  2.6912e-06  1.0462e-08  1.2876e-08  2.7640e-08  1:00:21 2790

 Reversed flow on 37 faces (1.3% area) of pressure-outlet 21.
  2211  2.6258e-06  1.0245e-08  1.3134e-08  2.6466e-08  1:00:20 2789

 Reversed flow on 37 faces (1.3% area) of pressure-outlet 21.

  iter  continuity  x-velocity  y-velocity  z-velocity     time/iter
  2212  2.5745e-06  1.0068e-08  1.3424e-08  2.5030e-08  1:00:18 2788

 Reversed flow on 37 faces (1.3% area) of pressure-outlet 21.
  2213  2.5599e-06  9.9523e-09  1.3421e-08  2.4634e-08  1:00:17 2787

 Reversed flow on 37 faces (1.3% area) of pressure-outlet 21.
  2214  2.6086e-06  1.0197e-08  1.3258e-08  2.4386e-08  1:00:16 2786

 Reversed flow on 37 faces (1.3% area) of pressure-outlet 21.
  2215  2.6922e-06  1.0394e-08  1.3127e-08  2.4938e-08  1:00:17 2785

 Reversed flow on 37 faces (1.3% area) of pressure-outlet 21.
  2216  2.7689e-06  1.0446e-08  1.2931e-08  2.5854e-08  1:00:17 2784

 Reversed flow on 37 faces (1.3% area) of pressure-outlet 21.
  2217  2.8746e-06  1.0436e-08  1.2620e-08  2.6755e-08  1:00:14 2783

 Reversed flow on 37 faces (1.3% area) of pressure-outlet 21.
  2218  2.9950e-06  1.0428e-08  1.2354e-08  2.7577e-08  1:00:13 2782

 Reversed flow on 37 faces (1.3% area) of pressure-outlet 21.
  2219  3.0821e-06  1.0486e-08  1.2632e-08  2.7081e-08  1:00:12 2781

 Reversed flow on 37 faces (1.3% area) of pressure-outlet 21.
  2220  3.1347e-06  1.0447e-08  1.3244e-08  2.7219e-08  1:00:10 2780

 Reversed flow on 37 faces (1.3% area) of pressure-outlet 21.
  2221  3.1620e-06  1.0472e-08  1.3816e-08  2.7077e-08  1:00:10 2779

 Reversed flow on 37 faces (1.3% area) of pressure-outlet 21.
  2222  3.1637e-06  1.0583e-08  1.4386e-08  2.6915e-08  1:00:08 2778

 Reversed flow on 37 faces (1.3% area) of pressure-outlet 21.

  iter  continuity  x-velocity  y-velocity  z-velocity     time/iter
  2223  3.1206e-06  1.0821e-08  1.4910e-08  2.6652e-08  1:00:07 2777

 Reversed flow on 37 faces (1.3% area) of pressure-outlet 21.
  2224  3.0425e-06  1.1312e-08  1.5193e-08  2.7311e-08  1:00:06 2776

 Reversed flow on 37 faces (1.3% area) of pressure-outlet 21.
  2225  2.9985e-06  1.1767e-08  1.5094e-08  2.8096e-08  1:00:04 2775

 Reversed flow on 37 faces (1.3% area) of pressure-outlet 21.
  2226  2.9616e-06  1.2043e-08  1.4669e-08  2.8769e-08  1:00:06 2774

 Reversed flow on 37 faces (1.3% area) of pressure-outlet 21.
  2227  2.9924e-06  1.2158e-08  1.4088e-08  2.9490e-08  1:00:04 2773

 Reversed flow on 37 faces (1.3% area) of pressure-outlet 21.
  2228  3.0428e-06  1.2093e-08  1.3433e-08  2.9852e-08  1:00:02 2772

 Reversed flow on 37 faces (1.3% area) of pressure-outlet 21.
  2229  3.0950e-06  1.1904e-08  1.2889e-08  2.9961e-08  0:59:59 2771

 Reversed flow on 37 faces (1.3% area) of pressure-outlet 21.
  2230  3.1459e-06  1.1719e-08  1.3130e-08  2.9623e-08  0:59:57 2770

 Reversed flow on 37 faces (1.3% area) of pressure-outlet 21.
  2231  3.1989e-06  1.1554e-08  1.3651e-08  2.9300e-08  0:59:54 2769

 Reversed flow on 37 faces (1.3% area) of pressure-outlet 21.
  2232  3.2145e-06  1.1519e-08  1.4268e-08  2.8692e-08  0:59:55 2768

 Reversed flow on 37 faces (1.3% area) of pressure-outlet 21.
  2233  3.2292e-06  1.1487e-08  1.4773e-08  2.7827e-08  0:59:53 2767

 Reversed flow on 37 faces (1.3% area) of pressure-outlet 21.

  iter  continuity  x-velocity  y-velocity  z-velocity     time/iter
  2234  3.2559e-06  1.1495e-08  1.5019e-08  2.7938e-08  0:59:50 2766

 Reversed flow on 37 faces (1.3% area) of pressure-outlet 21.
  2235  3.2763e-06  1.1657e-08  1.5036e-08  2.8684e-08  0:59:50 2765

 Reversed flow on 37 faces (1.3% area) of pressure-outlet 21.
  2236  3.2760e-06  1.1822e-08  1.4899e-08  2.9478e-08  0:59:49 2764

 Reversed flow on 37 faces (1.3% area) of pressure-outlet 21.
  2237  3.2362e-06  1.1795e-08  1.4523e-08  2.9856e-08  0:59:47 2763

 Reversed flow on 37 faces (1.3% area) of pressure-outlet 21.
  2238  3.1423e-06  1.1575e-08  1.3879e-08  3.0389e-08  0:59:47 2762

 Reversed flow on 37 faces (1.3% area) of pressure-outlet 21.
  2239  3.0216e-06  1.1231e-08  1.3067e-08  3.0551e-08  0:59:46 2761

 Reversed flow on 37 faces (1.3% area) of pressure-outlet 21.
  2240  2.9424e-06  1.0918e-08  1.2727e-08  3.0308e-08  0:59:44 2760

 Reversed flow on 37 faces (1.3% area) of pressure-outlet 21.
  2241  2.9081e-06  1.0623e-08  1.2955e-08  2.9441e-08  0:59:44 2759

 Reversed flow on 37 faces (1.3% area) of pressure-outlet 21.
  2242  2.8707e-06  1.0433e-08  1.3356e-08  2.8324e-08  0:59:43 2758

 Reversed flow on 37 faces (1.3% area) of pressure-outlet 21.
  2243  2.8730e-06  1.0307e-08  1.3631e-08  2.7359e-08  0:59:43 2757

 Reversed flow on 37 faces (1.3% area) of pressure-outlet 21.
  2244  2.9205e-06  1.0455e-08  1.3871e-08  2.6575e-08  0:59:41 2756

 Reversed flow on 37 faces (1.3% area) of pressure-outlet 21.

  iter  continuity  x-velocity  y-velocity  z-velocity     time/iter
  2245  2.9844e-06  1.0825e-08  1.4176e-08  2.6912e-08  0:59:40 2755

 Reversed flow on 37 faces (1.3% area) of pressure-outlet 21.
  2246  3.0638e-06  1.1128e-08  1.4390e-08  2.8073e-08  0:59:41 2754

 Reversed flow on 37 faces (1.3% area) of pressure-outlet 21.
  2247  3.1663e-06  1.1331e-08  1.4392e-08  2.9317e-08  0:59:39 2753

 Reversed flow on 37 faces (1.3% area) of pressure-outlet 21.
  2248  3.3234e-06  1.1532e-08  1.4219e-08  3.0474e-08  0:59:38 2752

 Reversed flow on 37 faces (1.3% area) of pressure-outlet 21.
  2249  3.4154e-06  1.1851e-08  1.4007e-08  3.0268e-08  0:59:39 2751

 Reversed flow on 37 faces (1.3% area) of pressure-outlet 21.
  2250  3.3943e-06  1.2039e-08  1.3942e-08  3.0028e-08  0:59:37 2750

 Reversed flow on 37 faces (1.3% area) of pressure-outlet 21.
  2251  3.3492e-06  1.2023e-08  1.4335e-08  2.9406e-08  0:59:36 2749

 Reversed flow on 37 faces (1.3% area) of pressure-outlet 21.
  2252  3.2793e-06  1.1905e-08  1.4721e-08  2.8740e-08  0:59:34 2748

 Reversed flow on 37 faces (1.3% area) of pressure-outlet 21.
  2253  3.1437e-06  1.1788e-08  1.5111e-08  2.7716e-08  0:59:33 2747

 Reversed flow on 37 faces (1.3% area) of pressure-outlet 21.
  2254  2.9975e-06  1.1614e-08  1.5224e-08  2.7242e-08  0:59:31 2746

 Reversed flow on 37 faces (1.3% area) of pressure-outlet 21.
  2255  2.8732e-06  1.1610e-08  1.5087e-08  2.7315e-08  0:59:28 2745

 Reversed flow on 37 faces (1.3% area) of pressure-outlet 21.

  iter  continuity  x-velocity  y-velocity  z-velocity     time/iter
  2256  2.7980e-06  1.1842e-08  1.4780e-08  2.7365e-08  0:59:30 2744

 Reversed flow on 37 faces (1.3% area) of pressure-outlet 21.
  2257  2.7753e-06  1.1961e-08  1.4431e-08  2.7749e-08  0:59:29 2743

 Reversed flow on 37 faces (1.3% area) of pressure-outlet 21.
  2258  2.8324e-06  1.1875e-08  1.3928e-08  2.7919e-08  0:59:28 2742

 Reversed flow on 37 faces (1.3% area) of pressure-outlet 21.
  2259  2.9067e-06  1.1633e-08  1.3296e-08  2.7816e-08  0:59:24 2741

 Reversed flow on 37 faces (1.3% area) of pressure-outlet 21.
  2260  2.9755e-06  1.1425e-08  1.2799e-08  2.7476e-08  0:59:23 2740

 Reversed flow on 37 faces (1.3% area) of pressure-outlet 21.
  2261  3.0288e-06  1.1194e-08  1.2951e-08  2.7217e-08  0:59:24 2739

 Reversed flow on 37 faces (1.3% area) of pressure-outlet 21.
  2262  3.0509e-06  1.0917e-08  1.3478e-08  2.6719e-08  0:59:20 2738

 Reversed flow on 37 faces (1.3% area) of pressure-outlet 21.
  2263  3.0613e-06  1.0738e-08  1.4046e-08  2.6156e-08  0:59:17 2737

 Reversed flow on 37 faces (1.3% area) of pressure-outlet 21.
  2264  3.0832e-06  1.0620e-08  1.4511e-08  2.5917e-08  0:59:16 2736

 Reversed flow on 37 faces (1.3% area) of pressure-outlet 21.
  2265  3.0826e-06  1.0625e-08  1.4868e-08  2.6253e-08  0:59:16 2735

 Reversed flow on 37 faces (1.3% area) of pressure-outlet 21.
  2266  3.0695e-06  1.0881e-08  1.5108e-08  2.6948e-08  0:59:12 2734

 Reversed flow on 37 faces (1.3% area) of pressure-outlet 21.

  iter  continuity  x-velocity  y-velocity  z-velocity     time/iter
  2267  3.0384e-06  1.1043e-08  1.5107e-08  2.7836e-08  0:59:11 2733

 Reversed flow on 37 faces (1.3% area) of pressure-outlet 21.
  2268  2.9619e-06  1.1026e-08  1.4740e-08  2.8900e-08  0:59:10 2732

 Reversed flow on 37 faces (1.3% area) of pressure-outlet 21.
  2269  2.8944e-06  1.0921e-08  1.3983e-08  2.9544e-08  0:59:08 2731

 Reversed flow on 37 faces (1.3% area) of pressure-outlet 21.
  2270  2.8698e-06  1.0869e-08  1.3109e-08  2.9858e-08  0:59:05 2730

 Reversed flow on 37 faces (1.3% area) of pressure-outlet 21.
  2271  2.8922e-06  1.0837e-08  1.2751e-08  2.9484e-08  0:59:04 2729

 Reversed flow on 37 faces (1.3% area) of pressure-outlet 21.
  2272  2.8928e-06  1.0783e-08  1.3136e-08  2.8517e-08  0:59:05 2728

 Reversed flow on 37 faces (1.3% area) of pressure-outlet 21.
  2273  2.9169e-06  1.0785e-08  1.3452e-08  2.7498e-08  0:59:06 2727

 Reversed flow on 37 faces (1.3% area) of pressure-outlet 21.
  2274  2.9516e-06  1.0954e-08  1.3853e-08  2.6276e-08  0:59:03 2726

 Reversed flow on 37 faces (1.3% area) of pressure-outlet 21.
  2275  3.0157e-06  1.1112e-08  1.4252e-08  2.5775e-08  0:59:01 2725

 Reversed flow on 37 faces (1.3% area) of pressure-outlet 21.
  2276  3.0569e-06  1.1435e-08  1.4656e-08  2.6239e-08  0:58:57 2724

 Reversed flow on 37 faces (1.3% area) of pressure-outlet 21.
  2277  3.1448e-06  1.1911e-08  1.4865e-08  2.7024e-08  0:58:55 2723

 Reversed flow on 37 faces (1.3% area) of pressure-outlet 21.

  iter  continuity  x-velocity  y-velocity  z-velocity     time/iter
  2278  3.2512e-06  1.2256e-08  1.4856e-08  2.8139e-08  0:58:52 2722

 Reversed flow on 37 faces (1.3% area) of pressure-outlet 21.
  2279  3.3341e-06  1.2472e-08  1.4622e-08  2.8365e-08  0:58:52 2721

 Reversed flow on 37 faces (1.3% area) of pressure-outlet 21.
  2280  3.3581e-06  1.2399e-08  1.4121e-08  2.9152e-08  0:58:58 2720

 Reversed flow on 37 faces (1.3% area) of pressure-outlet 21.
  2281  3.3249e-06  1.2189e-08  1.3569e-08  2.9578e-08  0:59:02 2719

 Reversed flow on 37 faces (1.3% area) of pressure-outlet 21.
  2282  3.2542e-06  1.1902e-08  1.3551e-08  2.9450e-08  0:58:55 2718

 Reversed flow on 37 faces (1.3% area) of pressure-outlet 21.
  2283  3.1454e-06  1.1492e-08  1.3759e-08  2.9103e-08  0:58:51 2717

 Reversed flow on 37 faces (1.3% area) of pressure-outlet 21.
  2284  3.0075e-06  1.1174e-08  1.3880e-08  2.9104e-08  0:58:50 2716

 Reversed flow on 37 faces (1.3% area) of pressure-outlet 21.
  2285  2.8875e-06  1.0960e-08  1.3928e-08  2.8776e-08  0:58:49 2715

 Reversed flow on 37 faces (1.3% area) of pressure-outlet 21.
  2286  2.8040e-06  1.0956e-08  1.3954e-08  2.8431e-08  0:58:48 2714

 Reversed flow on 37 faces (1.3% area) of pressure-outlet 21.
  2287  2.7884e-06  1.1129e-08  1.4027e-08  2.8717e-08  0:58:45 2713

 Reversed flow on 37 faces (1.3% area) of pressure-outlet 21.
  2288  2.8703e-06  1.1197e-08  1.3973e-08  2.9204e-08  0:58:44 2712

 Reversed flow on 37 faces (1.3% area) of pressure-outlet 21.

  iter  continuity  x-velocity  y-velocity  z-velocity     time/iter
  2289  2.9892e-06  1.1184e-08  1.3698e-08  2.9345e-08  0:58:42 2711

 Reversed flow on 37 faces (1.3% area) of pressure-outlet 21.
  2290  3.1186e-06  1.1218e-08  1.3306e-08  2.9212e-08  0:58:40 2710

 Reversed flow on 37 faces (1.3% area) of pressure-outlet 21.
  2291  3.2183e-06  1.1234e-08  1.2994e-08  2.9361e-08  0:58:41 2709

 Reversed flow on 37 faces (1.3% area) of pressure-outlet 21.
  2292  3.2748e-06  1.1171e-08  1.3132e-08  2.9220e-08  0:58:43 2708

 Reversed flow on 37 faces (1.3% area) of pressure-outlet 21.
  2293  3.2946e-06  1.1085e-08  1.3787e-08  2.8591e-08  0:58:40 2707

 Reversed flow on 37 faces (1.3% area) of pressure-outlet 21.
  2294  3.3164e-06  1.1026e-08  1.4370e-08  2.8130e-08  0:58:47 2706

 Reversed flow on 37 faces (1.3% area) of pressure-outlet 21.
  2295  3.2945e-06  1.0964e-08  1.4904e-08  2.7696e-08  0:59:54 2705

 Reversed flow on 37 faces (1.3% area) of pressure-outlet 21.
  2296  3.2651e-06  1.0990e-08  1.5235e-08  2.7781e-08  1:00:32 2704

 Reversed flow on 37 faces (1.3% area) of pressure-outlet 21.
  2297  3.1830e-06  1.1197e-08  1.5415e-08  2.8182e-08  1:00:19 2703

 Reversed flow on 37 faces (1.3% area) of pressure-outlet 21.
  2298  3.0983e-06  1.1445e-08  1.5272e-08  2.9198e-08  0:59:57 2702

 Reversed flow on 37 faces (1.3% area) of pressure-outlet 21.
  2299  3.0038e-06  1.1512e-08  1.4757e-08  3.0057e-08  1:02:51 2701

 Reversed flow on 37 faces (1.3% area) of pressure-outlet 21.

  iter  continuity  x-velocity  y-velocity  z-velocity     time/iter
  2300  3.0057e-06  1.1562e-08  1.3993e-08  3.0608e-08  1:01:57 2700

 Reversed flow on 37 faces (1.3% area) of pressure-outlet 21.
  2301  3.0224e-06  1.1651e-08  1.3361e-08  3.0338e-08  1:01:14 2699

 Reversed flow on 37 faces (1.3% area) of pressure-outlet 21.
  2302  2.9567e-06  1.1695e-08  1.2989e-08  2.9064e-08  1:00:38 2698

 Reversed flow on 37 faces (1.3% area) of pressure-outlet 21.
  2303  2.9294e-06  1.1550e-08  1.3013e-08  2.7773e-08  1:00:09 2697

 Reversed flow on 37 faces (1.3% area) of pressure-outlet 21.
  2304  2.9348e-06  1.1318e-08  1.3159e-08  2.6755e-08  0:59:50 2696

 Reversed flow on 37 faces (1.3% area) of pressure-outlet 21.
  2305  2.9392e-06  1.1092e-08  1.3448e-08  2.6162e-08  0:59:32 2695

 Reversed flow on 37 faces (1.3% area) of pressure-outlet 21.
  2306  2.9269e-06  1.0895e-08  1.3871e-08  2.5841e-08  0:59:17 2694

 Reversed flow on 37 faces (1.3% area) of pressure-outlet 21.
  2307  2.9547e-06  1.0960e-08  1.4254e-08  2.5900e-08  0:59:03 2693

 Reversed flow on 37 faces (1.3% area) of pressure-outlet 21.
  2308  3.0203e-06  1.1190e-08  1.4516e-08  2.6612e-08  0:58:52 2692

 Reversed flow on 37 faces (1.3% area) of pressure-outlet 21.
  2309  3.0618e-06  1.1399e-08  1.4561e-08  2.6593e-08  0:58:49 2691

 Reversed flow on 37 faces (1.3% area) of pressure-outlet 21.
  2310  3.0900e-06  1.1389e-08  1.4235e-08  2.7221e-08  0:58:42 2690

 Reversed flow on 37 faces (1.3% area) of pressure-outlet 21.

  iter  continuity  x-velocity  y-velocity  z-velocity     time/iter
  2311  3.0856e-06  1.1261e-08  1.3576e-08  2.7391e-08  0:58:34 2689

 Reversed flow on 37 faces (1.3% area) of pressure-outlet 21.
  2312  3.0290e-06  1.1080e-08  1.2893e-08  2.7205e-08  0:58:33 2688

 Reversed flow on 37 faces (1.3% area) of pressure-outlet 21.
  2313  2.9209e-06  1.0799e-08  1.2740e-08  2.6893e-08  0:58:29 2687

 Reversed flow on 37 faces (1.3% area) of pressure-outlet 21.
  2314  2.7728e-06  1.0481e-08  1.2936e-08  2.6556e-08  0:59:09 2686

 Reversed flow on 37 faces (1.3% area) of pressure-outlet 21.
  2315  2.6473e-06  1.0318e-08  1.3148e-08  2.6057e-08  0:59:03 2685

 Reversed flow on 37 faces (1.3% area) of pressure-outlet 21.
  2316  2.5531e-06  1.0252e-08  1.3373e-08  2.5270e-08  1:00:09 2684

 Reversed flow on 37 faces (1.3% area) of pressure-outlet 21.
  2317  2.5349e-06  1.0201e-08  1.3593e-08  2.5440e-08  0:59:44 2683

 Reversed flow on 37 faces (1.3% area) of pressure-outlet 21.
  2318  2.6077e-06  1.0339e-08  1.3769e-08  2.5725e-08  0:59:26 2682

 Reversed flow on 37 faces (1.3% area) of pressure-outlet 21.
  2319  2.7463e-06  1.0578e-08  1.3816e-08  2.6363e-08  0:59:09 2681

 Reversed flow on 37 faces (1.3% area) of pressure-outlet 21.
  2320  2.8869e-06  1.0793e-08  1.3764e-08  2.6964e-08  0:58:54 2680

 Reversed flow on 37 faces (1.3% area) of pressure-outlet 21.
  2321  3.0417e-06  1.0937e-08  1.3600e-08  2.7810e-08  0:58:45 2679

 Reversed flow on 37 faces (1.3% area) of pressure-outlet 21.

  iter  continuity  x-velocity  y-velocity  z-velocity     time/iter
  2322  3.1574e-06  1.1018e-08  1.3389e-08  2.8402e-08  0:58:34 2678

 Reversed flow on 37 faces (1.3% area) of pressure-outlet 21.
  2323  3.2473e-06  1.1104e-08  1.3395e-08  2.8533e-08  0:58:28 2677

 Reversed flow on 37 faces (1.3% area) of pressure-outlet 21.
  2324  3.3266e-06  1.1142e-08  1.3906e-08  2.8545e-08  0:58:20 2676

 Reversed flow on 37 faces (1.3% area) of pressure-outlet 21.
  2325  3.3675e-06  1.1133e-08  1.4464e-08  2.8772e-08  0:58:14 2675

 Reversed flow on 37 faces (1.3% area) of pressure-outlet 21.
  2326  3.3637e-06  1.1276e-08  1.5055e-08  2.8937e-08  0:58:08 2674

 Reversed flow on 37 faces (1.3% area) of pressure-outlet 21.
  2327  3.2986e-06  1.1476e-08  1.5616e-08  2.8726e-08  0:58:05 2673

 Reversed flow on 37 faces (1.3% area) of pressure-outlet 21.
  2328  3.1971e-06  1.1874e-08  1.5939e-08  2.8972e-08  0:58:00 2672

 Reversed flow on 37 faces (1.3% area) of pressure-outlet 21.
  2329  3.0979e-06  1.2231e-08  1.5839e-08  2.9411e-08  0:57:56 2671

 Reversed flow on 37 faces (1.3% area) of pressure-outlet 21.
  2330  3.0648e-06  1.2496e-08  1.5382e-08  2.9922e-08  0:57:54 2670

 Reversed flow on 37 faces (1.3% area) of pressure-outlet 21.
  2331  3.0828e-06  1.2630e-08  1.4819e-08  3.0120e-08  0:57:52 2669

 Reversed flow on 37 faces (1.3% area) of pressure-outlet 21.
  2332  3.0717e-06  1.2614e-08  1.4120e-08  2.9820e-08  0:57:49 2668

 Reversed flow on 37 faces (1.3% area) of pressure-outlet 21.

  iter  continuity  x-velocity  y-velocity  z-velocity     time/iter
  2333  3.0592e-06  1.2460e-08  1.3262e-08  2.9535e-08  0:57:45 2667

 Reversed flow on 37 faces (1.3% area) of pressure-outlet 21.
  2334  3.0754e-06  1.2231e-08  1.3026e-08  2.9070e-08  0:57:43 2666

 Reversed flow on 37 faces (1.3% area) of pressure-outlet 21.
  2335  3.0843e-06  1.1930e-08  1.3305e-08  2.8565e-08  0:57:40 2665

 Reversed flow on 37 faces (1.3% area) of pressure-outlet 21.
  2336  3.0714e-06  1.1708e-08  1.3802e-08  2.8330e-08  0:57:38 2664

 Reversed flow on 37 faces (1.3% area) of pressure-outlet 21.
  2337  3.0892e-06  1.1519e-08  1.4279e-08  2.7851e-08  0:57:36 2663

 Reversed flow on 37 faces (1.3% area) of pressure-outlet 21.
  2338  3.1550e-06  1.1373e-08  1.4672e-08  2.8320e-08  0:57:35 2662

 Reversed flow on 37 faces (1.3% area) of pressure-outlet 21.
  2339  3.2006e-06  1.1608e-08  1.4998e-08  2.8086e-08  0:57:36 2661

 Reversed flow on 37 faces (1.3% area) of pressure-outlet 21.
  2340  3.2607e-06  1.1789e-08  1.5091e-08  2.9042e-08  0:57:36 2660

 Reversed flow on 37 faces (1.3% area) of pressure-outlet 21.
  2341  3.2912e-06  1.1842e-08  1.4839e-08  2.9567e-08  0:57:36 2659

 Reversed flow on 37 faces (1.3% area) of pressure-outlet 21.
  2342  3.2931e-06  1.1760e-08  1.4347e-08  2.9673e-08  0:57:36 2658

 Reversed flow on 37 faces (1.3% area) of pressure-outlet 21.
  2343  3.2256e-06  1.1535e-08  1.3744e-08  2.9836e-08  0:57:33 2657

 Reversed flow on 37 faces (1.3% area) of pressure-outlet 21.

  iter  continuity  x-velocity  y-velocity  z-velocity     time/iter
  2344  3.1086e-06  1.1244e-08  1.3325e-08  2.9915e-08  0:57:30 2656

 Reversed flow on 37 faces (1.3% area) of pressure-outlet 21.
  2345  2.9947e-06  1.0962e-08  1.3370e-08  2.9488e-08  0:57:32 2655

 Reversed flow on 37 faces (1.3% area) of pressure-outlet 21.
  2346  2.9039e-06  1.0722e-08  1.3489e-08  2.8782e-08  0:57:30 2654

 Reversed flow on 37 faces (1.3% area) of pressure-outlet 21.
  2347  2.8711e-06  1.0564e-08  1.3795e-08  2.8450e-08  0:57:26 2653

 Reversed flow on 37 faces (1.3% area) of pressure-outlet 21.
  2348  2.9074e-06  1.0511e-08  1.4124e-08  2.7872e-08  0:57:25 2652

 Reversed flow on 37 faces (1.3% area) of pressure-outlet 21.
  2349  2.9921e-06  1.0767e-08  1.4449e-08  2.7792e-08  0:57:23 2651

 Reversed flow on 37 faces (1.3% area) of pressure-outlet 21.
  2350  3.1066e-06  1.1176e-08  1.4680e-08  2.8151e-08  0:57:22 2650

 Reversed flow on 37 faces (1.3% area) of pressure-outlet 21.
  2351  3.2231e-06  1.1524e-08  1.4766e-08  2.9003e-08  0:57:19 2649

 Reversed flow on 37 faces (1.3% area) of pressure-outlet 21.
  2352  3.3488e-06  1.1820e-08  1.4648e-08  2.9617e-08  0:57:18 2648

 Reversed flow on 37 faces (1.3% area) of pressure-outlet 21.
  2353  3.4220e-06  1.2188e-08  1.4391e-08  2.9569e-08  0:57:17 2647

 Reversed flow on 37 faces (1.3% area) of pressure-outlet 21.
  2354  3.4237e-06  1.2400e-08  1.4065e-08  2.9192e-08  0:57:15 2646

 Reversed flow on 37 faces (1.3% area) of pressure-outlet 21.

  iter  continuity  x-velocity  y-velocity  z-velocity     time/iter
  2355  3.4069e-06  1.2341e-08  1.4231e-08  2.9183e-08  0:57:13 2645

 Reversed flow on 37 faces (1.3% area) of pressure-outlet 21.
  2356  3.3363e-06  1.2163e-08  1.4613e-08  2.8849e-08  0:57:13 2644

 Reversed flow on 37 faces (1.3% area) of pressure-outlet 21.
  2357  3.1882e-06  1.1965e-08  1.5000e-08  2.8224e-08  0:57:14 2643

 Reversed flow on 37 faces (1.3% area) of pressure-outlet 21.
  2358  3.0122e-06  1.1633e-08  1.5115e-08  2.7544e-08  0:57:13 2642

 Reversed flow on 37 faces (1.3% area) of pressure-outlet 21.
  2359  2.8495e-06  1.1283e-08  1.4884e-08  2.7543e-08  0:57:12 2641

 Reversed flow on 37 faces (1.3% area) of pressure-outlet 21.
  2360  2.7602e-06  1.1344e-08  1.4460e-08  2.7393e-08  0:57:12 2640

 Reversed flow on 37 faces (1.3% area) of pressure-outlet 21.
  2361  2.7370e-06  1.1428e-08  1.4084e-08  2.7346e-08  0:57:08 2639

 Reversed flow on 37 faces (1.3% area) of pressure-outlet 21.
  2362  2.7109e-06  1.1350e-08  1.3558e-08  2.6971e-08  0:57:09 2638

 Reversed flow on 37 faces (1.3% area) of pressure-outlet 21.
  2363  2.7197e-06  1.1119e-08  1.2662e-08  2.6410e-08  0:57:14 2637

 Reversed flow on 37 faces (1.3% area) of pressure-outlet 21.
  2364  2.7415e-06  1.0886e-08  1.1823e-08  2.5867e-08  0:57:26 2636

 Reversed flow on 37 faces (1.3% area) of pressure-outlet 21.
  2365  2.7481e-06  1.0565e-08  1.1533e-08  2.5380e-08  0:57:27 2635

 Reversed flow on 37 faces (1.3% area) of pressure-outlet 21.

  iter  continuity  x-velocity  y-velocity  z-velocity     time/iter
  2366  2.7320e-06  1.0220e-08  1.1947e-08  2.5017e-08  0:57:22 2634

 Reversed flow on 37 faces (1.3% area) of pressure-outlet 21.
  2367  2.7550e-06  9.9392e-09  1.2468e-08  2.4769e-08  0:57:19 2633

 Reversed flow on 37 faces (1.3% area) of pressure-outlet 21.
  2368  2.8176e-06  9.8212e-09  1.3083e-08  2.4914e-08  0:57:14 2632

 Reversed flow on 37 faces (1.3% area) of pressure-outlet 21.
  2369  2.8494e-06  9.9057e-09  1.3710e-08  2.4310e-08  0:57:10 2631

 Reversed flow on 37 faces (1.3% area) of pressure-outlet 21.
  2370  2.8882e-06  1.0137e-08  1.4164e-08  2.4925e-08  0:57:05 2630

 Reversed flow on 37 faces (1.3% area) of pressure-outlet 21.
  2371  2.9243e-06  1.0383e-08  1.4294e-08  2.5712e-08  0:57:03 2629

 Reversed flow on 37 faces (1.3% area) of pressure-outlet 21.
  2372  2.9278e-06  1.0523e-08  1.4171e-08  2.6365e-08  0:57:02 2628

 Reversed flow on 37 faces (1.3% area) of pressure-outlet 21.
  2373  2.9193e-06  1.0562e-08  1.3753e-08  2.7116e-08  0:56:58 2627

 Reversed flow on 37 faces (1.3% area) of pressure-outlet 21.
  2374  2.8677e-06  1.0577e-08  1.3107e-08  2.7897e-08  0:56:54 2626

 Reversed flow on 37 faces (1.3% area) of pressure-outlet 21.
  2375  2.8337e-06  1.0609e-08  1.2488e-08  2.8317e-08  0:56:51 2625

 Reversed flow on 37 faces (1.3% area) of pressure-outlet 21.
  2376  2.8172e-06  1.0621e-08  1.2573e-08  2.8299e-08  0:56:49 2624

 Reversed flow on 37 faces (1.3% area) of pressure-outlet 21.

  iter  continuity  x-velocity  y-velocity  z-velocity     time/iter
  2377  2.8418e-06  1.0634e-08  1.3109e-08  2.8107e-08  0:56:47 2623

 Reversed flow on 37 faces (1.3% area) of pressure-outlet 21.
  2378  2.9063e-06  1.0728e-08  1.3760e-08  2.7685e-08  0:56:46 2622

 Reversed flow on 37 faces (1.3% area) of pressure-outlet 21.
  2379  3.0135e-06  1.0877e-08  1.4335e-08  2.6946e-08  0:56:45 2621

 Reversed flow on 37 faces (1.3% area) of pressure-outlet 21.
  2380  3.1271e-06  1.1200e-08  1.4831e-08  2.6993e-08  0:57:09 2620

 Reversed flow on 37 faces (1.3% area) of pressure-outlet 21.
  2381  3.2332e-06  1.1807e-08  1.5191e-08  2.7366e-08  0:57:21 2619

 Reversed flow on 37 faces (1.3% area) of pressure-outlet 21.
  2382  3.3283e-06  1.2295e-08  1.5332e-08  2.8183e-08  0:57:12 2618

 Reversed flow on 37 faces (1.3% area) of pressure-outlet 21.
  2383  3.3957e-06  1.2602e-08  1.5166e-08  2.8865e-08  0:57:05 2617

 Reversed flow on 37 faces (1.3% area) of pressure-outlet 21.
  2384  3.4494e-06  1.2613e-08  1.4619e-08  2.9516e-08  0:57:42 2616

 Reversed flow on 37 faces (1.3% area) of pressure-outlet 21.
  2385  3.4359e-06  1.2474e-08  1.3990e-08  3.0456e-08  0:57:29 2615

 Reversed flow on 37 faces (1.3% area) of pressure-outlet 21.
  2386  3.3725e-06  1.2251e-08  1.3808e-08  3.0693e-08  0:57:20 2614

 Reversed flow on 37 faces (1.3% area) of pressure-outlet 21.
  2387  3.2455e-06  1.1936e-08  1.4026e-08  3.0471e-08  0:57:23 2613

 Reversed flow on 37 faces (1.3% area) of pressure-outlet 21.

  iter  continuity  x-velocity  y-velocity  z-velocity     time/iter
  2388  3.0879e-06  1.1559e-08  1.4150e-08  3.0283e-08  0:57:29 2612

 Reversed flow on 37 faces (1.3% area) of pressure-outlet 21.
  2389  2.9377e-06  1.1226e-08  1.4181e-08  2.9907e-08  0:57:31 2611

 Reversed flow on 37 faces (1.3% area) of pressure-outlet 21.
  2390  2.8678e-06  1.1117e-08  1.4201e-08  2.9310e-08  0:57:16 2610

 Reversed flow on 37 faces (1.3% area) of pressure-outlet 21.
  2391  2.8576e-06  1.1314e-08  1.4393e-08  2.9011e-08  0:57:24 2609

 Reversed flow on 37 faces (1.3% area) of pressure-outlet 21.
  2392  2.8865e-06  1.1490e-08  1.4465e-08  2.8922e-08  0:57:11 2608

 Reversed flow on 37 faces (1.3% area) of pressure-outlet 21.
  2393  2.9407e-06  1.1543e-08  1.4108e-08  2.8813e-08  0:57:00 2607

 Reversed flow on 37 faces (1.3% area) of pressure-outlet 21.
  2394  3.0539e-06  1.1603e-08  1.3602e-08  2.8766e-08  0:56:52 2606

 Reversed flow on 37 faces (1.3% area) of pressure-outlet 21.
  2395  3.1302e-06  1.1526e-08  1.3101e-08  2.9019e-08  0:56:44 2605

 Reversed flow on 37 faces (1.3% area) of pressure-outlet 21.
  2396  3.1776e-06  1.1381e-08  1.2902e-08  2.9391e-08  0:56:38 2604

 Reversed flow on 37 faces (1.3% area) of pressure-outlet 21.
  2397  3.2303e-06  1.1187e-08  1.3400e-08  2.9535e-08  0:56:33 2603

 Reversed flow on 37 faces (1.3% area) of pressure-outlet 21.
  2398  3.2940e-06  1.1057e-08  1.4093e-08  2.9355e-08  0:56:29 2602

 Reversed flow on 37 faces (1.3% area) of pressure-outlet 21.

  iter  continuity  x-velocity  y-velocity  z-velocity     time/iter
  2399  3.3038e-06  1.1092e-08  1.4850e-08  2.8440e-08  0:56:26 2601

 Reversed flow on 37 faces (1.3% area) of pressure-outlet 21.
  2400  3.3130e-06  1.1061e-08  1.5369e-08  2.8178e-08  0:56:23 2600

 Reversed flow on 37 faces (1.3% area) of pressure-outlet 21.
  2401  3.3058e-06  1.1187e-08  1.5637e-08  2.8607e-08  0:56:20 2599

 Reversed flow on 37 faces (1.3% area) of pressure-outlet 21.
  2402  3.2823e-06  1.1559e-08  1.5695e-08  2.8796e-08  0:56:17 2598

 Reversed flow on 37 faces (1.3% area) of pressure-outlet 21.
  2403  3.2356e-06  1.1848e-08  1.5510e-08  2.9631e-08  0:56:16 2597

 Reversed flow on 37 faces (1.3% area) of pressure-outlet 21.
  2404  3.1780e-06  1.2049e-08  1.4994e-08  3.0396e-08  0:56:13 2596

 Reversed flow on 37 faces (1.3% area) of pressure-outlet 21.
  2405  3.1179e-06  1.2218e-08  1.4245e-08  3.0461e-08  0:56:12 2595

 Reversed flow on 37 faces (1.3% area) of pressure-outlet 21.
  2406  3.0114e-06  1.2342e-08  1.3537e-08  2.9879e-08  0:56:08 2594

 Reversed flow on 37 faces (1.3% area) of pressure-outlet 21.
  2407  2.9752e-06  1.2240e-08  1.3455e-08  2.9365e-08  0:56:08 2593

 Reversed flow on 37 faces (1.3% area) of pressure-outlet 21.
  2408  2.9851e-06  1.1897e-08  1.3685e-08  2.8632e-08  0:56:08 2592

 Reversed flow on 37 faces (1.3% area) of pressure-outlet 21.
  2409  3.0191e-06  1.1593e-08  1.3959e-08  2.7793e-08  0:56:10 2591

 Reversed flow on 37 faces (1.3% area) of pressure-outlet 21.

  iter  continuity  x-velocity  y-velocity  z-velocity     time/iter
  2410  3.0597e-06  1.1403e-08  1.4342e-08  2.6966e-08  0:56:12 2590

 Reversed flow on 37 faces (1.3% area) of pressure-outlet 21.
  2411  3.0967e-06  1.1429e-08  1.4773e-08  2.6415e-08  0:56:10 2589

 Reversed flow on 37 faces (1.3% area) of pressure-outlet 21.
  2412  3.1199e-06  1.1656e-08  1.5128e-08  2.6506e-08  0:56:07 2588

 Reversed flow on 37 faces (1.3% area) of pressure-outlet 21.
  2413  3.1589e-06  1.1910e-08  1.5233e-08  2.6807e-08  0:56:02 2587

 Reversed flow on 37 faces (1.3% area) of pressure-outlet 21.
  2414  3.1966e-06  1.1913e-08  1.4924e-08  2.7397e-08  0:56:00 2586

 Reversed flow on 37 faces (1.3% area) of pressure-outlet 21.
  2415  3.2201e-06  1.1775e-08  1.4348e-08  2.8110e-08  0:55:58 2585

 Reversed flow on 37 faces (1.3% area) of pressure-outlet 21.
  2416  3.1706e-06  1.1612e-08  1.3652e-08  2.8375e-08  0:55:55 2584

 Reversed flow on 37 faces (1.3% area) of pressure-outlet 21.
  2417  3.0526e-06  1.1311e-08  1.3167e-08  2.8355e-08  0:55:54 2583

 Reversed flow on 37 faces (1.3% area) of pressure-outlet 21.
  2418  2.8839e-06  1.0865e-08  1.3215e-08  2.8114e-08  0:55:54 2582

 Reversed flow on 37 faces (1.3% area) of pressure-outlet 21.
  2419  2.7186e-06  1.0416e-08  1.3255e-08  2.7557e-08  0:55:52 2581

 Reversed flow on 37 faces (1.3% area) of pressure-outlet 21.
  2420  2.6198e-06  1.0192e-08  1.3356e-08  2.6768e-08  0:55:51 2580

 Reversed flow on 37 faces (1.3% area) of pressure-outlet 21.

  iter  continuity  x-velocity  y-velocity  z-velocity     time/iter
  2421  2.5831e-06  1.0028e-08  1.3540e-08  2.5814e-08  0:55:50 2579

 Reversed flow on 37 faces (1.3% area) of pressure-outlet 21.
  2422  2.5740e-06  9.9669e-09  1.3648e-08  2.5444e-08  0:55:49 2578

 Reversed flow on 37 faces (1.3% area) of pressure-outlet 21.
  2423  2.6164e-06  1.0166e-08  1.3418e-08  2.5227e-08  0:55:46 2577

 Reversed flow on 37 faces (1.3% area) of pressure-outlet 21.
  2424  2.7017e-06  1.0409e-08  1.3139e-08  2.5547e-08  0:55:44 2576

 Reversed flow on 37 faces (1.3% area) of pressure-outlet 21.
  2425  2.7967e-06  1.0484e-08  1.2777e-08  2.6102e-08  0:55:43 2575

 Reversed flow on 37 faces (1.3% area) of pressure-outlet 21.
  2426  2.8811e-06  1.0494e-08  1.2465e-08  2.6799e-08  0:55:40 2574

 Reversed flow on 37 faces (1.3% area) of pressure-outlet 21.
  2427  2.9833e-06  1.0519e-08  1.2239e-08  2.7422e-08  0:55:40 2573

 Reversed flow on 37 faces (1.3% area) of pressure-outlet 21.
  2428  3.1014e-06  1.0579e-08  1.2641e-08  2.7579e-08  0:55:38 2572

 Reversed flow on 37 faces (1.3% area) of pressure-outlet 21.
  2429  3.1727e-06  1.0652e-08  1.3410e-08  2.7121e-08  0:55:38 2571

 Reversed flow on 37 faces (1.3% area) of pressure-outlet 21.
  2430  3.2143e-06  1.0713e-08  1.4103e-08  2.7306e-08  0:55:37 2570

 Reversed flow on 37 faces (1.3% area) of pressure-outlet 21.
  2431  3.2306e-06  1.0878e-08  1.4700e-08  2.7177e-08  0:55:35 2569

 Reversed flow on 37 faces (1.3% area) of pressure-outlet 21.

  iter  continuity  x-velocity  y-velocity  z-velocity     time/iter
  2432  3.2100e-06  1.1218e-08  1.5213e-08  2.6717e-08  0:55:33 2568

 Reversed flow on 37 faces (1.3% area) of pressure-outlet 21.
  2433  3.1430e-06  1.1658e-08  1.5443e-08  2.7228e-08  0:55:32 2567

 Reversed flow on 37 faces (1.3% area) of pressure-outlet 21.
  2434  3.0719e-06  1.1989e-08  1.5263e-08  2.8204e-08  0:55:31 2566

 Reversed flow on 37 faces (1.3% area) of pressure-outlet 21.
  2435  3.0145e-06  1.2147e-08  1.4681e-08  2.9138e-08  0:55:30 2565

 Reversed flow on 37 faces (1.3% area) of pressure-outlet 21.
  2436  2.9867e-06  1.2176e-08  1.3867e-08  2.9638e-08  0:55:34 2564

 Reversed flow on 37 faces (1.3% area) of pressure-outlet 21.
  2437  2.9741e-06  1.2055e-08  1.3136e-08  3.0266e-08  0:55:32 2563

 Reversed flow on 37 faces (1.3% area) of pressure-outlet 21.
  2438  3.0102e-06  1.1778e-08  1.2718e-08  3.0302e-08  0:55:30 2562

 Reversed flow on 37 faces (1.3% area) of pressure-outlet 21.
  2439  3.0622e-06  1.1478e-08  1.2958e-08  2.9818e-08  0:55:28 2561

 Reversed flow on 37 faces (1.3% area) of pressure-outlet 21.
  2440  3.1113e-06  1.1299e-08  1.3417e-08  2.9143e-08  0:55:25 2560

 Reversed flow on 37 faces (1.3% area) of pressure-outlet 21.
  2441  3.1309e-06  1.1266e-08  1.4035e-08  2.8274e-08  0:55:24 2559

 Reversed flow on 37 faces (1.3% area) of pressure-outlet 21.
  2442  3.1653e-06  1.1174e-08  1.4515e-08  2.7771e-08  0:55:24 2558

 Reversed flow on 37 faces (1.3% area) of pressure-outlet 21.

  iter  continuity  x-velocity  y-velocity  z-velocity     time/iter
  2443  3.1975e-06  1.1351e-08  1.4895e-08  2.7759e-08  0:55:22 2557

 Reversed flow on 37 faces (1.3% area) of pressure-outlet 21.
  2444  3.2727e-06  1.1585e-08  1.4961e-08  2.8319e-08  0:55:19 2556

 Reversed flow on 37 faces (1.3% area) of pressure-outlet 21.
  2445  3.3070e-06  1.1719e-08  1.4810e-08  2.9207e-08  0:55:18 2555

 Reversed flow on 37 faces (1.3% area) of pressure-outlet 21.
  2446  3.3097e-06  1.1748e-08  1.4407e-08  2.9653e-08  0:55:15 2554

 Reversed flow on 37 faces (1.3% area) of pressure-outlet 21.
  2447  3.2337e-06  1.1570e-08  1.3866e-08  3.0039e-08  0:55:14 2553

 Reversed flow on 37 faces (1.3% area) of pressure-outlet 21.
  2448  3.1046e-06  1.1244e-08  1.3224e-08  3.0291e-08  0:55:12 2552

 Reversed flow on 37 faces (1.3% area) of pressure-outlet 21.
  2449  2.9621e-06  1.0860e-08  1.3029e-08  3.0032e-08  0:55:11 2551

 Reversed flow on 37 faces (1.3% area) of pressure-outlet 21.
  2450  2.8923e-06  1.0537e-08  1.3113e-08  2.9400e-08  0:55:09 2550

 Reversed flow on 37 faces (1.3% area) of pressure-outlet 21.
  2451  2.8614e-06  1.0369e-08  1.3447e-08  2.8572e-08  0:55:08 2549

 Reversed flow on 37 faces (1.3% area) of pressure-outlet 21.
  2452  2.8520e-06  1.0283e-08  1.3828e-08  2.7680e-08  0:55:08 2548

 Reversed flow on 37 faces (1.3% area) of pressure-outlet 21.
  2453  2.8827e-06  1.0454e-08  1.3990e-08  2.7032e-08  0:55:09 2547

 Reversed flow on 37 faces (1.3% area) of pressure-outlet 21.

  iter  continuity  x-velocity  y-velocity  z-velocity     time/iter
  2454  2.9598e-06  1.0878e-08  1.4142e-08  2.7184e-08  0:55:07 2546

 Reversed flow on 37 faces (1.3% area) of pressure-outlet 21.
  2455  3.0536e-06  1.1163e-08  1.4189e-08  2.8072e-08  0:55:14 2545

 Reversed flow on 37 faces (1.3% area) of pressure-outlet 21.
  2456  3.1533e-06  1.1420e-08  1.4147e-08  2.9097e-08  0:58:20 2544

 Reversed flow on 37 faces (1.3% area) of pressure-outlet 21.
  2457  3.2611e-06  1.1709e-08  1.3911e-08  2.9747e-08  0:57:41 2543

 Reversed flow on 37 faces (1.3% area) of pressure-outlet 21.
  2458  3.3099e-06  1.1989e-08  1.3699e-08  2.9615e-08  0:57:09 2542

 Reversed flow on 37 faces (1.3% area) of pressure-outlet 21.
  2459  3.3362e-06  1.2080e-08  1.3831e-08  2.9207e-08  0:56:42 2541

 Reversed flow on 37 faces (1.3% area) of pressure-outlet 21.
  2460  3.3159e-06  1.1915e-08  1.4298e-08  2.9036e-08  0:56:19 2540

 Reversed flow on 37 faces (1.3% area) of pressure-outlet 21.
  2461  3.2580e-06  1.1764e-08  1.4699e-08  2.8502e-08  0:56:01 2539

 Reversed flow on 37 faces (1.3% area) of pressure-outlet 21.
  2462  3.1463e-06  1.1610e-08  1.5107e-08  2.7115e-08  0:55:45 2538

 Reversed flow on 37 faces (1.3% area) of pressure-outlet 21.
  2463  3.0226e-06  1.1441e-08  1.5220e-08  2.6817e-08  0:55:33 2537

 Reversed flow on 37 faces (1.3% area) of pressure-outlet 21.
  2464  2.8773e-06  1.1508e-08  1.5097e-08  2.6889e-08  0:55:22 2536

 Reversed flow on 37 faces (1.3% area) of pressure-outlet 21.

  iter  continuity  x-velocity  y-velocity  z-velocity     time/iter
  2465  2.7965e-06  1.1712e-08  1.4725e-08  2.7180e-08  0:55:15 2535

 Reversed flow on 37 faces (1.3% area) of pressure-outlet 21.
  2466  2.7417e-06  1.1809e-08  1.4179e-08  2.7506e-08  0:55:07 2534

 Reversed flow on 37 faces (1.3% area) of pressure-outlet 21.
  2467  2.7637e-06  1.1694e-08  1.3614e-08  2.7795e-08  0:55:03 2533

 Reversed flow on 37 faces (1.3% area) of pressure-outlet 21.
  2468  2.8171e-06  1.1423e-08  1.2955e-08  2.7714e-08  0:54:58 2532

 Reversed flow on 37 faces (1.3% area) of pressure-outlet 21.
  2469  2.8859e-06  1.1138e-08  1.2472e-08  2.7382e-08  0:54:54 2531

 Reversed flow on 37 faces (1.3% area) of pressure-outlet 21.
  2470  2.9397e-06  1.0906e-08  1.2774e-08  2.6783e-08  0:54:51 2530

 Reversed flow on 37 faces (1.3% area) of pressure-outlet 21.
  2471  2.9773e-06  1.0663e-08  1.3333e-08  2.6301e-08  0:54:48 2529

 Reversed flow on 37 faces (1.3% area) of pressure-outlet 21.
  2472  3.0017e-06  1.0500e-08  1.3936e-08  2.6171e-08  0:54:46 2528

 Reversed flow on 37 faces (1.3% area) of pressure-outlet 21.
  2473  3.0272e-06  1.0516e-08  1.4537e-08  2.5826e-08  0:54:45 2527

 Reversed flow on 37 faces (1.3% area) of pressure-outlet 21.
  2474  3.0881e-06  1.0619e-08  1.4933e-08  2.6181e-08  0:54:41 2526

 Reversed flow on 37 faces (1.3% area) of pressure-outlet 21.
  2475  3.1250e-06  1.0881e-08  1.5181e-08  2.7221e-08  0:54:40 2525

 Reversed flow on 37 faces (1.3% area) of pressure-outlet 21.

  iter  continuity  x-velocity  y-velocity  z-velocity     time/iter
  2476  3.1333e-06  1.1117e-08  1.5148e-08  2.8220e-08  0:54:39 2524

 Reversed flow on 37 faces (1.3% area) of pressure-outlet 21.
  2477  3.0955e-06  1.1206e-08  1.4858e-08  2.9125e-08  0:54:38 2523

 Reversed flow on 37 faces (1.3% area) of pressure-outlet 21.
  2478  3.0300e-06  1.1164e-08  1.4159e-08  2.9826e-08  0:54:35 2522

 Reversed flow on 37 faces (1.3% area) of pressure-outlet 21.
  2479  2.9586e-06  1.1084e-08  1.3326e-08  3.0141e-08  0:54:34 2521

 Reversed flow on 37 faces (1.3% area) of pressure-outlet 21.
  2480  2.9576e-06  1.1050e-08  1.3080e-08  3.0027e-08  0:54:33 2520

 Reversed flow on 37 faces (1.3% area) of pressure-outlet 21.
  2481  2.9563e-06  1.1042e-08  1.3485e-08  2.9123e-08  0:54:34 2519

 Reversed flow on 37 faces (1.3% area) of pressure-outlet 21.
  2482  2.9484e-06  1.1081e-08  1.3975e-08  2.8098e-08  0:54:32 2518

 Reversed flow on 37 faces (1.3% area) of pressure-outlet 21.
  2483  2.9597e-06  1.1190e-08  1.4249e-08  2.6624e-08  0:54:31 2517

 Reversed flow on 37 faces (1.3% area) of pressure-outlet 21.
  2484  3.0224e-06  1.1425e-08  1.4493e-08  2.6065e-08  0:54:29 2516

 Reversed flow on 37 faces (1.3% area) of pressure-outlet 21.
  2485  3.0591e-06  1.1757e-08  1.4672e-08  2.6142e-08  0:54:27 2515

 Reversed flow on 37 faces (1.3% area) of pressure-outlet 21.
  2486  3.1236e-06  1.2157e-08  1.4758e-08  2.6995e-08  0:54:29 2514

 Reversed flow on 37 faces (1.3% area) of pressure-outlet 21.

  iter  continuity  x-velocity  y-velocity  z-velocity     time/iter
  2487  3.1956e-06  1.2381e-08  1.4587e-08  2.8227e-08  0:54:26 2513

 Reversed flow on 37 faces (1.3% area) of pressure-outlet 21.
  2488  3.2923e-06  1.2460e-08  1.4243e-08  2.8796e-08  0:54:23 2512

 Reversed flow on 37 faces (1.3% area) of pressure-outlet 21.
  2489  3.3190e-06  1.2382e-08  1.3789e-08  2.9329e-08  0:54:21 2511

 Reversed flow on 37 faces (1.3% area) of pressure-outlet 21.
  2490  3.3130e-06  1.2100e-08  1.3428e-08  2.9794e-08  0:54:19 2510

 Reversed flow on 37 faces (1.3% area) of pressure-outlet 21.
  2491  3.2690e-06  1.1804e-08  1.3576e-08  2.9625e-08  0:54:18 2509

 Reversed flow on 37 faces (1.3% area) of pressure-outlet 21.
  2492  3.1798e-06  1.1422e-08  1.3842e-08  2.8920e-08  0:54:16 2508

 Reversed flow on 37 faces (1.3% area) of pressure-outlet 21.
  2493  3.0532e-06  1.1096e-08  1.4048e-08  2.8818e-08  0:54:20 2507

 Reversed flow on 37 faces (1.3% area) of pressure-outlet 21.
  2494  2.9190e-06  1.0863e-08  1.4170e-08  2.8509e-08  0:54:18 2506

 Reversed flow on 37 faces (1.3% area) of pressure-outlet 21.
  2495  2.8372e-06  1.0928e-08  1.4205e-08  2.8492e-08  0:54:16 2505

 Reversed flow on 37 faces (1.3% area) of pressure-outlet 21.
  2496  2.8161e-06  1.1124e-08  1.4129e-08  2.8840e-08  0:54:14 2504

 Reversed flow on 37 faces (1.3% area) of pressure-outlet 21.
  2497  2.8596e-06  1.1211e-08  1.4014e-08  2.9344e-08  0:54:11 2503

 Reversed flow on 37 faces (1.3% area) of pressure-outlet 21.

  iter  continuity  x-velocity  y-velocity  z-velocity     time/iter
  2498  2.9628e-06  1.1180e-08  1.3645e-08  2.9424e-08  0:54:09 2502

 Reversed flow on 37 faces (1.3% area) of pressure-outlet 21.
  2499  3.0836e-06  1.1144e-08  1.3130e-08  2.9398e-08  0:54:07 2501

 Reversed flow on 37 faces (1.3% area) of pressure-outlet 21.
  2500  3.1732e-06  1.1110e-08  1.2800e-08  2.9255e-08  0:54:08 2500

 Reversed flow on 37 faces (1.3% area) of pressure-outlet 21.
  2501  3.2331e-06  1.1058e-08  1.3108e-08  2.9041e-08  0:54:07 2499

 Reversed flow on 37 faces (1.3% area) of pressure-outlet 21.
  2502  3.2538e-06  1.0944e-08  1.3805e-08  2.8432e-08  0:54:07 2498

 Reversed flow on 37 faces (1.3% area) of pressure-outlet 21.
  2503  3.2622e-06  1.1040e-08  1.4525e-08  2.7702e-08  0:54:06 2497

 Reversed flow on 37 faces (1.3% area) of pressure-outlet 21.
  2504  3.2892e-06  1.0990e-08  1.5012e-08  2.7301e-08  0:54:03 2496

 Reversed flow on 37 faces (1.3% area) of pressure-outlet 21.
  2505  3.3000e-06  1.1059e-08  1.5363e-08  2.7908e-08  0:54:02 2495

 Reversed flow on 37 faces (1.3% area) of pressure-outlet 21.
  2506  3.2662e-06  1.1422e-08  1.5493e-08  2.8348e-08  0:54:01 2494

 Reversed flow on 37 faces (1.3% area) of pressure-outlet 21.
  2507  3.2100e-06  1.1739e-08  1.5453e-08  2.9360e-08  0:54:00 2493

 Reversed flow on 37 faces (1.3% area) of pressure-outlet 21.
  2508  3.1293e-06  1.1861e-08  1.4984e-08  3.0250e-08  0:53:57 2492

 Reversed flow on 37 faces (1.3% area) of pressure-outlet 21.

  iter  continuity  x-velocity  y-velocity  z-velocity     time/iter
  2509  3.0466e-06  1.1934e-08  1.4207e-08  3.0391e-08  0:53:54 2491

 Reversed flow on 37 faces (1.3% area) of pressure-outlet 21.
  2510  2.9831e-06  1.1967e-08  1.3421e-08  3.0015e-08  0:53:53 2490

 Reversed flow on 37 faces (1.3% area) of pressure-outlet 21.
  2511  2.9454e-06  1.1838e-08  1.3068e-08  2.9126e-08  0:53:54 2489

 Reversed flow on 37 faces (1.3% area) of pressure-outlet 21.
  2512  2.9002e-06  1.1518e-08  1.3204e-08  2.8035e-08  0:53:50 2488

 Reversed flow on 37 faces (1.3% area) of pressure-outlet 21.
  2513  2.8670e-06  1.1152e-08  1.3205e-08  2.6779e-08  0:53:50 2487

 Reversed flow on 37 faces (1.3% area) of pressure-outlet 21.
  2514  2.8742e-06  1.0915e-08  1.3396e-08  2.5868e-08  0:53:47 2486

 Reversed flow on 37 faces (1.3% area) of pressure-outlet 21.
  2515  2.8641e-06  1.0724e-08  1.3680e-08  2.5234e-08  0:53:46 2485

 Reversed flow on 37 faces (1.3% area) of pressure-outlet 21.
  2516  2.8722e-06  1.0850e-08  1.4035e-08  2.5341e-08  0:53:45 2484

 Reversed flow on 37 faces (1.3% area) of pressure-outlet 21.
  2517  2.9243e-06  1.1068e-08  1.4199e-08  2.6055e-08  0:53:46 2483

 Reversed flow on 37 faces (1.3% area) of pressure-outlet 21.
  2518  2.9912e-06  1.1225e-08  1.4160e-08  2.6358e-08  0:53:42 2482

 Reversed flow on 37 faces (1.3% area) of pressure-outlet 21.
  2519  3.0462e-06  1.1223e-08  1.3854e-08  2.6717e-08  0:53:40 2481

 Reversed flow on 37 faces (1.3% area) of pressure-outlet 21.

  iter  continuity  x-velocity  y-velocity  z-velocity     time/iter
  2520  3.0567e-06  1.1110e-08  1.3275e-08  2.7030e-08  0:53:38 2480

 Reversed flow on 37 faces (1.3% area) of pressure-outlet 21.
  2521  3.0216e-06  1.0941e-08  1.2688e-08  2.6959e-08  0:53:38 2479

 Reversed flow on 37 faces (1.3% area) of pressure-outlet 21.
  2522  2.9333e-06  1.0671e-08  1.2755e-08  2.6344e-08  0:53:36 2478

 Reversed flow on 37 faces (1.3% area) of pressure-outlet 21.
  2523  2.8013e-06  1.0349e-08  1.3053e-08  2.5993e-08  0:53:35 2477

 Reversed flow on 37 faces (1.3% area) of pressure-outlet 21.
  2524  2.6514e-06  1.0221e-08  1.3338e-08  2.5691e-08  0:53:36 2476

 Reversed flow on 37 faces (1.3% area) of pressure-outlet 21.
  2525  2.5519e-06  1.0112e-08  1.3493e-08  2.5143e-08  0:53:35 2475

 Reversed flow on 37 faces (1.3% area) of pressure-outlet 21.
  2526  2.5392e-06  1.0058e-08  1.3579e-08  2.5468e-08  0:53:38 2474

 Reversed flow on 37 faces (1.3% area) of pressure-outlet 21.
  2527  2.5893e-06  1.0319e-08  1.3738e-08  2.5904e-08  0:53:35 2473

 Reversed flow on 37 faces (1.3% area) of pressure-outlet 21.
  2528  2.7119e-06  1.0558e-08  1.3752e-08  2.6693e-08  0:53:32 2472

 Reversed flow on 37 faces (1.3% area) of pressure-outlet 21.
  2529  2.8668e-06  1.0743e-08  1.3571e-08  2.7333e-08  0:53:31 2471

 Reversed flow on 37 faces (1.3% area) of pressure-outlet 21.
  2530  3.0288e-06  1.0906e-08  1.3357e-08  2.7872e-08  0:53:30 2470

 Reversed flow on 37 faces (1.3% area) of pressure-outlet 21.

  iter  continuity  x-velocity  y-velocity  z-velocity     time/iter
  2531  3.1600e-06  1.1057e-08  1.3153e-08  2.8440e-08  0:53:28 2469

 Reversed flow on 37 faces (1.3% area) of pressure-outlet 21.
  2532  3.2556e-06  1.1152e-08  1.3372e-08  2.8621e-08  0:53:25 2468

 Reversed flow on 37 faces (1.3% area) of pressure-outlet 21.
  2533  3.3300e-06  1.1322e-08  1.4062e-08  2.8378e-08  0:53:24 2467

 Reversed flow on 37 faces (1.3% area) of pressure-outlet 21.
  2534  3.3910e-06  1.1319e-08  1.4651e-08  2.8642e-08  0:53:35 2466

 Reversed flow on 37 faces (1.3% area) of pressure-outlet 21.
  2535  3.4124e-06  1.1476e-08  1.5301e-08  2.8892e-08  0:53:31 2465

 Reversed flow on 37 faces (1.3% area) of pressure-outlet 21.
  2536  3.3737e-06  1.1788e-08  1.5820e-08  2.8513e-08  0:53:29 2464

 Reversed flow on 37 faces (1.3% area) of pressure-outlet 21.
  2537  3.2797e-06  1.2217e-08  1.6174e-08  2.8834e-08  0:53:26 2463

 Reversed flow on 37 faces (1.3% area) of pressure-outlet 21.
  2538  3.1753e-06  1.2504e-08  1.6012e-08  2.9516e-08  0:54:29 2462

 Reversed flow on 37 faces (1.3% area) of pressure-outlet 21.
  2539  3.0746e-06  1.2606e-08  1.5416e-08  3.0281e-08  0:54:13 2461

 Reversed flow on 37 faces (1.3% area) of pressure-outlet 21.
  2540  3.0725e-06  1.2621e-08  1.4638e-08  3.0688e-08  0:54:03 2460

 Reversed flow on 37 faces (1.3% area) of pressure-outlet 21.
  2541  3.0502e-06  1.2569e-08  1.3903e-08  3.0602e-08  0:53:53 2459

 Reversed flow on 37 faces (1.3% area) of pressure-outlet 21.

  iter  continuity  x-velocity  y-velocity  z-velocity     time/iter
  2542  3.0344e-06  1.2334e-08  1.3219e-08  3.0158e-08  0:53:42 2458

 Reversed flow on 37 faces (1.3% area) of pressure-outlet 21.
  2543  3.0281e-06  1.2057e-08  1.3036e-08  2.9425e-08  0:53:35 2457

 Reversed flow on 37 faces (1.3% area) of pressure-outlet 21.
  2544  3.0460e-06  1.1795e-08  1.3277e-08  2.8501e-08  0:53:29 2456

 Reversed flow on 37 faces (1.3% area) of pressure-outlet 21.
  2545  3.0219e-06  1.1541e-08  1.3712e-08  2.7884e-08  0:53:22 2455

 Reversed flow on 37 faces (1.3% area) of pressure-outlet 21.
  2546  3.0340e-06  1.1315e-08  1.4184e-08  2.7430e-08  0:53:17 2454

 Reversed flow on 37 faces (1.3% area) of pressure-outlet 21.
  2547  3.1010e-06  1.1221e-08  1.4584e-08  2.8097e-08  0:53:23 2453

 Reversed flow on 37 faces (1.3% area) of pressure-outlet 21.
  2548  3.1943e-06  1.1511e-08  1.4918e-08  2.8071e-08  0:53:20 2452

 Reversed flow on 37 faces (1.3% area) of pressure-outlet 21.
  2549  3.2752e-06  1.1752e-08  1.5037e-08  2.8886e-08  0:53:19 2451

 Reversed flow on 37 faces (1.3% area) of pressure-outlet 21.
  2550  3.3249e-06  1.1809e-08  1.4807e-08  2.9520e-08  0:53:17 2450

 Reversed flow on 37 faces (1.3% area) of pressure-outlet 21.
  2551  3.3394e-06  1.1720e-08  1.4306e-08  2.9819e-08  0:53:12 2449

 Reversed flow on 37 faces (1.3% area) of pressure-outlet 21.
  2552  3.2842e-06  1.1514e-08  1.3769e-08  2.9643e-08  0:53:08 2448

 Reversed flow on 37 faces (1.3% area) of pressure-outlet 21.

  iter  continuity  x-velocity  y-velocity  z-velocity     time/iter
  2553  3.1705e-06  1.1218e-08  1.3548e-08  2.9718e-08  0:53:09 2447

 Reversed flow on 37 faces (1.3% area) of pressure-outlet 21.
  2554  3.0328e-06  1.0926e-08  1.3648e-08  2.9279e-08  0:53:05 2446

 Reversed flow on 37 faces (1.3% area) of pressure-outlet 21.
  2555  2.9208e-06  1.0684e-08  1.3726e-08  2.8823e-08  0:53:03 2445

 Reversed flow on 37 faces (1.3% area) of pressure-outlet 21.
  2556  2.8749e-06  1.0575e-08  1.3896e-08  2.8494e-08  0:53:01 2444

 Reversed flow on 37 faces (1.3% area) of pressure-outlet 21.
  2557  2.8893e-06  1.0620e-08  1.4252e-08  2.8109e-08  0:53:00 2443

 Reversed flow on 37 faces (1.3% area) of pressure-outlet 21.
  2558  2.9586e-06  1.0888e-08  1.4516e-08  2.8219e-08  0:52:56 2442

 Reversed flow on 37 faces (1.3% area) of pressure-outlet 21.
  2559  3.0905e-06  1.1270e-08  1.4616e-08  2.8656e-08  0:52:55 2441

 Reversed flow on 37 faces (1.3% area) of pressure-outlet 21.
  2560  3.2170e-06  1.1657e-08  1.4635e-08  2.9172e-08  0:52:53 2440

 Reversed flow on 37 faces (1.3% area) of pressure-outlet 21.
  2561  3.3224e-06  1.2069e-08  1.4487e-08  2.9287e-08  0:52:50 2439

 Reversed flow on 37 faces (1.3% area) of pressure-outlet 21.
  2562  3.3409e-06  1.2371e-08  1.4232e-08  2.8998e-08  0:52:50 2438

 Reversed flow on 37 faces (1.3% area) of pressure-outlet 21.
  2563  3.3764e-06  1.2510e-08  1.4001e-08  2.8646e-08  0:52:49 2437

 Reversed flow on 37 faces (1.3% area) of pressure-outlet 21.

  iter  continuity  x-velocity  y-velocity  z-velocity     time/iter
  2564  3.3791e-06  1.2282e-08  1.4205e-08  2.8810e-08  0:52:47 2436

 Reversed flow on 37 faces (1.3% area) of pressure-outlet 21.
  2565  3.3243e-06  1.2038e-08  1.4587e-08  2.8555e-08  0:52:44 2435

 Reversed flow on 37 faces (1.3% area) of pressure-outlet 21.
  2566  3.1974e-06  1.1842e-08  1.4939e-08  2.7675e-08  0:52:42 2434

 Reversed flow on 37 faces (1.3% area) of pressure-outlet 21.
  2567  3.0403e-06  1.1549e-08  1.5120e-08  2.7081e-08  0:52:41 2433

 Reversed flow on 37 faces (1.3% area) of pressure-outlet 21.
  2568  2.8705e-06  1.1273e-08  1.4928e-08  2.7255e-08  0:52:38 2432

 Reversed flow on 37 faces (1.3% area) of pressure-outlet 21.
  2569  2.7421e-06  1.1282e-08  1.4449e-08  2.7280e-08  0:52:37 2431

 Reversed flow on 37 faces (1.3% area) of pressure-outlet 21.
  2570  2.7127e-06  1.1305e-08  1.3896e-08  2.7554e-08  0:52:36 2430

 Reversed flow on 37 faces (1.3% area) of pressure-outlet 21.
  2571  2.6949e-06  1.1198e-08  1.3316e-08  2.7199e-08  0:52:35 2429

 Reversed flow on 37 faces (1.3% area) of pressure-outlet 21.
  2572  2.6881e-06  1.0936e-08  1.2522e-08  2.6586e-08  0:52:33 2428

 Reversed flow on 37 faces (1.3% area) of pressure-outlet 21.
  2573  2.6853e-06  1.0665e-08  1.1627e-08  2.5902e-08  0:52:30 2427

 Reversed flow on 37 faces (1.3% area) of pressure-outlet 21.
  2574  2.7039e-06  1.0407e-08  1.1485e-08  2.5115e-08  0:52:27 2426

 Reversed flow on 37 faces (1.3% area) of pressure-outlet 21.

  iter  continuity  x-velocity  y-velocity  z-velocity     time/iter
  2575  2.6899e-06  1.0014e-08  1.1859e-08  2.4601e-08  0:52:27 2425

 Reversed flow on 37 faces (1.3% area) of pressure-outlet 21.
  2576  2.6997e-06  9.7796e-09  1.2395e-08  2.4618e-08  0:52:29 2424

 Reversed flow on 37 faces (1.3% area) of pressure-outlet 21.
  2577  2.7579e-06  9.6615e-09  1.2997e-08  2.4879e-08  0:52:28 2423

 Reversed flow on 37 faces (1.3% area) of pressure-outlet 21.
  2578  2.8418e-06  9.7977e-09  1.3653e-08  2.4267e-08  0:52:28 2422

 Reversed flow on 37 faces (1.3% area) of pressure-outlet 21.
  2579  2.9021e-06  1.0116e-08  1.4161e-08  2.5051e-08  0:52:26 2421

 Reversed flow on 37 faces (1.3% area) of pressure-outlet 21.
  2580  2.9662e-06  1.0417e-08  1.4330e-08  2.6056e-08  0:52:24 2420

 Reversed flow on 37 faces (1.3% area) of pressure-outlet 21.
  2581  2.9971e-06  1.0610e-08  1.4173e-08  2.6789e-08  0:52:23 2419

 Reversed flow on 37 faces (1.3% area) of pressure-outlet 21.
  2582  3.0158e-06  1.0697e-08  1.3779e-08  2.7164e-08  0:52:20 2418

 Reversed flow on 37 faces (1.3% area) of pressure-outlet 21.
  2583  2.9762e-06  1.0745e-08  1.3179e-08  2.8018e-08  0:52:19 2417

 Reversed flow on 37 faces (1.3% area) of pressure-outlet 21.
  2584  2.9276e-06  1.0784e-08  1.2720e-08  2.8403e-08  0:52:15 2416

 Reversed flow on 37 faces (1.3% area) of pressure-outlet 21.
  2585  2.8803e-06  1.0782e-08  1.2921e-08  2.8415e-08  0:52:13 2415

 Reversed flow on 37 faces (1.3% area) of pressure-outlet 21.

  iter  continuity  x-velocity  y-velocity  z-velocity     time/iter
  2586  2.8711e-06  1.0810e-08  1.3341e-08  2.8273e-08  0:52:12 2414

 Reversed flow on 37 faces (1.3% area) of pressure-outlet 21.
  2587  2.8964e-06  1.0942e-08  1.3996e-08  2.7701e-08  0:52:10 2413

 Reversed flow on 37 faces (1.3% area) of pressure-outlet 21.
  2588  2.9815e-06  1.1061e-08  1.4462e-08  2.7035e-08  0:52:09 2412

 Reversed flow on 37 faces (1.3% area) of pressure-outlet 21.
  2589  3.0854e-06  1.1350e-08  1.4764e-08  2.7092e-08  0:52:09 2411

 Reversed flow on 37 faces (1.3% area) of pressure-outlet 21.
  2590  3.1972e-06  1.1875e-08  1.4979e-08  2.7432e-08  0:52:08 2410

 Reversed flow on 37 faces (1.3% area) of pressure-outlet 21.
  2591  3.2794e-06  1.2273e-08  1.4976e-08  2.8421e-08  0:52:06 2409

 Reversed flow on 37 faces (1.3% area) of pressure-outlet 21.
  2592  3.3383e-06  1.2447e-08  1.4729e-08  2.9040e-08  0:52:05 2408

 Reversed flow on 37 faces (1.3% area) of pressure-outlet 21.
  2593  3.3843e-06  1.2503e-08  1.4268e-08  2.9470e-08  0:52:07 2407

 Reversed flow on 37 faces (1.3% area) of pressure-outlet 21.
  2594  3.4046e-06  1.2263e-08  1.3673e-08  3.0343e-08  0:52:10 2406

 Reversed flow on 37 faces (1.3% area) of pressure-outlet 21.
  2595  3.3710e-06  1.2057e-08  1.3670e-08  3.0578e-08  0:52:10 2405

 Reversed flow on 37 faces (1.3% area) of pressure-outlet 21.
  2596  3.2716e-06  1.1740e-08  1.3923e-08  3.0072e-08  0:52:06 2404

 Reversed flow on 37 faces (1.3% area) of pressure-outlet 21.

  iter  continuity  x-velocity  y-velocity  z-velocity     time/iter
  2597  3.1194e-06  1.1424e-08  1.4200e-08  2.9891e-08  0:52:05 2403

 Reversed flow on 37 faces (1.3% area) of pressure-outlet 21.
  2598  2.9643e-06  1.1070e-08  1.4301e-08  2.9582e-08  0:52:04 2402

 Reversed flow on 37 faces (1.3% area) of pressure-outlet 21.
  2599  2.8658e-06  1.0989e-08  1.4329e-08  2.9147e-08  0:52:00 2401

 Reversed flow on 37 faces (1.3% area) of pressure-outlet 21.
  2600  2.8681e-06  1.1194e-08  1.4395e-08  2.9237e-08  0:51:58 2400

 Reversed flow on 37 faces (1.3% area) of pressure-outlet 21.
  2601  2.9041e-06  1.1399e-08  1.4427e-08  2.9219e-08  0:51:57 2399

 Reversed flow on 37 faces (1.3% area) of pressure-outlet 21.
  2602  2.9501e-06  1.1457e-08  1.4115e-08  2.9022e-08  0:51:55 2398

 Reversed flow on 37 faces (1.3% area) of pressure-outlet 21.
  2603  3.0314e-06  1.1454e-08  1.3463e-08  2.8942e-08  0:51:55 2397

 Reversed flow on 37 faces (1.3% area) of pressure-outlet 21.
  2604  3.1106e-06  1.1438e-08  1.2911e-08  2.8860e-08  0:51:53 2396

 Reversed flow on 37 faces (1.3% area) of pressure-outlet 21.
  2605  3.1450e-06  1.1253e-08  1.2780e-08  2.8996e-08  0:51:52 2395

 Reversed flow on 37 faces (1.3% area) of pressure-outlet 21.
  2606  3.1727e-06  1.1067e-08  1.3349e-08  2.9004e-08  0:51:51 2394

 Reversed flow on 37 faces (1.3% area) of pressure-outlet 21.
  2607  3.2280e-06  1.0943e-08  1.4013e-08  2.9172e-08  0:51:49 2393

 Reversed flow on 37 faces (1.3% area) of pressure-outlet 21.

  iter  continuity  x-velocity  y-velocity  z-velocity     time/iter
  2608  3.2658e-06  1.1013e-08  1.4794e-08  2.8068e-08  0:51:48 2392

 Reversed flow on 37 faces (1.3% area) of pressure-outlet 21.
  2609  3.3051e-06  1.1067e-08  1.5369e-08  2.8264e-08  0:51:48 2391

 Reversed flow on 37 faces (1.3% area) of pressure-outlet 21.
  2610  3.3172e-06  1.1291e-08  1.5666e-08  2.8799e-08  0:51:45 2390

 Reversed flow on 37 faces (1.3% area) of pressure-outlet 21.
  2611  3.3350e-06  1.1732e-08  1.5713e-08  2.9246e-08  0:51:44 2389

 Reversed flow on 37 faces (1.3% area) of pressure-outlet 21.
  2612  3.3137e-06  1.2074e-08  1.5538e-08  2.9648e-08  0:51:41 2388

 Reversed flow on 37 faces (1.3% area) of pressure-outlet 21.
  2613  3.2333e-06  1.2326e-08  1.5039e-08  3.0042e-08  0:54:27 2387

 Reversed flow on 37 faces (1.3% area) of pressure-outlet 21.
  2614  3.1033e-06  1.2454e-08  1.4327e-08  2.9822e-08  0:53:53 2386

 Reversed flow on 37 faces (1.3% area) of pressure-outlet 21.
  2615  3.0063e-06  1.2376e-08  1.3571e-08  2.9612e-08  0:53:27 2385

 Reversed flow on 37 faces (1.3% area) of pressure-outlet 21.
  2616  2.9445e-06  1.2145e-08  1.3433e-08  2.9207e-08  0:53:02 2384

 Reversed flow on 37 faces (1.3% area) of pressure-outlet 21.
  2617  2.9187e-06  1.1734e-08  1.3688e-08  2.8463e-08  0:52:45 2383

 Reversed flow on 37 faces (1.3% area) of pressure-outlet 21.
  2618  2.9342e-06  1.1366e-08  1.3923e-08  2.7643e-08  0:52:29 2382

 Reversed flow on 37 faces (1.3% area) of pressure-outlet 21.

  iter  continuity  x-velocity  y-velocity  z-velocity     time/iter
  2619  2.9766e-06  1.1166e-08  1.4217e-08  2.6766e-08  0:52:17 2381

 Reversed flow on 37 faces (1.3% area) of pressure-outlet 21.
  2620  3.0262e-06  1.1248e-08  1.4623e-08  2.6184e-08  0:52:17 2380

 Reversed flow on 37 faces (1.3% area) of pressure-outlet 21.
  2621  3.0638e-06  1.1528e-08  1.4916e-08  2.6388e-08  0:52:07 2379

 Reversed flow on 37 faces (1.3% area) of pressure-outlet 21.
  2622  3.1099e-06  1.1724e-08  1.4989e-08  2.6860e-08  0:51:58 2378

 Reversed flow on 37 faces (1.3% area) of pressure-outlet 21.
  2623  3.1656e-06  1.1797e-08  1.4746e-08  2.7026e-08  0:51:49 2377

 Reversed flow on 37 faces (1.3% area) of pressure-outlet 21.
  2624  3.2090e-06  1.1637e-08  1.4111e-08  2.7873e-08  0:51:45 2376

 Reversed flow on 37 faces (1.3% area) of pressure-outlet 21.
  2625  3.1860e-06  1.1479e-08  1.3476e-08  2.8282e-08  0:51:41 2375

 Reversed flow on 37 faces (1.3% area) of pressure-outlet 21.
  2626  3.0958e-06  1.1223e-08  1.3234e-08  2.8031e-08  0:51:38 2374

 Reversed flow on 37 faces (1.3% area) of pressure-outlet 21.
  2627  2.9360e-06  1.0826e-08  1.3486e-08  2.7844e-08  0:51:34 2373

 Reversed flow on 37 faces (1.3% area) of pressure-outlet 21.
  2628  2.7646e-06  1.0414e-08  1.3599e-08  2.7701e-08  0:51:32 2372

 Reversed flow on 37 faces (1.3% area) of pressure-outlet 21.
  2629  2.6283e-06  1.0145e-08  1.3665e-08  2.6848e-08  0:51:32 2371

 Reversed flow on 37 faces (1.3% area) of pressure-outlet 21.

  iter  continuity  x-velocity  y-velocity  z-velocity     time/iter
  2630  2.6208e-06  9.9472e-09  1.3703e-08  2.6494e-08  0:51:29 2370

 Reversed flow on 37 faces (1.3% area) of pressure-outlet 21.
  2631  2.6082e-06  1.0032e-08  1.3811e-08  2.6163e-08  0:51:25 2369

 Reversed flow on 37 faces (1.3% area) of pressure-outlet 21.
  2632  2.6549e-06  1.0275e-08  1.3655e-08  2.6064e-08  0:51:22 2368

 Reversed flow on 37 faces (1.3% area) of pressure-outlet 21.
  2633  2.7214e-06  1.0491e-08  1.3216e-08  2.6245e-08  0:51:20 2367

 Reversed flow on 37 faces (1.3% area) of pressure-outlet 21.
  2634  2.8410e-06  1.0653e-08  1.2760e-08  2.6447e-08  0:51:17 2366

 Reversed flow on 37 faces (1.3% area) of pressure-outlet 21.
  2635  2.9214e-06  1.0668e-08  1.2378e-08  2.6943e-08  0:51:14 2365

 Reversed flow on 37 faces (1.3% area) of pressure-outlet 21.
  2636  3.0107e-06  1.0702e-08  1.2249e-08  2.7421e-08  0:51:12 2364

 Reversed flow on 37 faces (1.3% area) of pressure-outlet 21.
  2637  3.1151e-06  1.0775e-08  1.2824e-08  2.7798e-08  0:51:10 2363

 Reversed flow on 37 faces (1.3% area) of pressure-outlet 21.
  2638  3.1971e-06  1.0861e-08  1.3640e-08  2.7043e-08  0:51:09 2362

 Reversed flow on 37 faces (1.3% area) of pressure-outlet 21.
  2639  3.2511e-06  1.1010e-08  1.4416e-08  2.7352e-08  0:51:07 2361

 Reversed flow on 37 faces (1.3% area) of pressure-outlet 21.
  2640  3.2724e-06  1.1211e-08  1.5024e-08  2.7172e-08  0:51:09 2360

 Reversed flow on 37 faces (1.3% area) of pressure-outlet 21.

  iter  continuity  x-velocity  y-velocity  z-velocity     time/iter
  2641  3.2658e-06  1.1588e-08  1.5438e-08  2.6994e-08  0:51:05 2359

 Reversed flow on 37 faces (1.3% area) of pressure-outlet 21.
  2642  3.2158e-06  1.1972e-08  1.5582e-08  2.7322e-08  0:51:04 2358

 Reversed flow on 37 faces (1.3% area) of pressure-outlet 21.
  2643  3.1313e-06  1.2172e-08  1.5298e-08  2.8646e-08  0:51:01 2357

 Reversed flow on 37 faces (1.3% area) of pressure-outlet 21.
  2644  3.0519e-06  1.2226e-08  1.4643e-08  2.9451e-08  0:50:59 2356

 Reversed flow on 37 faces (1.3% area) of pressure-outlet 21.
  2645  2.9845e-06  1.2152e-08  1.3689e-08  3.0171e-08  0:50:58 2355

 Reversed flow on 37 faces (1.3% area) of pressure-outlet 21.
  2646  2.9545e-06  1.1970e-08  1.2835e-08  3.0590e-08  0:50:59 2354

 Reversed flow on 37 faces (1.3% area) of pressure-outlet 21.
  2647  2.9665e-06  1.1671e-08  1.2673e-08  3.0513e-08  0:50:55 2353

 Reversed flow on 37 faces (1.3% area) of pressure-outlet 21.
  2648  2.9943e-06  1.1290e-08  1.2947e-08  2.9832e-08  0:50:55 2352

 Reversed flow on 37 faces (1.3% area) of pressure-outlet 21.
  2649  3.0286e-06  1.1110e-08  1.3369e-08  2.8953e-08  0:50:55 2351

 Reversed flow on 37 faces (1.3% area) of pressure-outlet 21.
  2650  3.0714e-06  1.0999e-08  1.3940e-08  2.7889e-08  0:50:54 2350

 Reversed flow on 37 faces (1.3% area) of pressure-outlet 21.
  2651  3.1314e-06  1.0988e-08  1.4431e-08  2.7775e-08  0:50:52 2349

 Reversed flow on 37 faces (1.3% area) of pressure-outlet 21.

  iter  continuity  x-velocity  y-velocity  z-velocity     time/iter
  2652  3.1830e-06  1.1240e-08  1.4833e-08  2.7761e-08  0:50:52 2348

 Reversed flow on 37 faces (1.3% area) of pressure-outlet 21.
  2653  3.2733e-06  1.1625e-08  1.4987e-08  2.7962e-08  0:50:49 2347

 Reversed flow on 37 faces (1.3% area) of pressure-outlet 21.
  2654  3.3295e-06  1.1723e-08  1.4764e-08  2.8952e-08  0:50:48 2346

 Reversed flow on 37 faces (1.3% area) of pressure-outlet 21.
  2655  3.3551e-06  1.1729e-08  1.4343e-08  2.9634e-08  0:50:46 2345

 Reversed flow on 37 faces (1.3% area) of pressure-outlet 21.
  2656  3.2964e-06  1.1574e-08  1.3791e-08  2.9754e-08  0:50:44 2344

 Reversed flow on 37 faces (1.3% area) of pressure-outlet 21.
  2657  3.1655e-06  1.1273e-08  1.3368e-08  3.0053e-08  0:50:43 2343

 Reversed flow on 37 faces (1.3% area) of pressure-outlet 21.
  2658  3.0026e-06  1.0870e-08  1.3359e-08  2.9761e-08  0:50:43 2342

 Reversed flow on 37 faces (1.3% area) of pressure-outlet 21.
  2659  2.8872e-06  1.0503e-08  1.3372e-08  2.9233e-08  0:50:41 2341

 Reversed flow on 37 faces (1.3% area) of pressure-outlet 21.
  2660  2.8703e-06  1.0331e-08  1.3595e-08  2.8858e-08  0:50:39 2340

 Reversed flow on 37 faces (1.3% area) of pressure-outlet 21.
  2661  2.8567e-06  1.0328e-08  1.3999e-08  2.8039e-08  0:50:37 2339

 Reversed flow on 37 faces (1.3% area) of pressure-outlet 21.
  2662  2.8823e-06  1.0570e-08  1.4238e-08  2.7543e-08  0:50:36 2338

 Reversed flow on 37 faces (1.3% area) of pressure-outlet 21.

  iter  continuity  x-velocity  y-velocity  z-velocity     time/iter
  2663  2.9577e-06  1.0980e-08  1.4223e-08  2.7684e-08  0:50:33 2337

 Reversed flow on 37 faces (1.3% area) of pressure-outlet 21.
  2664  3.0658e-06  1.1381e-08  1.4152e-08  2.8173e-08  0:50:32 2336

 Reversed flow on 37 faces (1.3% area) of pressure-outlet 21.
  2665  3.1319e-06  1.1688e-08  1.3998e-08  2.8522e-08  0:50:30 2335

 Reversed flow on 37 faces (1.3% area) of pressure-outlet 21.
  2666  3.1711e-06  1.1932e-08  1.3708e-08  2.8799e-08  0:50:29 2334

 Reversed flow on 37 faces (1.3% area) of pressure-outlet 21.
  2667  3.2455e-06  1.2004e-08  1.3405e-08  2.9346e-08  0:50:29 2333

 Reversed flow on 37 faces (1.3% area) of pressure-outlet 21.
  2668  3.2845e-06  1.1970e-08  1.3690e-08  2.8639e-08  0:50:28 2332

 Reversed flow on 37 faces (1.3% area) of pressure-outlet 21.
  2669  3.2695e-06  1.1744e-08  1.4245e-08  2.8541e-08  0:50:28 2331

 Reversed flow on 37 faces (1.3% area) of pressure-outlet 21.
  2670  3.2098e-06  1.1577e-08  1.4711e-08  2.7906e-08  0:50:26 2330

 Reversed flow on 37 faces (1.3% area) of pressure-outlet 21.
  2671  3.1323e-06  1.1436e-08  1.5046e-08  2.6698e-08  0:50:25 2329

 Reversed flow on 37 faces (1.3% area) of pressure-outlet 21.
  2672  3.0314e-06  1.1293e-08  1.5180e-08  2.6274e-08  0:50:24 2328

 Reversed flow on 37 faces (1.3% area) of pressure-outlet 21.
  2673  2.8946e-06  1.1436e-08  1.5042e-08  2.6504e-08  0:50:23 2327

 Reversed flow on 37 faces (1.3% area) of pressure-outlet 21.

  iter  continuity  x-velocity  y-velocity  z-velocity     time/iter
  2674  2.8036e-06  1.1621e-08  1.4669e-08  2.6983e-08  0:50:22 2326

 Reversed flow on 37 faces (1.3% area) of pressure-outlet 21.
  2675  2.7323e-06  1.1643e-08  1.4034e-08  2.7362e-08  0:50:20 2325

 Reversed flow on 37 faces (1.3% area) of pressure-outlet 21.
  2676  2.7281e-06  1.1529e-08  1.3319e-08  2.7609e-08  0:50:18 2324

 Reversed flow on 37 faces (1.3% area) of pressure-outlet 21.
  2677  2.7586e-06  1.1272e-08  1.2681e-08  2.7638e-08  0:50:18 2323

 Reversed flow on 37 faces (1.3% area) of pressure-outlet 21.
  2678  2.8110e-06  1.0944e-08  1.2364e-08  2.7278e-08  0:50:16 2322

 Reversed flow on 37 faces (1.3% area) of pressure-outlet 21.
  2679  2.8639e-06  1.0679e-08  1.2704e-08  2.6588e-08  0:50:15 2321

 Reversed flow on 37 faces (1.3% area) of pressure-outlet 21.
  2680  2.9139e-06  1.0459e-08  1.3255e-08  2.6256e-08  0:50:17 2320

 Reversed flow on 37 faces (1.3% area) of pressure-outlet 21.
  2681  2.9646e-06  1.0348e-08  1.3888e-08  2.6261e-08  0:50:32 2319

 Reversed flow on 37 faces (1.3% area) of pressure-outlet 21.
  2682  3.0197e-06  1.0363e-08  1.4551e-08  2.6000e-08  0:50:26 2318

 Reversed flow on 37 faces (1.3% area) of pressure-outlet 21.
  2683  3.0972e-06  1.0679e-08  1.5083e-08  2.6156e-08  0:50:21 2317

 Reversed flow on 37 faces (1.3% area) of pressure-outlet 21.
  2684  3.1725e-06  1.0975e-08  1.5284e-08  2.7497e-08  0:50:17 2316

 Reversed flow on 37 faces (1.3% area) of pressure-outlet 21.

  iter  continuity  x-velocity  y-velocity  z-velocity     time/iter
  2685  3.2120e-06  1.1254e-08  1.5251e-08  2.8661e-08  0:50:14 2315

 Reversed flow on 37 faces (1.3% area) of pressure-outlet 21.
  2686  3.2210e-06  1.1430e-08  1.4930e-08  2.9259e-08  0:50:14 2314

 Reversed flow on 37 faces (1.3% area) of pressure-outlet 21.
  2687  3.1685e-06  1.1493e-08  1.4367e-08  3.0082e-08  0:50:11 2313

 Reversed flow on 37 faces (1.3% area) of pressure-outlet 21.
  2688  3.0814e-06  1.1418e-08  1.3667e-08  3.0429e-08  0:50:07 2312

 Reversed flow on 37 faces (1.3% area) of pressure-outlet 21.
  2689  3.0197e-06  1.1364e-08  1.3505e-08  3.0326e-08  0:50:07 2311

 Reversed flow on 37 faces (1.3% area) of pressure-outlet 21.
  2690  3.0132e-06  1.1290e-08  1.3842e-08  2.9669e-08  0:50:04 2310

 Reversed flow on 37 faces (1.3% area) of pressure-outlet 21.
  2691  2.9805e-06  1.1402e-08  1.4380e-08  2.8464e-08  0:50:03 2309

 Reversed flow on 37 faces (1.3% area) of pressure-outlet 21.
  2692  2.9780e-06  1.1487e-08  1.4678e-08  2.6863e-08  0:50:01 2308

 Reversed flow on 37 faces (1.3% area) of pressure-outlet 21.
  2693  3.0105e-06  1.1606e-08  1.4689e-08  2.6331e-08  0:49:57 2307

 Reversed flow on 37 faces (1.3% area) of pressure-outlet 21.
  2694  3.0561e-06  1.2029e-08  1.4664e-08  2.6173e-08  0:49:54 2306

 Reversed flow on 37 faces (1.3% area) of pressure-outlet 21.
  2695  3.0961e-06  1.2306e-08  1.4579e-08  2.7212e-08  0:49:56 2305

 Reversed flow on 37 faces (1.3% area) of pressure-outlet 21.

  iter  continuity  x-velocity  y-velocity  z-velocity     time/iter
  2696  3.1470e-06  1.2415e-08  1.4315e-08  2.8243e-08  0:49:56 2304

 Reversed flow on 37 faces (1.3% area) of pressure-outlet 21.
  2697  3.2336e-06  1.2386e-08  1.3886e-08  2.9441e-08  0:49:55 2303

 Reversed flow on 37 faces (1.3% area) of pressure-outlet 21.
  2698  3.2891e-06  1.2270e-08  1.3470e-08  2.9319e-08  0:49:53 2302

 Reversed flow on 37 faces (1.3% area) of pressure-outlet 21.
  2699  3.3041e-06  1.2025e-08  1.3355e-08  2.9851e-08  0:49:52 2301

 Reversed flow on 37 faces (1.3% area) of pressure-outlet 21.
  2700  3.2677e-06  1.1677e-08  1.3622e-08  2.9634e-08  0:49:50 2300

 Reversed flow on 37 faces (1.3% area) of pressure-outlet 21.
  2701  3.1951e-06  1.1330e-08  1.3900e-08  2.8982e-08  0:49:48 2299

 Reversed flow on 37 faces (1.3% area) of pressure-outlet 21.
  2702  3.0987e-06  1.0987e-08  1.4216e-08  2.8527e-08  0:49:46 2298

 Reversed flow on 37 faces (1.3% area) of pressure-outlet 21.
  2703  2.9851e-06  1.0809e-08  1.4431e-08  2.8386e-08  0:49:43 2297

 Reversed flow on 37 faces (1.3% area) of pressure-outlet 21.
  2704  2.9007e-06  1.0937e-08  1.4512e-08  2.8543e-08  0:49:42 2296

 Reversed flow on 37 faces (1.3% area) of pressure-outlet 21.
  2705  2.8632e-06  1.1146e-08  1.4345e-08  2.8957e-08  0:49:39 2295

 Reversed flow on 37 faces (1.3% area) of pressure-outlet 21.
  2706  2.8689e-06  1.1252e-08  1.4052e-08  2.9353e-08  0:49:40 2294

 Reversed flow on 37 faces (1.3% area) of pressure-outlet 21.

  iter  continuity  x-velocity  y-velocity  z-velocity     time/iter
  2707  2.9555e-06  1.1207e-08  1.3636e-08  2.9637e-08  0:49:38 2293

 Reversed flow on 37 faces (1.3% area) of pressure-outlet 21.
  2708  3.0466e-06  1.1111e-08  1.3086e-08  2.9605e-08  0:49:38 2292

 Reversed flow on 37 faces (1.3% area) of pressure-outlet 21.
  2709  3.1317e-06  1.1047e-08  1.2715e-08  2.9267e-08  0:49:40 2291

 Reversed flow on 37 faces (1.3% area) of pressure-outlet 21.
  2710  3.1909e-06  1.0982e-08  1.3130e-08  2.8870e-08  0:49:38 2290

 Reversed flow on 37 faces (1.3% area) of pressure-outlet 21.
  2711  3.2241e-06  1.0919e-08  1.3819e-08  2.8413e-08  0:49:36 2289

 Reversed flow on 37 faces (1.3% area) of pressure-outlet 21.
  2712  3.2425e-06  1.1013e-08  1.4590e-08  2.7775e-08  0:49:34 2288

 Reversed flow on 37 faces (1.3% area) of pressure-outlet 21.
  2713  3.2922e-06  1.1128e-08  1.5180e-08  2.7069e-08  0:49:33 2287

 Reversed flow on 37 faces (1.3% area) of pressure-outlet 21.
  2714  3.3326e-06  1.1209e-08  1.5483e-08  2.8035e-08  0:49:31 2286

 Reversed flow on 37 faces (1.3% area) of pressure-outlet 21.
  2715  3.3445e-06  1.1664e-08  1.5626e-08  2.8633e-08  0:49:29 2285

 Reversed flow on 37 faces (1.3% area) of pressure-outlet 21.
  2716  3.3225e-06  1.2085e-08  1.5559e-08  2.9376e-08  0:49:27 2284

 Reversed flow on 37 faces (1.3% area) of pressure-outlet 21.
  2717  3.2133e-06  1.2341e-08  1.5192e-08  2.9846e-08  0:49:24 2283

 Reversed flow on 37 faces (1.3% area) of pressure-outlet 21.

  iter  continuity  x-velocity  y-velocity  z-velocity     time/iter
  2718  3.0704e-06  1.2298e-08  1.4406e-08  2.9832e-08  0:49:22 2282

 Reversed flow on 37 faces (1.3% area) of pressure-outlet 21.
  2719  2.9769e-06  1.2103e-08  1.3436e-08  2.9831e-08  0:49:22 2281

 Reversed flow on 37 faces (1.3% area) of pressure-outlet 21.
  2720  2.9341e-06  1.1780e-08  1.3048e-08  2.9350e-08  0:49:21 2280

 Reversed flow on 37 faces (1.3% area) of pressure-outlet 21.
  2721  2.8575e-06  1.1358e-08  1.3210e-08  2.8145e-08  0:49:20 2279

 Reversed flow on 37 faces (1.3% area) of pressure-outlet 21.
  2722  2.8043e-06  1.0928e-08  1.3273e-08  2.6754e-08  0:49:56 2278

 Reversed flow on 37 faces (1.3% area) of pressure-outlet 21.
  2723  2.7935e-06  1.0655e-08  1.3307e-08  2.5657e-08  0:49:51 2277

 Reversed flow on 37 faces (1.3% area) of pressure-outlet 21.
  2724  2.7973e-06  1.0588e-08  1.3494e-08  2.4653e-08  0:49:42 2276

 Reversed flow on 37 faces (1.3% area) of pressure-outlet 21.
  2725  2.7916e-06  1.0724e-08  1.3742e-08  2.4794e-08  0:49:34 2275

 Reversed flow on 37 faces (1.3% area) of pressure-outlet 21.
  2726  2.8400e-06  1.0914e-08  1.3834e-08  2.5508e-08  0:49:28 2274

 Reversed flow on 37 faces (1.3% area) of pressure-outlet 21.
  2727  2.9134e-06  1.0979e-08  1.3725e-08  2.6376e-08  0:49:24 2273

 Reversed flow on 37 faces (1.3% area) of pressure-outlet 21.
  2728  2.9948e-06  1.1041e-08  1.3438e-08  2.6087e-08  0:49:21 2272

 Reversed flow on 37 faces (1.3% area) of pressure-outlet 21.

  iter  continuity  x-velocity  y-velocity  z-velocity     time/iter
  2729  3.0225e-06  1.0954e-08  1.2966e-08  2.6647e-08  0:49:17 2271

 Reversed flow on 37 faces (1.3% area) of pressure-outlet 21.
  2730  3.0040e-06  1.0772e-08  1.2533e-08  2.6645e-08  0:49:15 2270

 Reversed flow on 37 faces (1.3% area) of pressure-outlet 21.
  2731  2.9392e-06  1.0530e-08  1.2756e-08  2.6140e-08  0:49:10 2269

 Reversed flow on 37 faces (1.3% area) of pressure-outlet 21.
  2732  2.8315e-06  1.0251e-08  1.3130e-08  2.5698e-08  0:49:12 2268

 Reversed flow on 37 faces (1.3% area) of pressure-outlet 21.
  2733  2.6873e-06  1.0087e-08  1.3474e-08  2.5508e-08  0:49:11 2267

 Reversed flow on 37 faces (1.3% area) of pressure-outlet 21.
  2734  2.6066e-06  9.9536e-09  1.3647e-08  2.5120e-08  0:49:09 2266

 Reversed flow on 37 faces (1.3% area) of pressure-outlet 21.
  2735  2.5635e-06  9.9786e-09  1.3680e-08  2.5639e-08  0:49:06 2265

 Reversed flow on 37 faces (1.3% area) of pressure-outlet 21.
  2736  2.5934e-06  1.0337e-08  1.3715e-08  2.6188e-08  0:49:03 2264

 Reversed flow on 37 faces (1.3% area) of pressure-outlet 21.
  2737  2.6998e-06  1.0599e-08  1.3682e-08  2.7063e-08  0:49:00 2263

 Reversed flow on 37 faces (1.3% area) of pressure-outlet 21.
  2738  2.8524e-06  1.0764e-08  1.3436e-08  2.7686e-08  0:48:59 2262

 Reversed flow on 37 faces (1.3% area) of pressure-outlet 21.
  2739  3.0204e-06  1.0926e-08  1.3124e-08  2.8022e-08  0:48:56 2261

 Reversed flow on 37 faces (1.3% area) of pressure-outlet 21.

  iter  continuity  x-velocity  y-velocity  z-velocity     time/iter
  2740  3.1625e-06  1.1101e-08  1.2947e-08  2.8453e-08  0:48:54 2260

 Reversed flow on 37 faces (1.3% area) of pressure-outlet 21.
  2741  3.2640e-06  1.1271e-08  1.3349e-08  2.8710e-08  0:48:55 2259

 Reversed flow on 37 faces (1.3% area) of pressure-outlet 21.
  2742  3.3291e-06  1.1356e-08  1.4135e-08  2.8538e-08  0:48:53 2258

 Reversed flow on 37 faces (1.3% area) of pressure-outlet 21.
  2743  3.3932e-06  1.1527e-08  1.4864e-08  2.8263e-08  0:48:51 2257

 Reversed flow on 37 faces (1.3% area) of pressure-outlet 21.
  2744  3.4327e-06  1.1662e-08  1.5451e-08  2.8551e-08  0:48:52 2256

 Reversed flow on 37 faces (1.3% area) of pressure-outlet 21.
  2745  3.4241e-06  1.1985e-08  1.5940e-08  2.8354e-08  0:48:51 2255

 Reversed flow on 37 faces (1.3% area) of pressure-outlet 21.
  2746  3.3525e-06  1.2425e-08  1.6187e-08  2.8659e-08  0:48:49 2254

 Reversed flow on 37 faces (1.3% area) of pressure-outlet 21.
  2747  3.2482e-06  1.2679e-08  1.6033e-08  2.9808e-08  0:48:48 2253

 Reversed flow on 37 faces (1.3% area) of pressure-outlet 21.
  2748  3.1123e-06  1.2638e-08  1.5413e-08  3.0541e-08  0:48:47 2252

 Reversed flow on 37 faces (1.3% area) of pressure-outlet 21.
  2749  3.0519e-06  1.2567e-08  1.4464e-08  3.1161e-08  0:48:45 2251

 Reversed flow on 37 faces (1.3% area) of pressure-outlet 21.
  2750  3.0436e-06  1.2409e-08  1.3606e-08  3.1251e-08  0:48:44 2250

 Reversed flow on 37 faces (1.3% area) of pressure-outlet 21.

  iter  continuity  x-velocity  y-velocity  z-velocity     time/iter
  2751  3.0129e-06  1.2181e-08  1.3093e-08  3.0699e-08  0:48:41 2249

 Reversed flow on 37 faces (1.3% area) of pressure-outlet 21.
  2752  2.9843e-06  1.1826e-08  1.3128e-08  2.9634e-08  0:48:39 2248

 Reversed flow on 37 faces (1.3% area) of pressure-outlet 21.
  2753  2.9766e-06  1.1537e-08  1.3263e-08  2.8533e-08  0:48:37 2247

 Reversed flow on 37 faces (1.3% area) of pressure-outlet 21.
  2754  2.9718e-06  1.1346e-08  1.3647e-08  2.7494e-08  0:48:35 2246

 Reversed flow on 37 faces (1.3% area) of pressure-outlet 21.
  2755  2.9976e-06  1.1121e-08  1.4100e-08  2.7124e-08  0:48:34 2245

 Reversed flow on 37 faces (1.3% area) of pressure-outlet 21.
  2756  3.0623e-06  1.1116e-08  1.4502e-08  2.7751e-08  0:48:33 2244

 Reversed flow on 37 faces (1.3% area) of pressure-outlet 21.
  2757  3.1803e-06  1.1419e-08  1.4775e-08  2.8548e-08  0:48:32 2243

 Reversed flow on 37 faces (1.3% area) of pressure-outlet 21.
  2758  3.2749e-06  1.1724e-08  1.4908e-08  2.8631e-08  0:48:31 2242

 Reversed flow on 37 faces (1.3% area) of pressure-outlet 21.
  2759  3.3485e-06  1.1764e-08  1.4732e-08  2.9587e-08  0:48:28 2241

 Reversed flow on 37 faces (1.3% area) of pressure-outlet 21.
  2760  3.3724e-06  1.1661e-08  1.4279e-08  2.9935e-08  0:48:26 2240

 Reversed flow on 37 faces (1.3% area) of pressure-outlet 21.
  2761  3.3389e-06  1.1503e-08  1.3779e-08  2.9819e-08  0:49:28 2239

 Reversed flow on 37 faces (1.3% area) of pressure-outlet 21.

  iter  continuity  x-velocity  y-velocity  z-velocity     time/iter
  2762  3.2431e-06  1.1238e-08  1.3766e-08  2.9413e-08  0:49:13 2238

 Reversed flow on 37 faces (1.3% area) of pressure-outlet 21.
  2763  3.0973e-06  1.0897e-08  1.3937e-08  2.9236e-08  0:49:03 2237

 Reversed flow on 37 faces (1.3% area) of pressure-outlet 21.
  2764  2.9839e-06  1.0701e-08  1.4046e-08  2.8999e-08  0:48:53 2236

 Reversed flow on 37 faces (1.3% area) of pressure-outlet 21.
  2765  2.9056e-06  1.0623e-08  1.4167e-08  2.8740e-08  0:48:48 2235

 Reversed flow on 37 faces (1.3% area) of pressure-outlet 21.
  2766  2.8918e-06  1.0772e-08  1.4398e-08  2.8454e-08  0:48:41 2234

 Reversed flow on 37 faces (1.3% area) of pressure-outlet 21.
  2767  2.9511e-06  1.1116e-08  1.4623e-08  2.8719e-08  0:48:36 2233

 Reversed flow on 37 faces (1.3% area) of pressure-outlet 21.
  2768  3.0784e-06  1.1505e-08  1.4635e-08  2.9209e-08  0:48:32 2232

 Reversed flow on 37 faces (1.3% area) of pressure-outlet 21.
  2769  3.1648e-06  1.1936e-08  1.4532e-08  2.8886e-08  0:48:29 2231

 Reversed flow on 37 faces (1.3% area) of pressure-outlet 21.
  2770  3.2453e-06  1.2279e-08  1.4285e-08  2.8763e-08  0:51:04 2230

 Reversed flow on 37 faces (1.3% area) of pressure-outlet 21.
  2771  3.3051e-06  1.2421e-08  1.3932e-08  2.8929e-08  0:50:29 2229

 Reversed flow on 37 faces (1.3% area) of pressure-outlet 21.
  2772  3.3312e-06  1.2382e-08  1.3843e-08  2.8749e-08  0:50:01 2228

 Reversed flow on 37 faces (1.3% area) of pressure-outlet 21.

  iter  continuity  x-velocity  y-velocity  z-velocity     time/iter
  2773  3.3322e-06  1.2182e-08  1.4245e-08  2.8213e-08  0:49:39 2227

 Reversed flow on 37 faces (1.3% area) of pressure-outlet 21.
  2774  3.2999e-06  1.1873e-08  1.4587e-08  2.8157e-08  0:49:21 2226

 Reversed flow on 37 faces (1.3% area) of pressure-outlet 21.
  2775  3.2104e-06  1.1707e-08  1.4972e-08  2.7323e-08  0:49:05 2225

 Reversed flow on 37 faces (1.3% area) of pressure-outlet 21.
  2776  3.0941e-06  1.1490e-08  1.5141e-08  2.6720e-08  0:48:55 2224

 Reversed flow on 37 faces (1.3% area) of pressure-outlet 21.
  2777  2.9319e-06  1.1360e-08  1.5052e-08  2.7080e-08  0:48:44 2223

 Reversed flow on 37 faces (1.3% area) of pressure-outlet 21.
  2778  2.7915e-06  1.1340e-08  1.4597e-08  2.7356e-08  0:48:39 2222

 Reversed flow on 37 faces (1.3% area) of pressure-outlet 21.
  2779  2.7041e-06  1.1254e-08  1.3866e-08  2.7715e-08  0:48:31 2221

 Reversed flow on 37 faces (1.3% area) of pressure-outlet 21.
  2780  2.7003e-06  1.1095e-08  1.3115e-08  2.7640e-08  0:48:24 2220

 Reversed flow on 37 faces (1.3% area) of pressure-outlet 21.
  2781  2.6727e-06  1.0830e-08  1.2415e-08  2.7037e-08  0:48:17 2219

 Reversed flow on 37 faces (1.3% area) of pressure-outlet 21.
  2782  2.6530e-06  1.0501e-08  1.1702e-08  2.6173e-08  0:48:12 2218

 Reversed flow on 37 faces (1.3% area) of pressure-outlet 21.
  2783  2.6530e-06  1.0221e-08  1.1563e-08  2.5242e-08  0:48:07 2217

 Reversed flow on 37 faces (1.3% area) of pressure-outlet 21.

  iter  continuity  x-velocity  y-velocity  z-velocity     time/iter
  2784  2.6570e-06  9.9098e-09  1.1879e-08  2.4601e-08  0:48:05 2216

 Reversed flow on 37 faces (1.3% area) of pressure-outlet 21.
  2785  2.6650e-06  9.6667e-09  1.2392e-08  2.4560e-08  0:48:02 2215

 Reversed flow on 37 faces (1.3% area) of pressure-outlet 21.
  2786  2.7268e-06  9.5507e-09  1.2999e-08  2.4696e-08  0:47:59 2214

 Reversed flow on 37 faces (1.3% area) of pressure-outlet 21.
  2787  2.8368e-06  9.7417e-09  1.3640e-08  2.5127e-08  0:47:57 2213

 Reversed flow on 37 faces (1.3% area) of pressure-outlet 21.
  2788  2.9274e-06  1.0240e-08  1.4191e-08  2.5148e-08  0:47:55 2212

 Reversed flow on 37 faces (1.3% area) of pressure-outlet 21.
  2789  3.0192e-06  1.0582e-08  1.4404e-08  2.6463e-08  0:47:53 2211

 Reversed flow on 37 faces (1.3% area) of pressure-outlet 21.
  2790  3.0883e-06  1.0801e-08  1.4249e-08  2.7286e-08  0:47:52 2210

 Reversed flow on 37 faces (1.3% area) of pressure-outlet 21.
  2791  3.1381e-06  1.0968e-08  1.3818e-08  2.7725e-08  0:47:52 2209

 Reversed flow on 37 faces (1.3% area) of pressure-outlet 21.
  2792  3.1231e-06  1.1033e-08  1.3318e-08  2.8077e-08  0:47:49 2208

 Reversed flow on 37 faces (1.3% area) of pressure-outlet 21.
  2793  3.0523e-06  1.1045e-08  1.3143e-08  2.8600e-08  0:47:47 2207

 Reversed flow on 37 faces (1.3% area) of pressure-outlet 21.
  2794  2.9764e-06  1.0983e-08  1.3427e-08  2.8615e-08  0:47:46 2206

 Reversed flow on 37 faces (1.3% area) of pressure-outlet 21.

  iter  continuity  x-velocity  y-velocity  z-velocity     time/iter
  2795  2.9155e-06  1.1054e-08  1.3762e-08  2.8429e-08  0:47:44 2205

 Reversed flow on 37 faces (1.3% area) of pressure-outlet 21.
  2796  2.8903e-06  1.1211e-08  1.4249e-08  2.7577e-08  0:47:43 2204

 Reversed flow on 37 faces (1.3% area) of pressure-outlet 21.
  2797  2.9501e-06  1.1263e-08  1.4566e-08  2.7307e-08  0:47:41 2203

 Reversed flow on 37 faces (1.3% area) of pressure-outlet 21.
  2798  3.0248e-06  1.1507e-08  1.4699e-08  2.7424e-08  0:47:39 2202

 Reversed flow on 37 faces (1.3% area) of pressure-outlet 21.
  2799  3.1322e-06  1.1924e-08  1.4705e-08  2.7870e-08  0:47:39 2201

 Reversed flow on 37 faces (1.3% area) of pressure-outlet 21.
  2800  3.2069e-06  1.2203e-08  1.4574e-08  2.8650e-08  0:47:40 2200

 Reversed flow on 37 faces (1.3% area) of pressure-outlet 21.
  2801  3.2856e-06  1.2322e-08  1.4241e-08  2.9483e-08  0:47:39 2199

 Reversed flow on 37 faces (1.3% area) of pressure-outlet 21.
  2802  3.3366e-06  1.2273e-08  1.3820e-08  2.9850e-08  0:47:38 2198

 Reversed flow on 37 faces (1.3% area) of pressure-outlet 21.
  2803  3.3729e-06  1.2138e-08  1.3447e-08  2.9962e-08  0:47:35 2197

 Reversed flow on 37 faces (1.3% area) of pressure-outlet 21.
  2804  3.3578e-06  1.1840e-08  1.3601e-08  3.0199e-08  0:47:33 2196

 Reversed flow on 37 faces (1.3% area) of pressure-outlet 21.
  2805  3.2912e-06  1.1546e-08  1.3938e-08  2.9779e-08  0:47:31 2195

 Reversed flow on 37 faces (1.3% area) of pressure-outlet 21.

  iter  continuity  x-velocity  y-velocity  z-velocity     time/iter
  2806  3.1849e-06  1.1281e-08  1.4284e-08  2.9405e-08  0:47:29 2194

 Reversed flow on 37 faces (1.3% area) of pressure-outlet 21.
  2807  3.0552e-06  1.1047e-08  1.4585e-08  2.9287e-08  0:47:28 2193

 Reversed flow on 37 faces (1.3% area) of pressure-outlet 21.
  2808  2.9423e-06  1.1007e-08  1.4681e-08  2.9160e-08  0:47:26 2192

 Reversed flow on 37 faces (1.3% area) of pressure-outlet 21.
  2809  2.8979e-06  1.1209e-08  1.4566e-08  2.9424e-08  0:47:24 2191

 Reversed flow on 37 faces (1.3% area) of pressure-outlet 21.
  2810  2.9312e-06  1.1378e-08  1.4389e-08  2.9666e-08  0:47:25 2190

 Reversed flow on 37 faces (1.3% area) of pressure-outlet 21.
  2811  2.9625e-06  1.1415e-08  1.4090e-08  2.9571e-08  0:47:25 2189

 Reversed flow on 37 faces (1.3% area) of pressure-outlet 21.
  2812  3.0103e-06  1.1354e-08  1.3422e-08  2.9251e-08  0:47:22 2188

 Reversed flow on 37 faces (1.3% area) of pressure-outlet 21.
  2813  3.0609e-06  1.1312e-08  1.2715e-08  2.8942e-08  0:47:20 2187

 Reversed flow on 37 faces (1.3% area) of pressure-outlet 21.
  2814  3.1005e-06  1.1182e-08  1.2716e-08  2.8600e-08  0:47:20 2186

 Reversed flow on 37 faces (1.3% area) of pressure-outlet 21.
  2815  3.1106e-06  1.0946e-08  1.3283e-08  2.8508e-08  0:47:18 2185

 Reversed flow on 37 faces (1.3% area) of pressure-outlet 21.
  2816  3.1482e-06  1.0875e-08  1.3961e-08  2.8646e-08  0:47:18 2184

 Reversed flow on 37 faces (1.3% area) of pressure-outlet 21.

  iter  continuity  x-velocity  y-velocity  z-velocity     time/iter
  2817  3.2208e-06  1.0909e-08  1.4698e-08  2.8517e-08  0:47:17 2183

 Reversed flow on 37 faces (1.3% area) of pressure-outlet 21.
  2818  3.2901e-06  1.1096e-08  1.5312e-08  2.8170e-08  0:47:16 2182

 Reversed flow on 37 faces (1.3% area) of pressure-outlet 21.
  2819  3.3388e-06  1.1480e-08  1.5686e-08  2.8906e-08  0:47:16 2181

 Reversed flow on 37 faces (1.3% area) of pressure-outlet 21.
  2820  3.3957e-06  1.2008e-08  1.5757e-08  2.9605e-08  0:47:15 2180

 Reversed flow on 37 faces (1.3% area) of pressure-outlet 21.
  2821  3.3581e-06  1.2447e-08  1.5580e-08  2.9490e-08  0:47:14 2179

 Reversed flow on 37 faces (1.3% area) of pressure-outlet 21.
  2822  3.2773e-06  1.2625e-08  1.5106e-08  2.9309e-08  0:47:12 2178

 Reversed flow on 37 faces (1.3% area) of pressure-outlet 21.
  2823  3.1583e-06  1.2537e-08  1.4349e-08  2.9618e-08  0:47:09 2177

 Reversed flow on 37 faces (1.3% area) of pressure-outlet 21.
  2824  3.0408e-06  1.2284e-08  1.3660e-08  2.9550e-08  0:47:22 2176

 Reversed flow on 37 faces (1.3% area) of pressure-outlet 21.
  2825  2.9215e-06  1.1946e-08  1.3557e-08  2.9015e-08  0:47:18 2175

 Reversed flow on 37 faces (1.3% area) of pressure-outlet 21.
  2826  2.8464e-06  1.1546e-08  1.3690e-08  2.8219e-08  0:47:14 2174

 Reversed flow on 37 faces (1.3% area) of pressure-outlet 21.
  2827  2.8475e-06  1.1197e-08  1.3920e-08  2.7551e-08  0:47:11 2173

 Reversed flow on 37 faces (1.3% area) of pressure-outlet 21.

  iter  continuity  x-velocity  y-velocity  z-velocity     time/iter
  2828  2.8783e-06  1.0982e-08  1.4170e-08  2.6651e-08  0:47:07 2172

 Reversed flow on 37 faces (1.3% area) of pressure-outlet 21.
  2829  2.9335e-06  1.1129e-08  1.4470e-08  2.6086e-08  0:47:04 2171

 Reversed flow on 37 faces (1.3% area) of pressure-outlet 21.
  2830  3.0024e-06  1.1402e-08  1.4689e-08  2.6395e-08  0:47:01 2170

 Reversed flow on 37 faces (1.3% area) of pressure-outlet 21.
  2831  3.0638e-06  1.1561e-08  1.4703e-08  2.6938e-08  0:46:58 2169

 Reversed flow on 37 faces (1.3% area) of pressure-outlet 21.
  2832  3.1311e-06  1.1625e-08  1.4474e-08  2.7236e-08  0:46:56 2168

 Reversed flow on 37 faces (1.3% area) of pressure-outlet 21.
  2833  3.1907e-06  1.1584e-08  1.3947e-08  2.7471e-08  0:46:55 2167

 Reversed flow on 37 faces (1.3% area) of pressure-outlet 21.
  2834  3.1976e-06  1.1376e-08  1.3384e-08  2.8079e-08  0:46:53 2166

 Reversed flow on 37 faces (1.3% area) of pressure-outlet 21.
  2835  3.1444e-06  1.1153e-08  1.3410e-08  2.8082e-08  0:46:50 2165

 Reversed flow on 37 faces (1.3% area) of pressure-outlet 21.
  2836  3.0253e-06  1.0824e-08  1.3773e-08  2.7777e-08  0:46:48 2164

 Reversed flow on 37 faces (1.3% area) of pressure-outlet 21.
  2837  2.8664e-06  1.0516e-08  1.4072e-08  2.7711e-08  0:46:48 2163

 Reversed flow on 37 faces (1.3% area) of pressure-outlet 21.
  2838  2.7280e-06  1.0165e-08  1.4166e-08  2.7069e-08  0:46:47 2162

 Reversed flow on 37 faces (1.3% area) of pressure-outlet 21.

  iter  continuity  x-velocity  y-velocity  z-velocity     time/iter
  2839  2.6702e-06  9.9688e-09  1.4042e-08  2.7175e-08  0:46:48 2161

 Reversed flow on 37 faces (1.3% area) of pressure-outlet 21.
  2840  2.6752e-06  1.0199e-08  1.3984e-08  2.7080e-08  0:46:49 2160

 Reversed flow on 37 faces (1.3% area) of pressure-outlet 21.
  2841  2.7093e-06  1.0493e-08  1.3903e-08  2.7153e-08  0:46:48 2159

 Reversed flow on 37 faces (1.3% area) of pressure-outlet 21.
  2842  2.7673e-06  1.0680e-08  1.3456e-08  2.7089e-08  0:46:44 2158

 Reversed flow on 37 faces (1.3% area) of pressure-outlet 21.
  2843  2.8772e-06  1.0853e-08  1.2840e-08  2.7056e-08  0:46:42 2157

 Reversed flow on 37 faces (1.3% area) of pressure-outlet 21.
  2844  2.9683e-06  1.0954e-08  1.2364e-08  2.7135e-08  0:46:39 2156

 Reversed flow on 37 faces (1.3% area) of pressure-outlet 21.
  2845  3.0302e-06  1.0994e-08  1.2378e-08  2.7459e-08  0:46:38 2155

 Reversed flow on 37 faces (1.3% area) of pressure-outlet 21.
  2846  3.1023e-06  1.1000e-08  1.3025e-08  2.7698e-08  0:46:36 2154

 Reversed flow on 37 faces (1.3% area) of pressure-outlet 21.
  2847  3.1978e-06  1.1092e-08  1.3813e-08  2.7835e-08  0:46:35 2153

 Reversed flow on 37 faces (1.3% area) of pressure-outlet 21.
  2848  3.2683e-06  1.1332e-08  1.4638e-08  2.7117e-08  0:46:33 2152

 Reversed flow on 37 faces (1.3% area) of pressure-outlet 21.
  2849  3.3044e-06  1.1518e-08  1.5258e-08  2.7091e-08  0:46:32 2151

 Reversed flow on 37 faces (1.3% area) of pressure-outlet 21.

  iter  continuity  x-velocity  y-velocity  z-velocity     time/iter
  2850  3.3073e-06  1.1901e-08  1.5609e-08  2.7387e-08  0:46:32 2150

 Reversed flow on 37 faces (1.3% area) of pressure-outlet 21.
  2851  3.2848e-06  1.2245e-08  1.5645e-08  2.8029e-08  0:46:30 2149

 Reversed flow on 37 faces (1.3% area) of pressure-outlet 21.
  2852  3.2086e-06  1.2346e-08  1.5343e-08  2.8816e-08  0:46:35 2148

 Reversed flow on 37 faces (1.3% area) of pressure-outlet 21.
  2853  3.1170e-06  1.2294e-08  1.4647e-08  2.9927e-08  0:46:41 2147

 Reversed flow on 37 faces (1.3% area) of pressure-outlet 21.
  2854  3.0414e-06  1.2120e-08  1.3687e-08  3.0577e-08  0:46:38 2146

 Reversed flow on 37 faces (1.3% area) of pressure-outlet 21.
  2855  2.9648e-06  1.1909e-08  1.2794e-08  3.0817e-08  0:46:34 2145

 Reversed flow on 37 faces (1.3% area) of pressure-outlet 21.
  2856  2.9169e-06  1.1591e-08  1.2691e-08  3.0588e-08  0:46:31 2144

 Reversed flow on 37 faces (1.3% area) of pressure-outlet 21.
  2857  2.9154e-06  1.1180e-08  1.2992e-08  2.9794e-08  0:46:28 2143

 Reversed flow on 37 faces (1.3% area) of pressure-outlet 21.
  2858  2.9392e-06  1.0921e-08  1.3398e-08  2.8883e-08  0:46:25 2142

 Reversed flow on 37 faces (1.3% area) of pressure-outlet 21.
  2859  3.0105e-06  1.0807e-08  1.3896e-08  2.7657e-08  0:46:23 2141

 Reversed flow on 37 faces (1.3% area) of pressure-outlet 21.
  2860  3.0993e-06  1.0811e-08  1.4371e-08  2.7675e-08  0:46:21 2140

 Reversed flow on 37 faces (1.3% area) of pressure-outlet 21.

  iter  continuity  x-velocity  y-velocity  z-velocity     time/iter
  2861  3.1755e-06  1.1210e-08  1.4731e-08  2.7677e-08  0:46:21 2139

 Reversed flow on 37 faces (1.3% area) of pressure-outlet 21.
  2862  3.2586e-06  1.1612e-08  1.4929e-08  2.8033e-08  0:46:20 2138

 Reversed flow on 37 faces (1.3% area) of pressure-outlet 21.
  2863  3.3364e-06  1.1783e-08  1.4762e-08  2.8555e-08  0:46:18 2137

 Reversed flow on 37 faces (1.3% area) of pressure-outlet 21.
  2864  3.3837e-06  1.1712e-08  1.4304e-08  2.9405e-08  0:46:19 2136

 Reversed flow on 37 faces (1.3% area) of pressure-outlet 21.
  2865  3.3547e-06  1.1594e-08  1.3769e-08  2.9734e-08  0:46:15 2135

 Reversed flow on 37 faces (1.3% area) of pressure-outlet 21.
  2866  3.2522e-06  1.1354e-08  1.3565e-08  2.9622e-08  0:46:13 2134

 Reversed flow on 37 faces (1.3% area) of pressure-outlet 21.
  2867  3.0976e-06  1.0968e-08  1.3737e-08  2.9587e-08  0:46:11 2133

 Reversed flow on 37 faces (1.3% area) of pressure-outlet 21.
  2868  2.9514e-06  1.0575e-08  1.3810e-08  2.9331e-08  0:46:09 2132

 Reversed flow on 37 faces (1.3% area) of pressure-outlet 21.
  2869  2.8865e-06  1.0384e-08  1.3883e-08  2.9192e-08  0:46:08 2131

 Reversed flow on 37 faces (1.3% area) of pressure-outlet 21.
  2870  2.8859e-06  1.0421e-08  1.4135e-08  2.8573e-08  0:46:10 2130

 Reversed flow on 37 faces (1.3% area) of pressure-outlet 21.
  2871  2.8981e-06  1.0751e-08  1.4455e-08  2.8233e-08  0:46:07 2129

 Reversed flow on 37 faces (1.3% area) of pressure-outlet 21.

  iter  continuity  x-velocity  y-velocity  z-velocity     time/iter
  2872  2.9637e-06  1.1195e-08  1.4419e-08  2.8231e-08  0:46:04 2128

 Reversed flow on 37 faces (1.3% area) of pressure-outlet 21.
  2873  3.0060e-06  1.1658e-08  1.4183e-08  2.7844e-08  0:46:04 2127

 Reversed flow on 37 faces (1.3% area) of pressure-outlet 21.
  2874  3.0634e-06  1.1927e-08  1.3819e-08  2.7699e-08  0:46:02 2126

 Reversed flow on 37 faces (1.3% area) of pressure-outlet 21.
  2875  3.1029e-06  1.1973e-08  1.3390e-08  2.8187e-08  0:46:00 2125

 Reversed flow on 37 faces (1.3% area) of pressure-outlet 21.
  2876  3.1473e-06  1.1869e-08  1.3042e-08  2.8685e-08  0:45:58 2124

 Reversed flow on 37 faces (1.3% area) of pressure-outlet 21.
  2877  3.1930e-06  1.1673e-08  1.3400e-08  2.8879e-08  0:45:57 2123

 Reversed flow on 37 faces (1.3% area) of pressure-outlet 21.
  2878  3.1937e-06  1.1512e-08  1.4035e-08  2.7712e-08  0:45:55 2122

 Reversed flow on 37 faces (1.3% area) of pressure-outlet 21.
  2879  3.1562e-06  1.1367e-08  1.4596e-08  2.7199e-08  0:45:53 2121

 Reversed flow on 37 faces (1.3% area) of pressure-outlet 21.
  2880  3.1068e-06  1.1231e-08  1.4919e-08  2.6218e-08  0:45:53 2120

 Reversed flow on 37 faces (1.3% area) of pressure-outlet 21.
  2881  3.0381e-06  1.1173e-08  1.5039e-08  2.5999e-08  0:45:51 2119

 Reversed flow on 37 faces (1.3% area) of pressure-outlet 21.
  2882  2.9415e-06  1.1352e-08  1.4949e-08  2.5896e-08  0:45:48 2118

 Reversed flow on 37 faces (1.3% area) of pressure-outlet 21.

  iter  continuity  x-velocity  y-velocity  z-velocity     time/iter
  2883  2.8334e-06  1.1461e-08  1.4585e-08  2.6609e-08  0:45:47 2117

 Reversed flow on 37 faces (1.3% area) of pressure-outlet 21.
  2884  2.7565e-06  1.1447e-08  1.3915e-08  2.7069e-08  0:45:48 2116

 Reversed flow on 37 faces (1.3% area) of pressure-outlet 21.
  2885  2.7073e-06  1.1313e-08  1.3075e-08  2.7303e-08  0:45:47 2115

 Reversed flow on 37 faces (1.3% area) of pressure-outlet 21.
  2886  2.6866e-06  1.1094e-08  1.2399e-08  2.7395e-08  0:45:49 2114

 Reversed flow on 37 faces (1.3% area) of pressure-outlet 21.
  2887  2.7139e-06  1.0771e-08  1.2259e-08  2.7129e-08  0:45:48 2113

 Reversed flow on 37 faces (1.3% area) of pressure-outlet 21.
  2888  2.7559e-06  1.0418e-08  1.2578e-08  2.6714e-08  0:45:46 2112

 Reversed flow on 37 faces (1.3% area) of pressure-outlet 21.
  2889  2.8260e-06  1.0190e-08  1.3072e-08  2.6179e-08  0:45:43 2111

 Reversed flow on 37 faces (1.3% area) of pressure-outlet 21.
  2890  2.9196e-06  1.0093e-08  1.3725e-08  2.6193e-08  0:45:41 2110

 Reversed flow on 37 faces (1.3% area) of pressure-outlet 21.
  2891  3.0014e-06  1.0210e-08  1.4417e-08  2.6074e-08  0:45:39 2109

 Reversed flow on 37 faces (1.3% area) of pressure-outlet 21.
  2892  3.0810e-06  1.0671e-08  1.5035e-08  2.6447e-08  0:45:38 2108

 Reversed flow on 37 faces (1.3% area) of pressure-outlet 21.
  2893  3.1969e-06  1.1095e-08  1.5297e-08  2.7380e-08  0:45:36 2107

 Reversed flow on 37 faces (1.3% area) of pressure-outlet 21.

  iter  continuity  x-velocity  y-velocity  z-velocity     time/iter
  2894  3.2762e-06  1.1372e-08  1.5244e-08  2.8721e-08  0:45:39 2106

 Reversed flow on 37 faces (1.3% area) of pressure-outlet 21.
  2895  3.3414e-06  1.1639e-08  1.4949e-08  2.9554e-08  0:45:36 2105

 Reversed flow on 37 faces (1.3% area) of pressure-outlet 21.
  2896  3.3203e-06  1.1801e-08  1.4488e-08  3.0070e-08  0:45:33 2104

 Reversed flow on 37 faces (1.3% area) of pressure-outlet 21.
  2897  3.2334e-06  1.1809e-08  1.4021e-08  3.0615e-08  0:45:32 2103

 Reversed flow on 37 faces (1.3% area) of pressure-outlet 21.
  2898  3.1151e-06  1.1626e-08  1.4076e-08  3.0569e-08  0:45:31 2102

 Reversed flow on 37 faces (1.3% area) of pressure-outlet 21.
  2899  3.0484e-06  1.1569e-08  1.4242e-08  3.0042e-08  0:45:29 2101

 Reversed flow on 37 faces (1.3% area) of pressure-outlet 21.
  2900  3.0139e-06  1.1667e-08  1.4617e-08  2.8831e-08  0:45:28 2100

 Reversed flow on 37 faces (1.3% area) of pressure-outlet 21.
  2901  2.9844e-06  1.1680e-08  1.4913e-08  2.7289e-08  0:45:27 2099

 Reversed flow on 37 faces (1.3% area) of pressure-outlet 21.
  2902  2.9791e-06  1.1753e-08  1.4821e-08  2.6863e-08  0:45:25 2098

 Reversed flow on 37 faces (1.3% area) of pressure-outlet 21.
  2903  3.0135e-06  1.2120e-08  1.4574e-08  2.6754e-08  0:45:24 2097

 Reversed flow on 37 faces (1.3% area) of pressure-outlet 21.
  2904  3.0464e-06  1.2326e-08  1.4290e-08  2.7317e-08  0:45:23 2096

 Reversed flow on 37 faces (1.3% area) of pressure-outlet 21.

  iter  continuity  x-velocity  y-velocity  z-velocity     time/iter
  2905  3.0817e-06  1.2354e-08  1.3936e-08  2.8355e-08  0:45:20 2095

 Reversed flow on 37 faces (1.3% area) of pressure-outlet 21.
  2906  3.1565e-06  1.2210e-08  1.3455e-08  2.9300e-08  0:45:20 2094

 Reversed flow on 37 faces (1.3% area) of pressure-outlet 21.
  2907  3.2374e-06  1.2050e-08  1.3039e-08  3.0065e-08  0:45:19 2093

 Reversed flow on 37 faces (1.3% area) of pressure-outlet 21.
  2908  3.2643e-06  1.1869e-08  1.3199e-08  2.9512e-08  0:45:17 2092

 Reversed flow on 37 faces (1.3% area) of pressure-outlet 21.
  2909  3.2462e-06  1.1484e-08  1.3624e-08  2.9353e-08  0:45:15 2091

 Reversed flow on 37 faces (1.3% area) of pressure-outlet 21.
  2910  3.2055e-06  1.1145e-08  1.3984e-08  2.9035e-08  0:45:15 2090

 Reversed flow on 37 faces (1.3% area) of pressure-outlet 21.
  2911  3.1658e-06  1.0893e-08  1.4381e-08  2.8518e-08  0:45:12 2089

 Reversed flow on 37 faces (1.3% area) of pressure-outlet 21.
  2912  3.0943e-06  1.0803e-08  1.4713e-08  2.8002e-08  0:45:13 2088

 Reversed flow on 37 faces (1.3% area) of pressure-outlet 21.
  2913  2.9945e-06  1.0985e-08  1.4810e-08  2.8411e-08  0:45:09 2087

 Reversed flow on 37 faces (1.3% area) of pressure-outlet 21.
  2914  2.9434e-06  1.1175e-08  1.4585e-08  2.8991e-08  0:45:10 2086

 Reversed flow on 37 faces (1.3% area) of pressure-outlet 21.
  2915  2.9058e-06  1.1240e-08  1.4120e-08  2.9471e-08  0:45:06 2085

 Reversed flow on 37 faces (1.3% area) of pressure-outlet 21.

  iter  continuity  x-velocity  y-velocity  z-velocity     time/iter
  2916  2.9350e-06  1.1221e-08  1.3580e-08  2.9785e-08  0:45:08 2084

 Reversed flow on 37 faces (1.3% area) of pressure-outlet 21.
  2917  2.9930e-06  1.1111e-08  1.2992e-08  2.9754e-08  0:45:09 2083

 Reversed flow on 37 faces (1.3% area) of pressure-outlet 21.
  2918  3.0608e-06  1.0972e-08  1.2644e-08  2.9422e-08  0:45:07 2082

 Reversed flow on 37 faces (1.3% area) of pressure-outlet 21.
  2919  3.1186e-06  1.0870e-08  1.3089e-08  2.8779e-08  0:45:05 2081

 Reversed flow on 37 faces (1.3% area) of pressure-outlet 21.
  2920  3.1845e-06  1.0874e-08  1.3775e-08  2.8493e-08  0:45:03 2080

 Reversed flow on 37 faces (1.3% area) of pressure-outlet 21.
  2921  3.2224e-06  1.1006e-08  1.4572e-08  2.7891e-08  0:45:01 2079

 Reversed flow on 37 faces (1.3% area) of pressure-outlet 21.
  2922  3.2807e-06  1.1189e-08  1.5221e-08  2.7380e-08  0:44:59 2078

 Reversed flow on 37 faces (1.3% area) of pressure-outlet 21.
  2923  3.3525e-06  1.1471e-08  1.5587e-08  2.7847e-08  0:44:58 2077

 Reversed flow on 37 faces (1.3% area) of pressure-outlet 21.
  2924  3.4138e-06  1.2001e-08  1.5714e-08  2.8753e-08  0:44:56 2076

 Reversed flow on 37 faces (1.3% area) of pressure-outlet 21.
  2925  3.3688e-06  1.2532e-08  1.5656e-08  2.8972e-08  0:44:56 2075

 Reversed flow on 37 faces (1.3% area) of pressure-outlet 21.
  2926  3.2820e-06  1.2729e-08  1.5270e-08  2.9128e-08  0:47:17 2074

 Reversed flow on 37 faces (1.3% area) of pressure-outlet 21.

  iter  continuity  x-velocity  y-velocity  z-velocity     time/iter
  2927  3.1606e-06  1.2533e-08  1.4506e-08  2.9676e-08  0:46:48 2073

 Reversed flow on 37 faces (1.3% area) of pressure-outlet 21.
  2928  3.0097e-06  1.2113e-08  1.3563e-08  2.9793e-08  0:46:22 2072

 Reversed flow on 37 faces (1.3% area) of pressure-outlet 21.
  2929  2.9011e-06  1.1651e-08  1.3102e-08  2.9387e-08  0:46:03 2071

 Reversed flow on 37 faces (1.3% area) of pressure-outlet 21.
  2930  2.8253e-06  1.1158e-08  1.3151e-08  2.8239e-08  0:45:49 2070

 Reversed flow on 37 faces (1.3% area) of pressure-outlet 21.
  2931  2.7524e-06  1.0744e-08  1.3314e-08  2.6910e-08  0:45:35 2069

 Reversed flow on 37 faces (1.3% area) of pressure-outlet 21.
  2932  2.7123e-06  1.0437e-08  1.3323e-08  2.5596e-08  0:45:25 2068

 Reversed flow on 37 faces (1.3% area) of pressure-outlet 21.
  2933  2.7182e-06  1.0439e-08  1.3367e-08  2.4451e-08  0:45:18 2067

 Reversed flow on 37 faces (1.3% area) of pressure-outlet 21.
  2934  2.7285e-06  1.0637e-08  1.3447e-08  2.4331e-08  0:45:11 2066

 Reversed flow on 37 faces (1.3% area) of pressure-outlet 21.
  2935  2.7628e-06  1.0766e-08  1.3481e-08  2.5019e-08  0:45:05 2065

 Reversed flow on 37 faces (1.3% area) of pressure-outlet 21.
  2936  2.8259e-06  1.0808e-08  1.3297e-08  2.5763e-08  0:44:58 2064

 Reversed flow on 37 faces (1.3% area) of pressure-outlet 21.
  2937  2.9310e-06  1.0812e-08  1.2961e-08  2.6397e-08  0:44:53 2063

 Reversed flow on 37 faces (1.3% area) of pressure-outlet 21.

  iter  continuity  x-velocity  y-velocity  z-velocity     time/iter
  2938  2.9758e-06  1.0806e-08  1.2619e-08  2.6121e-08  0:44:47 2062

 Reversed flow on 37 faces (1.3% area) of pressure-outlet 21.
  2939  2.9782e-06  1.0629e-08  1.2453e-08  2.6370e-08  0:44:44 2061

 Reversed flow on 37 faces (1.3% area) of pressure-outlet 21.
  2940  2.9338e-06  1.0380e-08  1.2797e-08  2.6226e-08  0:44:42 2060

 Reversed flow on 37 faces (1.3% area) of pressure-outlet 21.
  2941  2.8735e-06  1.0142e-08  1.3219e-08  2.5800e-08  0:44:39 2059

 Reversed flow on 37 faces (1.3% area) of pressure-outlet 21.
  2942  2.7772e-06  9.9641e-09  1.3672e-08  2.5165e-08  0:44:36 2058

 Reversed flow on 37 faces (1.3% area) of pressure-outlet 21.
  2943  2.6895e-06  9.8512e-09  1.3876e-08  2.5222e-08  0:44:33 2057

 Reversed flow on 37 faces (1.3% area) of pressure-outlet 21.
  2944  2.6321e-06  1.0001e-08  1.3891e-08  2.5782e-08  0:44:32 2056

 Reversed flow on 37 faces (1.3% area) of pressure-outlet 21.
  2945  2.6383e-06  1.0403e-08  1.3764e-08  2.6459e-08  0:44:32 2055

 Reversed flow on 37 faces (1.3% area) of pressure-outlet 21.
  2946  2.6973e-06  1.0728e-08  1.3627e-08  2.7384e-08  0:44:29 2054

 Reversed flow on 37 faces (1.3% area) of pressure-outlet 21.
  2947  2.8428e-06  1.0895e-08  1.3319e-08  2.8000e-08  0:44:27 2053

 Reversed flow on 37 faces (1.3% area) of pressure-outlet 21.
  2948  2.9980e-06  1.1003e-08  1.2944e-08  2.8358e-08  0:44:26 2052

 Reversed flow on 37 faces (1.3% area) of pressure-outlet 21.

  iter  continuity  x-velocity  y-velocity  z-velocity     time/iter
  2949  3.1338e-06  1.1169e-08  1.2794e-08  2.8489e-08  0:44:24 2051

 Reversed flow on 37 faces (1.3% area) of pressure-outlet 21.
  2950  3.2401e-06  1.1296e-08  1.3322e-08  2.8684e-08  0:44:21 2050

 Reversed flow on 37 faces (1.3% area) of pressure-outlet 21.
  2951  3.3078e-06  1.1405e-08  1.4137e-08  2.8435e-08  0:44:19 2049

 Reversed flow on 37 faces (1.3% area) of pressure-outlet 21.
  2952  3.3626e-06  1.1634e-08  1.4920e-08  2.8063e-08  0:44:18 2048

 Reversed flow on 37 faces (1.3% area) of pressure-outlet 21.
  2953  3.4199e-06  1.1786e-08  1.5501e-08  2.7859e-08  0:44:16 2047

 Reversed flow on 37 faces (1.3% area) of pressure-outlet 21.
  2954  3.4358e-06  1.2080e-08  1.5911e-08  2.8242e-08  0:44:14 2046

 Reversed flow on 37 faces (1.3% area) of pressure-outlet 21.
  2955  3.3964e-06  1.2521e-08  1.6076e-08  2.8936e-08  0:44:13 2045

 Reversed flow on 37 faces (1.3% area) of pressure-outlet 21.
  2956  3.3082e-06  1.2733e-08  1.5923e-08  2.9826e-08  0:44:12 2044

 Reversed flow on 37 faces (1.3% area) of pressure-outlet 21.
  2957  3.1898e-06  1.2697e-08  1.5357e-08  3.0876e-08  0:44:10 2043

 Reversed flow on 37 faces (1.3% area) of pressure-outlet 21.
  2958  3.0888e-06  1.2478e-08  1.4404e-08  3.1473e-08  0:44:10 2042

 Reversed flow on 37 faces (1.3% area) of pressure-outlet 21.
  2959  3.0325e-06  1.2258e-08  1.3381e-08  3.1704e-08  0:44:09 2041

 Reversed flow on 37 faces (1.3% area) of pressure-outlet 21.

  iter  continuity  x-velocity  y-velocity  z-velocity     time/iter
  2960  3.0006e-06  1.1992e-08  1.2995e-08  3.1096e-08  0:44:08 2040

 Reversed flow on 37 faces (1.3% area) of pressure-outlet 21.
  2961  2.9423e-06  1.1599e-08  1.3240e-08  2.9858e-08  0:44:06 2039

 Reversed flow on 37 faces (1.3% area) of pressure-outlet 21.
  2962  2.9151e-06  1.1275e-08  1.3392e-08  2.8795e-08  0:44:07 2038

 Reversed flow on 37 faces (1.3% area) of pressure-outlet 21.
  2963  2.9358e-06  1.1131e-08  1.3735e-08  2.7332e-08  0:44:07 2037

 Reversed flow on 37 faces (1.3% area) of pressure-outlet 21.
  2964  2.9872e-06  1.0978e-08  1.4060e-08  2.6946e-08  0:44:08 2036

 Reversed flow on 37 faces (1.3% area) of pressure-outlet 21.
  2965  3.0293e-06  1.1118e-08  1.4418e-08  2.7353e-08  0:44:06 2035

 Reversed flow on 37 faces (1.3% area) of pressure-outlet 21.
  2966  3.1360e-06  1.1415e-08  1.4625e-08  2.8247e-08  0:44:03 2034

 Reversed flow on 37 faces (1.3% area) of pressure-outlet 21.
  2967  3.2490e-06  1.1612e-08  1.4682e-08  2.9249e-08  0:44:03 2033

 Reversed flow on 37 faces (1.3% area) of pressure-outlet 21.
  2968  3.3463e-06  1.1731e-08  1.4545e-08  2.9389e-08  0:44:00 2032

 Reversed flow on 37 faces (1.3% area) of pressure-outlet 21.
  2969  3.3822e-06  1.1637e-08  1.4163e-08  2.9906e-08  0:43:58 2031

 Reversed flow on 37 faces (1.3% area) of pressure-outlet 21.
  2970  3.3647e-06  1.1465e-08  1.3764e-08  2.9931e-08  0:43:54 2030

 Reversed flow on 37 faces (1.3% area) of pressure-outlet 21.

  iter  continuity  x-velocity  y-velocity  z-velocity     time/iter
  2971  3.2947e-06  1.1221e-08  1.3945e-08  2.9495e-08  0:44:06 2029

 Reversed flow on 37 faces (1.3% area) of pressure-outlet 21.
  2972  3.1868e-06  1.0921e-08  1.4220e-08  2.9133e-08  0:44:04 2028

 Reversed flow on 37 faces (1.3% area) of pressure-outlet 21.
  2973  3.0647e-06  1.0740e-08  1.4415e-08  2.9146e-08  0:44:01 2027

 Reversed flow on 37 faces (1.3% area) of pressure-outlet 21.
  2974  2.9775e-06  1.0713e-08  1.4523e-08  2.8922e-08  0:43:57 2026

 Reversed flow on 37 faces (1.3% area) of pressure-outlet 21.
  2975  2.9393e-06  1.0989e-08  1.4627e-08  2.8801e-08  0:43:55 2025

 Reversed flow on 37 faces (1.3% area) of pressure-outlet 21.
  2976  2.9644e-06  1.1483e-08  1.4747e-08  2.9223e-08  0:43:53 2024

 Reversed flow on 37 faces (1.3% area) of pressure-outlet 21.
  2977  2.9976e-06  1.1902e-08  1.4714e-08  2.8976e-08  0:43:54 2023

 Reversed flow on 37 faces (1.3% area) of pressure-outlet 21.
  2978  3.0786e-06  1.2160e-08  1.4413e-08  2.8732e-08  0:43:51 2022

 Reversed flow on 37 faces (1.3% area) of pressure-outlet 21.
  2979  3.1797e-06  1.2291e-08  1.3941e-08  2.8690e-08  0:43:48 2021

 Reversed flow on 37 faces (1.3% area) of pressure-outlet 21.
  2980  3.2438e-06  1.2298e-08  1.3527e-08  2.8892e-08  0:43:46 2020

 Reversed flow on 37 faces (1.3% area) of pressure-outlet 21.
  2981  3.2658e-06  1.2149e-08  1.3667e-08  2.8647e-08  0:43:45 2019

 Reversed flow on 37 faces (1.3% area) of pressure-outlet 21.

  iter  continuity  x-velocity  y-velocity  z-velocity     time/iter
  2982  3.2555e-06  1.1959e-08  1.4205e-08  2.7888e-08  0:43:44 2018

 Reversed flow on 37 faces (1.3% area) of pressure-outlet 21.
  2983  3.2479e-06  1.1747e-08  1.4635e-08  2.7378e-08  0:44:37 2017

 Reversed flow on 37 faces (1.3% area) of pressure-outlet 21.
  2984  3.2021e-06  1.1547e-08  1.5001e-08  2.6749e-08  0:44:24 2016

 Reversed flow on 37 faces (1.3% area) of pressure-outlet 21.
  2985  3.1301e-06  1.1410e-08  1.5139e-08  2.6642e-08  0:44:13 2015

 Reversed flow on 37 faces (1.3% area) of pressure-outlet 21.
  2986  3.0046e-06  1.1456e-08  1.5115e-08  2.6739e-08  0:44:04 2014

 Reversed flow on 37 faces (1.3% area) of pressure-outlet 21.
  2987  2.8789e-06  1.1448e-08  1.4746e-08  2.7368e-08  0:44:06 2013

 Reversed flow on 37 faces (1.3% area) of pressure-outlet 21.
  2988  2.7460e-06  1.1268e-08  1.4007e-08  2.7836e-08  0:44:45 2012

 Reversed flow on 37 faces (1.3% area) of pressure-outlet 21.
  2989  2.7064e-06  1.1041e-08  1.3076e-08  2.8013e-08  0:45:08 2011

 Reversed flow on 37 faces (1.3% area) of pressure-outlet 21.
  2990  2.6811e-06  1.0774e-08  1.2324e-08  2.7551e-08  0:44:54 2010

 Reversed flow on 37 faces (1.3% area) of pressure-outlet 21.
  2991  2.6408e-06  1.0428e-08  1.1848e-08  2.6741e-08  0:44:37 2009

 Reversed flow on 37 faces (1.3% area) of pressure-outlet 21.
  2992  2.6125e-06  1.0083e-08  1.1821e-08  2.5846e-08  0:44:22 2008

 Reversed flow on 37 faces (1.3% area) of pressure-outlet 21.

  iter  continuity  x-velocity  y-velocity  z-velocity     time/iter
  2993  2.6333e-06  9.8048e-09  1.2050e-08  2.4905e-08  0:44:09 2007

 Reversed flow on 37 faces (1.3% area) of pressure-outlet 21.
  2994  2.6758e-06  9.5976e-09  1.2487e-08  2.4625e-08  0:44:02 2006

 Reversed flow on 37 faces (1.3% area) of pressure-outlet 21.
  2995  2.7245e-06  9.5768e-09  1.3121e-08  2.4645e-08  0:43:55 2005

 Reversed flow on 37 faces (1.3% area) of pressure-outlet 21.
  2996  2.8184e-06  9.9070e-09  1.3724e-08  2.5192e-08  0:43:47 2004

 Reversed flow on 37 faces (1.3% area) of pressure-outlet 21.
  2997  2.9545e-06  1.0388e-08  1.4198e-08  2.6103e-08  0:43:43 2003

 Reversed flow on 37 faces (1.3% area) of pressure-outlet 21.
  2998  3.0680e-06  1.0832e-08  1.4447e-08  2.6682e-08  0:43:38 2002

 Reversed flow on 37 faces (1.3% area) of pressure-outlet 21.
  2999  3.1755e-06  1.1090e-08  1.4329e-08  2.7651e-08  0:43:33 2001

 Reversed flow on 37 faces (1.3% area) of pressure-outlet 21.
  3000  3.2416e-06  1.1284e-08  1.3896e-08  2.8227e-08  0:43:28 2000

 Reversed flow on 37 faces (1.3% area) of pressure-outlet 21.
  3001  3.2429e-06  1.1375e-08  1.3487e-08  2.8491e-08  0:43:26 1999

 Reversed flow on 37 faces (1.3% area) of pressure-outlet 21.
  3002  3.1803e-06  1.1319e-08  1.3589e-08  2.8714e-08  0:43:22 1998

 Reversed flow on 37 faces (1.3% area) of pressure-outlet 21.
  3003  3.0707e-06  1.1253e-08  1.3948e-08  2.8587e-08  0:43:19 1997

 Reversed flow on 37 faces (1.3% area) of pressure-outlet 21.

  iter  continuity  x-velocity  y-velocity  z-velocity     time/iter
  3004  2.9772e-06  1.1323e-08  1.4229e-08  2.8212e-08  0:43:16 1996

 Reversed flow on 37 faces (1.3% area) of pressure-outlet 21.
  3005  2.9170e-06  1.1373e-08  1.4433e-08  2.7374e-08  0:43:15 1995

 Reversed flow on 37 faces (1.3% area) of pressure-outlet 21.
  3006  2.9136e-06  1.1414e-08  1.4596e-08  2.7614e-08  0:43:14 1994

 Reversed flow on 37 faces (1.3% area) of pressure-outlet 21.
  3007  2.9567e-06  1.1656e-08  1.4602e-08  2.7832e-08  0:43:14 1993

 Reversed flow on 37 faces (1.3% area) of pressure-outlet 21.
  3008  3.0450e-06  1.1920e-08  1.4443e-08  2.8396e-08  0:43:14 1992

 Reversed flow on 37 faces (1.3% area) of pressure-outlet 21.
  3009  3.1299e-06  1.2106e-08  1.4169e-08  2.8991e-08  0:43:11 1991

 Reversed flow on 37 faces (1.3% area) of pressure-outlet 21.
  3010  3.2339e-06  1.2134e-08  1.3776e-08  2.9695e-08  0:43:08 1990

 Reversed flow on 37 faces (1.3% area) of pressure-outlet 21.
  3011  3.2863e-06  1.2054e-08  1.3365e-08  3.0001e-08  0:43:06 1989

 Reversed flow on 37 faces (1.3% area) of pressure-outlet 21.
  3012  3.3069e-06  1.1943e-08  1.3242e-08  2.9771e-08  0:43:04 1988

 Reversed flow on 37 faces (1.3% area) of pressure-outlet 21.
  3013  3.3116e-06  1.1636e-08  1.3540e-08  2.9481e-08  0:43:02 1987

 Reversed flow on 37 faces (1.3% area) of pressure-outlet 21.
  3014  3.2840e-06  1.1307e-08  1.3923e-08  2.9395e-08  0:43:01 1986

 Reversed flow on 37 faces (1.3% area) of pressure-outlet 21.

  iter  continuity  x-velocity  y-velocity  z-velocity     time/iter
  3015  3.2399e-06  1.1115e-08  1.4363e-08  2.9158e-08  0:43:01 1985

 Reversed flow on 37 faces (1.3% area) of pressure-outlet 21.
  3016  3.1510e-06  1.1009e-08  1.4787e-08  2.8753e-08  0:43:00 1984

 Reversed flow on 37 faces (1.3% area) of pressure-outlet 21.
  3017  3.0398e-06  1.1121e-08  1.4987e-08  2.8927e-08  0:42:58 1983

 Reversed flow on 37 faces (1.3% area) of pressure-outlet 21.
  3018  2.9530e-06  1.1262e-08  1.4833e-08  2.9436e-08  0:42:56 1982

 Reversed flow on 37 faces (1.3% area) of pressure-outlet 21.
  3019  2.9408e-06  1.1344e-08  1.4429e-08  3.0006e-08  0:42:54 1981

 Reversed flow on 37 faces (1.3% area) of pressure-outlet 21.
  3020  2.9772e-06  1.1389e-08  1.3987e-08  2.9967e-08  0:42:52 1980

 Reversed flow on 37 faces (1.3% area) of pressure-outlet 21.
  3021  2.9912e-06  1.1336e-08  1.3406e-08  2.9600e-08  0:42:50 1979

 Reversed flow on 37 faces (1.3% area) of pressure-outlet 21.
  3022  3.0085e-06  1.1213e-08  1.2692e-08  2.9130e-08  0:42:49 1978

 Reversed flow on 37 faces (1.3% area) of pressure-outlet 21.
  3023  3.0496e-06  1.1078e-08  1.2736e-08  2.8601e-08  0:42:47 1977

 Reversed flow on 37 faces (1.3% area) of pressure-outlet 21.
  3024  3.0769e-06  1.0881e-08  1.3229e-08  2.8246e-08  0:42:46 1976

 Reversed flow on 37 faces (1.3% area) of pressure-outlet 21.
  3025  3.0938e-06  1.0856e-08  1.3946e-08  2.8187e-08  0:42:45 1975

 Reversed flow on 37 faces (1.3% area) of pressure-outlet 21.

  iter  continuity  x-velocity  y-velocity  z-velocity     time/iter
  3026  3.1602e-06  1.0895e-08  1.4605e-08  2.8055e-08  0:42:44 1974

 Reversed flow on 37 faces (1.3% area) of pressure-outlet 21.
  3027  3.2683e-06  1.1085e-08  1.5184e-08  2.8561e-08  0:42:42 1973

 Reversed flow on 37 faces (1.3% area) of pressure-outlet 21.
  3028  3.3522e-06  1.1755e-08  1.5607e-08  2.8666e-08  0:42:42 1972

 Reversed flow on 37 faces (1.3% area) of pressure-outlet 21.
  3029  3.3630e-06  1.2349e-08  1.5792e-08  2.8950e-08  0:42:41 1971

 Reversed flow on 37 faces (1.3% area) of pressure-outlet 21.
  3030  3.3470e-06  1.2691e-08  1.5538e-08  2.9061e-08  0:42:42 1970

 Reversed flow on 37 faces (1.3% area) of pressure-outlet 21.
  3031  3.3138e-06  1.2693e-08  1.4976e-08  2.9137e-08  0:42:40 1969

 Reversed flow on 37 faces (1.3% area) of pressure-outlet 21.
  3032  3.2054e-06  1.2461e-08  1.4239e-08  2.9333e-08  0:42:40 1968

 Reversed flow on 37 faces (1.3% area) of pressure-outlet 21.
  3033  3.0524e-06  1.2093e-08  1.3743e-08  2.9213e-08  0:42:38 1967

 Reversed flow on 37 faces (1.3% area) of pressure-outlet 21.
  3034  2.9120e-06  1.1681e-08  1.3648e-08  2.8651e-08  0:42:36 1966

 Reversed flow on 37 faces (1.3% area) of pressure-outlet 21.
  3035  2.8093e-06  1.1309e-08  1.3646e-08  2.7841e-08  0:42:34 1965

 Reversed flow on 37 faces (1.3% area) of pressure-outlet 21.
  3036  2.7653e-06  1.1015e-08  1.3869e-08  2.7281e-08  0:42:33 1964

 Reversed flow on 37 faces (1.3% area) of pressure-outlet 21.

  iter  continuity  x-velocity  y-velocity  z-velocity     time/iter
  3037  2.7791e-06  1.0838e-08  1.4095e-08  2.6413e-08  0:42:30 1963

 Reversed flow on 37 faces (1.3% area) of pressure-outlet 21.
  3038  2.8372e-06  1.0974e-08  1.4294e-08  2.6084e-08  0:42:29 1962

 Reversed flow on 37 faces (1.3% area) of pressure-outlet 21.
  3039  2.9229e-06  1.1217e-08  1.4416e-08  2.6224e-08  0:42:27 1961

 Reversed flow on 37 faces (1.3% area) of pressure-outlet 21.
  3040  3.0020e-06  1.1372e-08  1.4365e-08  2.6831e-08  0:42:26 1960

 Reversed flow on 37 faces (1.3% area) of pressure-outlet 21.
  3041  3.0858e-06  1.1412e-08  1.4127e-08  2.7222e-08  0:42:23 1959

 Reversed flow on 37 faces (1.3% area) of pressure-outlet 21.
  3042  3.1383e-06  1.1460e-08  1.3758e-08  2.7311e-08  0:42:23 1958

 Reversed flow on 37 faces (1.3% area) of pressure-outlet 21.
  3043  3.1720e-06  1.1276e-08  1.3309e-08  2.7712e-08  0:42:21 1957

 Reversed flow on 37 faces (1.3% area) of pressure-outlet 21.
  3044  3.1484e-06  1.1018e-08  1.3507e-08  2.8104e-08  0:42:20 1956

 Reversed flow on 37 faces (1.3% area) of pressure-outlet 21.
  3045  3.0881e-06  1.0741e-08  1.3916e-08  2.7862e-08  0:42:19 1955

 Reversed flow on 37 faces (1.3% area) of pressure-outlet 21.
  3046  2.9727e-06  1.0528e-08  1.4382e-08  2.7575e-08  0:42:18 1954

 Reversed flow on 37 faces (1.3% area) of pressure-outlet 21.
  3047  2.8485e-06  1.0253e-08  1.4554e-08  2.7188e-08  0:42:15 1953

 Reversed flow on 37 faces (1.3% area) of pressure-outlet 21.

  iter  continuity  x-velocity  y-velocity  z-velocity     time/iter
  3048  2.7436e-06  1.0105e-08  1.4438e-08  2.7583e-08  0:42:15 1952

 Reversed flow on 37 faces (1.3% area) of pressure-outlet 21.
  3049  2.7377e-06  1.0385e-08  1.4204e-08  2.7804e-08  0:42:13 1951

 Reversed flow on 37 faces (1.3% area) of pressure-outlet 21.
  3050  2.7768e-06  1.0736e-08  1.4030e-08  2.7983e-08  0:42:11 1950

 Reversed flow on 37 faces (1.3% area) of pressure-outlet 21.
  3051  2.8316e-06  1.0946e-08  1.3681e-08  2.7882e-08  0:42:09 1949

 Reversed flow on 37 faces (1.3% area) of pressure-outlet 21.
  3052  2.9095e-06  1.1073e-08  1.2968e-08  2.7695e-08  0:42:09 1948

 Reversed flow on 37 faces (1.3% area) of pressure-outlet 21.
  3053  2.9970e-06  1.1225e-08  1.2439e-08  2.7555e-08  0:42:10 1947

 Reversed flow on 37 faces (1.3% area) of pressure-outlet 21.
  3054  3.0542e-06  1.1227e-08  1.2534e-08  2.7538e-08  0:42:15 1946

 Reversed flow on 37 faces (1.3% area) of pressure-outlet 21.
  3055  3.0940e-06  1.1260e-08  1.3213e-08  2.7487e-08  0:42:16 1945

 Reversed flow on 37 faces (1.3% area) of pressure-outlet 21.
  3056  3.1603e-06  1.1320e-08  1.3910e-08  2.7484e-08  0:42:13 1944

 Reversed flow on 37 faces (1.3% area) of pressure-outlet 21.
  3057  3.2489e-06  1.1443e-08  1.4623e-08  2.7236e-08  0:42:10 1943

 Reversed flow on 37 faces (1.3% area) of pressure-outlet 21.
  3058  3.2907e-06  1.1709e-08  1.5235e-08  2.6944e-08  0:42:08 1942

 Reversed flow on 37 faces (1.3% area) of pressure-outlet 21.

  iter  continuity  x-velocity  y-velocity  z-velocity     time/iter
  3059  3.3005e-06  1.2059e-08  1.5574e-08  2.7641e-08  0:42:07 1941

 Reversed flow on 37 faces (1.3% area) of pressure-outlet 21.
  3060  3.2920e-06  1.2325e-08  1.5523e-08  2.8479e-08  0:42:06 1940

 Reversed flow on 37 faces (1.3% area) of pressure-outlet 21.
  3061  3.2367e-06  1.2377e-08  1.5187e-08  2.9188e-08  0:42:04 1939

 Reversed flow on 37 faces (1.3% area) of pressure-outlet 21.
  3062  3.1844e-06  1.2231e-08  1.4507e-08  3.0051e-08  0:42:01 1938

 Reversed flow on 37 faces (1.3% area) of pressure-outlet 21.
  3063  3.0787e-06  1.2030e-08  1.3606e-08  3.0615e-08  0:41:58 1937

 Reversed flow on 37 faces (1.3% area) of pressure-outlet 21.
  3064  2.9767e-06  1.1749e-08  1.2765e-08  3.0726e-08  0:41:55 1936

 Reversed flow on 37 faces (1.3% area) of pressure-outlet 21.
  3065  2.8886e-06  1.1379e-08  1.2684e-08  3.0243e-08  0:41:54 1935

 Reversed flow on 37 faces (1.3% area) of pressure-outlet 21.
  3066  2.8540e-06  1.1007e-08  1.3010e-08  2.9712e-08  0:41:52 1934

 Reversed flow on 37 faces (1.3% area) of pressure-outlet 21.
  3067  2.8776e-06  1.0765e-08  1.3472e-08  2.8701e-08  0:41:50 1933

 Reversed flow on 37 faces (1.3% area) of pressure-outlet 21.
  3068  2.9631e-06  1.0622e-08  1.3880e-08  2.7563e-08  0:41:50 1932

 Reversed flow on 37 faces (1.3% area) of pressure-outlet 21.
  3069  3.0557e-06  1.0745e-08  1.4292e-08  2.7395e-08  0:41:48 1931

 Reversed flow on 37 faces (1.3% area) of pressure-outlet 21.

  iter  continuity  x-velocity  y-velocity  z-velocity     time/iter
  3070  3.1530e-06  1.1186e-08  1.4606e-08  2.7547e-08  0:41:46 1930

 Reversed flow on 37 faces (1.3% area) of pressure-outlet 21.
  3071  3.2302e-06  1.1507e-08  1.4762e-08  2.8095e-08  0:41:45 1929

 Reversed flow on 37 faces (1.3% area) of pressure-outlet 21.
  3072  3.3080e-06  1.1762e-08  1.4656e-08  2.8370e-08  0:41:44 1928

 Reversed flow on 37 faces (1.3% area) of pressure-outlet 21.
  3073  3.3701e-06  1.1676e-08  1.4168e-08  2.8946e-08  0:41:41 1927

 Reversed flow on 37 faces (1.3% area) of pressure-outlet 21.
  3074  3.3626e-06  1.1536e-08  1.3665e-08  2.9461e-08  0:41:38 1926

 Reversed flow on 37 faces (1.3% area) of pressure-outlet 21.
  3075  3.2987e-06  1.1327e-08  1.3625e-08  2.9446e-08  0:41:37 1925

 Reversed flow on 37 faces (1.3% area) of pressure-outlet 21.
  3076  3.1747e-06  1.1005e-08  1.3953e-08  2.9351e-08  0:41:36 1924

 Reversed flow on 37 faces (1.3% area) of pressure-outlet 21.
  3077  3.0340e-06  1.0675e-08  1.4120e-08  2.9338e-08  0:41:37 1923

 Reversed flow on 37 faces (1.3% area) of pressure-outlet 21.
  3078  2.9243e-06  1.0447e-08  1.4189e-08  2.9225e-08  0:41:37 1922

 Reversed flow on 37 faces (1.3% area) of pressure-outlet 21.
  3079  2.9154e-06  1.0541e-08  1.4300e-08  2.8884e-08  0:41:46 1921

 Reversed flow on 37 faces (1.3% area) of pressure-outlet 21.
  3080  2.9330e-06  1.1048e-08  1.4549e-08  2.8707e-08  0:41:42 1920

 Reversed flow on 37 faces (1.3% area) of pressure-outlet 21.

  iter  continuity  x-velocity  y-velocity  z-velocity     time/iter
  3081  2.9194e-06  1.1551e-08  1.4614e-08  2.7990e-08  0:41:42 1919

 Reversed flow on 37 faces (1.3% area) of pressure-outlet 21.
  3082  2.9340e-06  1.1823e-08  1.4161e-08  2.7567e-08  0:41:38 1918

 Reversed flow on 37 faces (1.3% area) of pressure-outlet 21.
  3083  3.0176e-06  1.1942e-08  1.3572e-08  2.7566e-08  0:43:52 1917

 Reversed flow on 37 faces (1.3% area) of pressure-outlet 21.
  3084  3.0460e-06  1.1827e-08  1.2973e-08  2.7803e-08  0:43:23 1916

 Reversed flow on 37 faces (1.3% area) of pressure-outlet 21.
  3085  3.0546e-06  1.1619e-08  1.2700e-08  2.8003e-08  0:43:07 1915

 Reversed flow on 37 faces (1.3% area) of pressure-outlet 21.
  3086  3.0698e-06  1.1353e-08  1.3114e-08  2.7943e-08  0:42:45 1914

 Reversed flow on 37 faces (1.3% area) of pressure-outlet 21.
  3087  3.0987e-06  1.1167e-08  1.3707e-08  2.7240e-08  0:42:29 1913

 Reversed flow on 37 faces (1.3% area) of pressure-outlet 21.
  3088  3.0724e-06  1.1108e-08  1.4326e-08  2.6238e-08  0:42:15 1912

 Reversed flow on 37 faces (1.3% area) of pressure-outlet 21.
  3089  3.0513e-06  1.0987e-08  1.4689e-08  2.5643e-08  0:42:03 1911

 Reversed flow on 37 faces (1.3% area) of pressure-outlet 21.
  3090  3.0074e-06  1.1013e-08  1.4790e-08  2.5612e-08  0:41:52 1910

 Reversed flow on 37 faces (1.3% area) of pressure-outlet 21.
  3091  2.9476e-06  1.1213e-08  1.4725e-08  2.5473e-08  0:41:45 1909

 Reversed flow on 37 faces (1.3% area) of pressure-outlet 21.

  iter  continuity  x-velocity  y-velocity  z-velocity     time/iter
  3092  2.8550e-06  1.1286e-08  1.4374e-08  2.6167e-08  0:41:38 1908

 Reversed flow on 37 faces (1.3% area) of pressure-outlet 21.
  3093  2.7678e-06  1.1238e-08  1.3724e-08  2.6690e-08  0:41:32 1907

 Reversed flow on 37 faces (1.3% area) of pressure-outlet 21.
  3094  2.6972e-06  1.1065e-08  1.2883e-08  2.6957e-08  0:41:29 1906

 Reversed flow on 37 faces (1.3% area) of pressure-outlet 21.
  3095  2.6449e-06  1.0862e-08  1.2134e-08  2.7079e-08  0:41:25 1905

 Reversed flow on 37 faces (1.3% area) of pressure-outlet 21.
  3096  2.6308e-06  1.0567e-08  1.2147e-08  2.7112e-08  0:41:21 1904

 Reversed flow on 37 faces (1.3% area) of pressure-outlet 21.
  3097  2.6750e-06  1.0160e-08  1.2510e-08  2.6673e-08  0:41:18 1903

 Reversed flow on 37 faces (1.3% area) of pressure-outlet 21.
  3098  2.7699e-06  9.9166e-09  1.2962e-08  2.6304e-08  0:41:16 1902

 Reversed flow on 37 faces (1.3% area) of pressure-outlet 21.
  3099  2.8757e-06  9.8811e-09  1.3620e-08  2.6056e-08  0:41:13 1901

 Reversed flow on 37 faces (1.3% area) of pressure-outlet 21.
  3100  2.9812e-06  1.0159e-08  1.4316e-08  2.6065e-08  0:41:14 1900

 Reversed flow on 37 faces (1.3% area) of pressure-outlet 21.
  3101  3.0758e-06  1.0660e-08  1.4921e-08  2.6658e-08  0:41:14 1899

 Reversed flow on 37 faces (1.3% area) of pressure-outlet 21.
  3102  3.2062e-06  1.1252e-08  1.5268e-08  2.7431e-08  0:41:12 1898

 Reversed flow on 37 faces (1.3% area) of pressure-outlet 21.

  iter  continuity  x-velocity  y-velocity  z-velocity     time/iter
  3103  3.3276e-06  1.1553e-08  1.5190e-08  2.8637e-08  0:41:09 1897

 Reversed flow on 37 faces (1.3% area) of pressure-outlet 21.
  3104  3.4163e-06  1.1845e-08  1.4898e-08  2.9682e-08  0:41:08 1896

 Reversed flow on 37 faces (1.3% area) of pressure-outlet 21.
  3105  3.4182e-06  1.2053e-08  1.4469e-08  3.0234e-08  0:41:06 1895

 Reversed flow on 37 faces (1.3% area) of pressure-outlet 21.
  3106  3.3389e-06  1.2057e-08  1.4303e-08  3.0630e-08  0:41:06 1894

 Reversed flow on 37 faces (1.3% area) of pressure-outlet 21.
  3107  3.2053e-06  1.1921e-08  1.4513e-08  3.0473e-08  0:41:03 1893

 Reversed flow on 37 faces (1.3% area) of pressure-outlet 21.
  3108  3.0814e-06  1.1790e-08  1.4620e-08  2.9979e-08  0:41:01 1892

 Reversed flow on 37 faces (1.3% area) of pressure-outlet 21.
  3109  3.0206e-06  1.1778e-08  1.4785e-08  2.8908e-08  0:41:00 1891

 Reversed flow on 37 faces (1.3% area) of pressure-outlet 21.
  3110  2.9853e-06  1.1777e-08  1.4926e-08  2.7923e-08  0:40:58 1890

 Reversed flow on 37 faces (1.3% area) of pressure-outlet 21.
  3111  2.9491e-06  1.1868e-08  1.4873e-08  2.7501e-08  0:40:55 1889

 Reversed flow on 37 faces (1.3% area) of pressure-outlet 21.
  3112  2.9554e-06  1.2130e-08  1.4479e-08  2.7417e-08  0:40:54 1888

 Reversed flow on 37 faces (1.3% area) of pressure-outlet 21.
  3113  3.0002e-06  1.2305e-08  1.4062e-08  2.7826e-08  0:40:52 1887

 Reversed flow on 37 faces (1.3% area) of pressure-outlet 21.

  iter  continuity  x-velocity  y-velocity  z-velocity     time/iter
  3114  3.0600e-06  1.2234e-08  1.3569e-08  2.8521e-08  0:40:51 1886

 Reversed flow on 37 faces (1.3% area) of pressure-outlet 21.
  3115  3.1094e-06  1.2067e-08  1.3095e-08  2.9219e-08  0:40:50 1885

 Reversed flow on 37 faces (1.3% area) of pressure-outlet 21.
  3116  3.1632e-06  1.1848e-08  1.2744e-08  2.9749e-08  0:40:49 1884

 Reversed flow on 37 faces (1.3% area) of pressure-outlet 21.
  3117  3.2081e-06  1.1588e-08  1.3053e-08  2.9308e-08  0:40:47 1883

 Reversed flow on 37 faces (1.3% area) of pressure-outlet 21.
  3118  3.2166e-06  1.1254e-08  1.3621e-08  2.9031e-08  0:40:45 1882

 Reversed flow on 37 faces (1.3% area) of pressure-outlet 21.
  3119  3.2234e-06  1.0976e-08  1.4138e-08  2.8886e-08  0:40:43 1881

 Reversed flow on 37 faces (1.3% area) of pressure-outlet 21.
  3120  3.2126e-06  1.0814e-08  1.4565e-08  2.8426e-08  0:40:40 1880

 Reversed flow on 37 faces (1.3% area) of pressure-outlet 21.
  3121  3.1668e-06  1.0866e-08  1.4926e-08  2.7798e-08  0:40:40 1879

 Reversed flow on 37 faces (1.3% area) of pressure-outlet 21.
  3122  3.0816e-06  1.1065e-08  1.5020e-08  2.8345e-08  0:40:38 1878

 Reversed flow on 37 faces (1.3% area) of pressure-outlet 21.
  3123  3.0077e-06  1.1201e-08  1.4784e-08  2.9114e-08  0:40:38 1877

 Reversed flow on 37 faces (1.3% area) of pressure-outlet 21.
  3124  2.9544e-06  1.1239e-08  1.4213e-08  2.9584e-08  0:40:38 1876

 Reversed flow on 37 faces (1.3% area) of pressure-outlet 21.

  iter  continuity  x-velocity  y-velocity  z-velocity     time/iter
  3125  2.9446e-06  1.1227e-08  1.3469e-08  2.9775e-08  0:40:37 1875

 Reversed flow on 37 faces (1.3% area) of pressure-outlet 21.
  3126  2.9582e-06  1.1129e-08  1.2883e-08  2.9906e-08  0:40:35 1874

 Reversed flow on 37 faces (1.3% area) of pressure-outlet 21.
  3127  3.0047e-06  1.0953e-08  1.2711e-08  2.9590e-08  0:40:33 1873

 Reversed flow on 37 faces (1.3% area) of pressure-outlet 21.
  3128  3.0772e-06  1.0837e-08  1.3157e-08  2.9019e-08  0:40:32 1872

 Reversed flow on 37 faces (1.3% area) of pressure-outlet 21.
  3129  3.1547e-06  1.0882e-08  1.3851e-08  2.8600e-08  0:40:30 1871

 Reversed flow on 37 faces (1.3% area) of pressure-outlet 21.
  3130  3.2143e-06  1.1067e-08  1.4636e-08  2.7878e-08  0:40:30 1870

 Reversed flow on 37 faces (1.3% area) of pressure-outlet 21.
  3131  3.2874e-06  1.1285e-08  1.5267e-08  2.7737e-08  0:40:28 1869

 Reversed flow on 37 faces (1.3% area) of pressure-outlet 21.
  3132  3.3619e-06  1.1891e-08  1.5728e-08  2.7796e-08  0:40:26 1868

 Reversed flow on 37 faces (1.3% area) of pressure-outlet 21.
  3133  3.3810e-06  1.2481e-08  1.5832e-08  2.7969e-08  0:40:24 1867

 Reversed flow on 37 faces (1.3% area) of pressure-outlet 21.
  3134  3.3675e-06  1.2837e-08  1.5657e-08  2.8564e-08  0:40:23 1866

 Reversed flow on 37 faces (1.3% area) of pressure-outlet 21.
  3135  3.3347e-06  1.2857e-08  1.5108e-08  2.9079e-08  0:40:21 1865

 Reversed flow on 37 faces (1.3% area) of pressure-outlet 21.

  iter  continuity  x-velocity  y-velocity  z-velocity     time/iter
  3136  3.2102e-06  1.2570e-08  1.4401e-08  2.9537e-08  0:40:18 1864

 Reversed flow on 37 faces (1.3% area) of pressure-outlet 21.
  3137  3.0386e-06  1.2040e-08  1.3565e-08  2.9561e-08  0:40:18 1863

 Reversed flow on 37 faces (1.3% area) of pressure-outlet 21.
  3138  2.8726e-06  1.1470e-08  1.3213e-08  2.9051e-08  0:40:16 1862

 Reversed flow on 37 faces (1.3% area) of pressure-outlet 21.
  3139  2.7874e-06  1.0935e-08  1.3136e-08  2.8146e-08  0:40:16 1861

 Reversed flow on 37 faces (1.3% area) of pressure-outlet 21.
  3140  2.7143e-06  1.0582e-08  1.3293e-08  2.6920e-08  0:40:17 1860

 Reversed flow on 37 faces (1.3% area) of pressure-outlet 21.
  3141  2.6637e-06  1.0314e-08  1.3410e-08  2.5542e-08  0:40:15 1859

 Reversed flow on 37 faces (1.3% area) of pressure-outlet 21.
  3142  2.6546e-06  1.0367e-08  1.3350e-08  2.4529e-08  0:40:14 1858

 Reversed flow on 37 faces (1.3% area) of pressure-outlet 21.
  3143  2.6918e-06  1.0607e-08  1.3332e-08  2.4265e-08  0:40:12 1857

 Reversed flow on 37 faces (1.3% area) of pressure-outlet 21.
  3144  2.7256e-06  1.0689e-08  1.3224e-08  2.4803e-08  0:40:11 1856

 Reversed flow on 37 faces (1.3% area) of pressure-outlet 21.
  3145  2.7833e-06  1.0721e-08  1.3012e-08  2.5447e-08  0:40:09 1855

 Reversed flow on 37 faces (1.3% area) of pressure-outlet 21.
  3146  2.8693e-06  1.0695e-08  1.2632e-08  2.6099e-08  0:40:08 1854

 Reversed flow on 37 faces (1.3% area) of pressure-outlet 21.

  iter  continuity  x-velocity  y-velocity  z-velocity     time/iter
  3147  2.9332e-06  1.0664e-08  1.2295e-08  2.6031e-08  0:40:08 1853

 Reversed flow on 37 faces (1.3% area) of pressure-outlet 21.
  3148  2.9491e-06  1.0510e-08  1.2437e-08  2.6335e-08  0:40:10 1852

 Reversed flow on 37 faces (1.3% area) of pressure-outlet 21.
  3149  2.9404e-06  1.0224e-08  1.2922e-08  2.6224e-08  0:40:07 1851

 Reversed flow on 37 faces (1.3% area) of pressure-outlet 21.
  3150  2.9111e-06  1.0050e-08  1.3394e-08  2.5895e-08  0:40:05 1850

 Reversed flow on 37 faces (1.3% area) of pressure-outlet 21.
  3151  2.8496e-06  9.9239e-09  1.3887e-08  2.4932e-08  0:40:04 1849

 Reversed flow on 37 faces (1.3% area) of pressure-outlet 21.
  3152  2.7762e-06  9.8694e-09  1.4095e-08  2.5410e-08  0:40:02 1848

 Reversed flow on 37 faces (1.3% area) of pressure-outlet 21.
  3153  2.7107e-06  1.0153e-08  1.4116e-08  2.5970e-08  0:40:00 1847

 Reversed flow on 37 faces (1.3% area) of pressure-outlet 21.
  3154  2.7123e-06  1.0587e-08  1.3923e-08  2.6822e-08  0:39:59 1846

 Reversed flow on 37 faces (1.3% area) of pressure-outlet 21.
  3155  2.7561e-06  1.0929e-08  1.3609e-08  2.7643e-08  0:39:57 1845

 Reversed flow on 37 faces (1.3% area) of pressure-outlet 21.
  3156  2.8684e-06  1.1118e-08  1.3288e-08  2.8374e-08  0:39:55 1844

 Reversed flow on 37 faces (1.3% area) of pressure-outlet 21.
  3157  2.9907e-06  1.1185e-08  1.2910e-08  2.8751e-08  0:39:53 1843

 Reversed flow on 37 faces (1.3% area) of pressure-outlet 21.

  iter  continuity  x-velocity  y-velocity  z-velocity     time/iter
  3158  3.1162e-06  1.1249e-08  1.2787e-08  2.8788e-08  0:39:52 1842

 Reversed flow on 37 faces (1.3% area) of pressure-outlet 21.
  3159  3.2123e-06  1.1382e-08  1.3422e-08  2.8512e-08  0:39:50 1841

 Reversed flow on 37 faces (1.3% area) of pressure-outlet 21.
  3160  3.2822e-06  1.1492e-08  1.4162e-08  2.8164e-08  0:39:50 1840

 Reversed flow on 37 faces (1.3% area) of pressure-outlet 21.
  3161  3.3357e-06  1.1621e-08  1.4889e-08  2.7906e-08  0:39:49 1839

 Reversed flow on 37 faces (1.3% area) of pressure-outlet 21.
  3162  3.3798e-06  1.1876e-08  1.5507e-08  2.7543e-08  0:39:46 1838

 Reversed flow on 37 faces (1.3% area) of pressure-outlet 21.
  3163  3.4054e-06  1.2165e-08  1.5818e-08  2.8209e-08  0:39:44 1837

 Reversed flow on 37 faces (1.3% area) of pressure-outlet 21.
  3164  3.3901e-06  1.2536e-08  1.5926e-08  2.9217e-08  0:39:43 1836

 Reversed flow on 37 faces (1.3% area) of pressure-outlet 21.
  3165  3.3360e-06  1.2711e-08  1.5698e-08  3.0094e-08  0:39:42 1835

 Reversed flow on 37 faces (1.3% area) of pressure-outlet 21.
  3166  3.2533e-06  1.2663e-08  1.5192e-08  3.1048e-08  0:39:40 1834

 Reversed flow on 37 faces (1.3% area) of pressure-outlet 21.
  3167  3.1371e-06  1.2412e-08  1.4253e-08  3.1573e-08  0:39:41 1833

 Reversed flow on 37 faces (1.3% area) of pressure-outlet 21.
  3168  3.0235e-06  1.2099e-08  1.3254e-08  3.1656e-08  0:39:39 1832

 Reversed flow on 37 faces (1.3% area) of pressure-outlet 21.

  iter  continuity  x-velocity  y-velocity  z-velocity     time/iter
  3169  2.9774e-06  1.1731e-08  1.2981e-08  3.1184e-08  0:39:37 1831

 Reversed flow on 37 faces (1.3% area) of pressure-outlet 21.
  3170  2.9236e-06  1.1362e-08  1.3303e-08  3.0045e-08  0:39:37 1830

 Reversed flow on 37 faces (1.3% area) of pressure-outlet 21.
  3171  2.8999e-06  1.1100e-08  1.3659e-08  2.8741e-08  0:39:35 1829

 Reversed flow on 37 faces (1.3% area) of pressure-outlet 21.
  3172  2.9181e-06  1.0931e-08  1.3879e-08  2.7263e-08  0:39:35 1828

 Reversed flow on 37 faces (1.3% area) of pressure-outlet 21.
  3173  2.9820e-06  1.0926e-08  1.4120e-08  2.6826e-08  0:39:34 1827

 Reversed flow on 37 faces (1.3% area) of pressure-outlet 21.
  3174  3.0272e-06  1.1130e-08  1.4355e-08  2.7136e-08  0:39:31 1826

 Reversed flow on 37 faces (1.3% area) of pressure-outlet 21.
  3175  3.1152e-06  1.1411e-08  1.4539e-08  2.8130e-08  0:39:30 1825

 Reversed flow on 37 faces (1.3% area) of pressure-outlet 21.
  3176  3.2228e-06  1.1588e-08  1.4515e-08  2.9184e-08  0:39:28 1824

 Reversed flow on 37 faces (1.3% area) of pressure-outlet 21.
  3177  3.3278e-06  1.1684e-08  1.4321e-08  2.9216e-08  0:39:28 1823

 Reversed flow on 37 faces (1.3% area) of pressure-outlet 21.
  3178  3.3680e-06  1.1617e-08  1.3986e-08  2.9810e-08  0:39:26 1822

 Reversed flow on 37 faces (1.3% area) of pressure-outlet 21.
  3179  3.3663e-06  1.1423e-08  1.3797e-08  3.0013e-08  0:39:25 1821

 Reversed flow on 37 faces (1.3% area) of pressure-outlet 21.

  iter  continuity  x-velocity  y-velocity  z-velocity     time/iter
  3180  3.3256e-06  1.1219e-08  1.4093e-08  2.9736e-08  0:39:23 1820

 Reversed flow on 37 faces (1.3% area) of pressure-outlet 21.
  3181  3.2449e-06  1.0969e-08  1.4443e-08  2.9076e-08  0:39:24 1819

 Reversed flow on 37 faces (1.3% area) of pressure-outlet 21.
  3182  3.1409e-06  1.0821e-08  1.4693e-08  2.9279e-08  0:39:22 1818

 Reversed flow on 37 faces (1.3% area) of pressure-outlet 21.
  3183  3.0512e-06  1.0886e-08  1.4855e-08  2.9020e-08  0:39:20 1817

 Reversed flow on 37 faces (1.3% area) of pressure-outlet 21.
  3184  2.9931e-06  1.1331e-08  1.4910e-08  2.9023e-08  0:39:18 1816

 Reversed flow on 37 faces (1.3% area) of pressure-outlet 21.
  3185  2.9254e-06  1.1905e-08  1.4913e-08  2.8677e-08  0:39:18 1815

 Reversed flow on 37 faces (1.3% area) of pressure-outlet 21.
  3186  2.9412e-06  1.2195e-08  1.4753e-08  2.8784e-08  0:39:17 1814

 Reversed flow on 37 faces (1.3% area) of pressure-outlet 21.
  3187  3.0325e-06  1.2225e-08  1.4282e-08  2.8962e-08  0:39:15 1813

 Reversed flow on 37 faces (1.3% area) of pressure-outlet 21.
  3188  3.1201e-06  1.2203e-08  1.3684e-08  2.8870e-08  0:39:13 1812

 Reversed flow on 37 faces (1.3% area) of pressure-outlet 21.
  3189  3.1779e-06  1.2096e-08  1.3290e-08  2.8732e-08  0:39:12 1811

 Reversed flow on 37 faces (1.3% area) of pressure-outlet 21.
  3190  3.2008e-06  1.1926e-08  1.3543e-08  2.8416e-08  0:39:10 1810

 Reversed flow on 37 faces (1.3% area) of pressure-outlet 21.

  iter  continuity  x-velocity  y-velocity  z-velocity     time/iter
  3191  3.1977e-06  1.1696e-08  1.4136e-08  2.7653e-08  0:39:09 1809

 Reversed flow on 37 faces (1.3% area) of pressure-outlet 21.
  3192  3.1867e-06  1.1639e-08  1.4710e-08  2.6642e-08  0:39:10 1808

 Reversed flow on 37 faces (1.3% area) of pressure-outlet 21.
  3193  3.1754e-06  1.1426e-08  1.5009e-08  2.6243e-08  0:39:10 1807

 Reversed flow on 37 faces (1.3% area) of pressure-outlet 21.
  3194  3.1374e-06  1.1300e-08  1.5155e-08  2.6531e-08  0:39:08 1806

 Reversed flow on 37 faces (1.3% area) of pressure-outlet 21.
  3195  3.0531e-06  1.1457e-08  1.5080e-08  2.6486e-08  0:39:07 1805

 Reversed flow on 37 faces (1.3% area) of pressure-outlet 21.
  3196  2.9396e-06  1.1495e-08  1.4811e-08  2.7338e-08  0:39:05 1804

 Reversed flow on 37 faces (1.3% area) of pressure-outlet 21.
  3197  2.8060e-06  1.1291e-08  1.4109e-08  2.7850e-08  0:39:03 1803

 Reversed flow on 37 faces (1.3% area) of pressure-outlet 21.
  3198  2.7176e-06  1.0992e-08  1.3133e-08  2.8065e-08  0:39:01 1802

 Reversed flow on 37 faces (1.3% area) of pressure-outlet 21.
  3199  2.6862e-06  1.0682e-08  1.2268e-08  2.8030e-08  0:38:59 1801

 Reversed flow on 37 faces (1.3% area) of pressure-outlet 21.
  3200  2.6378e-06  1.0363e-08  1.1974e-08  2.7394e-08  0:38:58 1800

 Reversed flow on 37 faces (1.3% area) of pressure-outlet 21.
  3201  2.6171e-06  9.9737e-09  1.2127e-08  2.6346e-08  0:38:57 1799

 Reversed flow on 37 faces (1.3% area) of pressure-outlet 21.

  iter  continuity  x-velocity  y-velocity  z-velocity     time/iter
  3202  2.6376e-06  9.7023e-09  1.2292e-08  2.5402e-08  0:38:55 1798

 Reversed flow on 37 faces (1.3% area) of pressure-outlet 21.
  3203  2.7024e-06  9.6377e-09  1.2715e-08  2.4874e-08  0:38:53 1797

 Reversed flow on 37 faces (1.3% area) of pressure-outlet 21.
  3204  2.7525e-06  9.7080e-09  1.3271e-08  2.4748e-08  0:38:51 1796

 Reversed flow on 37 faces (1.3% area) of pressure-outlet 21.
  3205  2.8396e-06  1.0128e-08  1.3861e-08  2.5370e-08  0:38:51 1795

 Reversed flow on 37 faces (1.3% area) of pressure-outlet 21.
  3206  2.9843e-06  1.0640e-08  1.4272e-08  2.6528e-08  0:39:39 1794

 Reversed flow on 37 faces (1.3% area) of pressure-outlet 21.
  3207  3.1207e-06  1.1104e-08  1.4490e-08  2.6846e-08  0:39:28 1793

 Reversed flow on 37 faces (1.3% area) of pressure-outlet 21.
  3208  3.2482e-06  1.1414e-08  1.4398e-08  2.7947e-08  0:39:18 1792

 Reversed flow on 37 faces (1.3% area) of pressure-outlet 21.
  3209  3.3142e-06  1.1593e-08  1.4045e-08  2.8682e-08  0:39:10 1791

 Reversed flow on 37 faces (1.3% area) of pressure-outlet 21.
  3210  3.3240e-06  1.1676e-08  1.3700e-08  2.8953e-08  0:39:04 1790

 Reversed flow on 37 faces (1.3% area) of pressure-outlet 21.
  3211  3.2644e-06  1.1640e-08  1.3968e-08  2.8604e-08  0:38:59 1789

 Reversed flow on 37 faces (1.3% area) of pressure-outlet 21.
  3212  3.1515e-06  1.1522e-08  1.4303e-08  2.8501e-08  0:38:55 1788

 Reversed flow on 37 faces (1.3% area) of pressure-outlet 21.

  iter  continuity  x-velocity  y-velocity  z-velocity     time/iter
  3213  3.0284e-06  1.1516e-08  1.4549e-08  2.8034e-08  0:38:51 1787

 Reversed flow on 37 faces (1.3% area) of pressure-outlet 21.
  3214  2.9361e-06  1.1490e-08  1.4590e-08  2.7523e-08  0:38:48 1786

 Reversed flow on 37 faces (1.3% area) of pressure-outlet 21.
  3215  2.8918e-06  1.1511e-08  1.4559e-08  2.7866e-08  0:38:45 1785

 Reversed flow on 37 faces (1.3% area) of pressure-outlet 21.
  3216  2.9044e-06  1.1740e-08  1.4487e-08  2.8233e-08  0:38:43 1784

 Reversed flow on 37 faces (1.3% area) of pressure-outlet 21.
  3217  2.9778e-06  1.1904e-08  1.4236e-08  2.8949e-08  0:38:40 1783

 Reversed flow on 37 faces (1.3% area) of pressure-outlet 21.
  3218  3.0857e-06  1.1969e-08  1.3833e-08  2.9376e-08  0:38:37 1782

 Reversed flow on 37 faces (1.3% area) of pressure-outlet 21.
  3219  3.1834e-06  1.1940e-08  1.3391e-08  2.9714e-08  0:38:37 1781

 Reversed flow on 37 faces (1.3% area) of pressure-outlet 21.
  3220  3.2328e-06  1.1847e-08  1.2977e-08  2.9895e-08  0:38:35 1780

 Reversed flow on 37 faces (1.3% area) of pressure-outlet 21.
  3221  3.2497e-06  1.1639e-08  1.3053e-08  2.9567e-08  0:38:32 1779

 Reversed flow on 37 faces (1.3% area) of pressure-outlet 21.
  3222  3.2649e-06  1.1411e-08  1.3534e-08  2.8905e-08  0:38:30 1778

 Reversed flow on 37 faces (1.3% area) of pressure-outlet 21.
  3223  3.2799e-06  1.1087e-08  1.3956e-08  2.8968e-08  0:38:28 1777

 Reversed flow on 37 faces (1.3% area) of pressure-outlet 21.

  iter  continuity  x-velocity  y-velocity  z-velocity     time/iter
  3224  3.2722e-06  1.0939e-08  1.4444e-08  2.8797e-08  0:38:27 1776

 Reversed flow on 37 faces (1.3% area) of pressure-outlet 21.
  3225  3.2111e-06  1.0976e-08  1.4862e-08  2.8165e-08  0:38:25 1775

 Reversed flow on 37 faces (1.3% area) of pressure-outlet 21.
  3226  3.1075e-06  1.1178e-08  1.5137e-08  2.8686e-08  0:38:24 1774

 Reversed flow on 37 faces (1.3% area) of pressure-outlet 21.
  3227  3.0079e-06  1.1267e-08  1.4965e-08  2.9376e-08  0:38:22 1773

 Reversed flow on 37 faces (1.3% area) of pressure-outlet 21.
  3228  2.9403e-06  1.1297e-08  1.4439e-08  2.9932e-08  0:38:20 1772

 Reversed flow on 37 faces (1.3% area) of pressure-outlet 21.
  3229  2.9710e-06  1.1288e-08  1.3814e-08  3.0098e-08  0:38:19 1771

 Reversed flow on 37 faces (1.3% area) of pressure-outlet 21.
  3230  2.9696e-06  1.1245e-08  1.3241e-08  2.9820e-08  0:38:17 1770

 Reversed flow on 37 faces (1.3% area) of pressure-outlet 21.
  3231  2.9790e-06  1.1086e-08  1.2699e-08  2.9318e-08  0:38:16 1769

 Reversed flow on 37 faces (1.3% area) of pressure-outlet 21.
  3232  3.0041e-06  1.0937e-08  1.2788e-08  2.8738e-08  0:38:15 1768

 Reversed flow on 37 faces (1.3% area) of pressure-outlet 21.
  3233  3.0496e-06  1.0843e-08  1.3237e-08  2.8163e-08  0:38:13 1767

 Reversed flow on 37 faces (1.3% area) of pressure-outlet 21.
  3234  3.0676e-06  1.0826e-08  1.3885e-08  2.7855e-08  0:38:13 1766

 Reversed flow on 37 faces (1.3% area) of pressure-outlet 21.

  iter  continuity  x-velocity  y-velocity  z-velocity     time/iter
  3235  3.1370e-06  1.0917e-08  1.4532e-08  2.7698e-08  0:38:11 1765

 Reversed flow on 37 faces (1.3% area) of pressure-outlet 21.
  3236  3.2420e-06  1.1306e-08  1.5079e-08  2.8491e-08  0:38:15 1764

 Reversed flow on 37 faces (1.3% area) of pressure-outlet 21.
  3237  3.2759e-06  1.2058e-08  1.5543e-08  2.7537e-08  0:38:18 1763

 Reversed flow on 37 faces (1.3% area) of pressure-outlet 21.
  3238  3.3130e-06  1.2532e-08  1.5656e-08  2.8315e-08  0:38:16 1762

 Reversed flow on 37 faces (1.3% area) of pressure-outlet 21.
  3239  3.3363e-06  1.2663e-08  1.5320e-08  2.8959e-08  0:38:14 1761

 Reversed flow on 37 faces (1.3% area) of pressure-outlet 21.
  3240  3.3093e-06  1.2556e-08  1.4694e-08  2.9073e-08  0:40:14 1760

 Reversed flow on 37 faces (1.3% area) of pressure-outlet 21.
  3241  3.2087e-06  1.2243e-08  1.4007e-08  2.8814e-08  0:39:47 1759

 Reversed flow on 37 faces (1.3% area) of pressure-outlet 21.
  3242  3.0534e-06  1.1833e-08  1.3700e-08  2.8760e-08  0:39:25 1758

 Reversed flow on 37 faces (1.3% area) of pressure-outlet 21.
  3243  2.8991e-06  1.1388e-08  1.3663e-08  2.8144e-08  0:39:08 1757

 Reversed flow on 37 faces (1.3% area) of pressure-outlet 21.
  3244  2.7702e-06  1.1035e-08  1.3632e-08  2.7447e-08  0:38:56 1756

 Reversed flow on 37 faces (1.3% area) of pressure-outlet 21.
  3245  2.7055e-06  1.0792e-08  1.3747e-08  2.6839e-08  0:38:45 1755

 Reversed flow on 37 faces (1.3% area) of pressure-outlet 21.

  iter  continuity  x-velocity  y-velocity  z-velocity     time/iter
  3246  2.7060e-06  1.0689e-08  1.3982e-08  2.6097e-08  0:38:35 1754

 Reversed flow on 37 faces (1.3% area) of pressure-outlet 21.
  3247  2.7550e-06  1.0825e-08  1.4127e-08  2.5983e-08  0:38:27 1753

 Reversed flow on 37 faces (1.3% area) of pressure-outlet 21.
  3248  2.8552e-06  1.1031e-08  1.4126e-08  2.6213e-08  0:38:20 1752

 Reversed flow on 37 faces (1.3% area) of pressure-outlet 21.
  3249  2.9473e-06  1.1169e-08  1.4040e-08  2.6666e-08  0:38:13 1751

 Reversed flow on 37 faces (1.3% area) of pressure-outlet 21.
  3250  3.0434e-06  1.1240e-08  1.3796e-08  2.7108e-08  0:38:06 1750

 Reversed flow on 37 faces (1.3% area) of pressure-outlet 21.
  3251  3.0925e-06  1.1237e-08  1.3464e-08  2.7443e-08  0:38:02 1749

 Reversed flow on 37 faces (1.3% area) of pressure-outlet 21.
  3252  3.1312e-06  1.1157e-08  1.3252e-08  2.7525e-08  0:37:58 1748

 Reversed flow on 37 faces (1.3% area) of pressure-outlet 21.
  3253  3.1523e-06  1.0835e-08  1.3585e-08  2.7999e-08  0:37:55 1747

 Reversed flow on 37 faces (1.3% area) of pressure-outlet 21.
  3254  3.1364e-06  1.0621e-08  1.4070e-08  2.8048e-08  0:37:51 1746

 Reversed flow on 37 faces (1.3% area) of pressure-outlet 21.
  3255  3.0580e-06  1.0510e-08  1.4566e-08  2.7409e-08  0:37:49 1745

 Reversed flow on 37 faces (1.3% area) of pressure-outlet 21.
  3256  2.9544e-06  1.0378e-08  1.4841e-08  2.7422e-08  0:37:47 1744

 Reversed flow on 37 faces (1.3% area) of pressure-outlet 21.

  iter  continuity  x-velocity  y-velocity  z-velocity     time/iter
  3257  2.8442e-06  1.0334e-08  1.4765e-08  2.7891e-08  0:37:44 1743

 Reversed flow on 37 faces (1.3% area) of pressure-outlet 21.
  3258  2.8075e-06  1.0657e-08  1.4443e-08  2.8261e-08  0:37:43 1742

 Reversed flow on 37 faces (1.3% area) of pressure-outlet 21.
  3259  2.8503e-06  1.0985e-08  1.4125e-08  2.8690e-08  0:37:42 1741

 Reversed flow on 37 faces (1.3% area) of pressure-outlet 21.
  3260  2.8997e-06  1.1235e-08  1.3768e-08  2.8643e-08  0:37:40 1740

 Reversed flow on 37 faces (1.3% area) of pressure-outlet 21.
  3261  2.9529e-06  1.1324e-08  1.3185e-08  2.8352e-08  0:37:40 1739

 Reversed flow on 37 faces (1.3% area) of pressure-outlet 21.
  3262  3.0109e-06  1.1428e-08  1.2607e-08  2.8027e-08  0:37:39 1738

 Reversed flow on 37 faces (1.3% area) of pressure-outlet 21.
  3263  3.0682e-06  1.1533e-08  1.2766e-08  2.7527e-08  0:37:36 1737

 Reversed flow on 37 faces (1.3% area) of pressure-outlet 21.
  3264  3.0905e-06  1.1463e-08  1.3339e-08  2.7200e-08  0:37:35 1736

 Reversed flow on 37 faces (1.3% area) of pressure-outlet 21.
  3265  3.1345e-06  1.1459e-08  1.3953e-08  2.7140e-08  0:37:34 1735

 Reversed flow on 37 faces (1.3% area) of pressure-outlet 21.
  3266  3.2075e-06  1.1530e-08  1.4559e-08  2.7531e-08  0:37:32 1734

 Reversed flow on 37 faces (1.3% area) of pressure-outlet 21.
  3267  3.2594e-06  1.1813e-08  1.5138e-08  2.6793e-08  0:37:32 1733

 Reversed flow on 37 faces (1.3% area) of pressure-outlet 21.

  iter  continuity  x-velocity  y-velocity  z-velocity     time/iter
  3268  3.2730e-06  1.2146e-08  1.5458e-08  2.7884e-08  0:37:31 1732

 Reversed flow on 37 faces (1.3% area) of pressure-outlet 21.
  3269  3.2908e-06  1.2338e-08  1.5391e-08  2.8997e-08  0:37:28 1731

 Reversed flow on 37 faces (1.3% area) of pressure-outlet 21.
  3270  3.2810e-06  1.2349e-08  1.4989e-08  2.9675e-08  0:37:27 1730

 Reversed flow on 37 faces (1.3% area) of pressure-outlet 21.
  3271  3.2350e-06  1.2186e-08  1.4330e-08  3.0014e-08  0:37:25 1729

 Reversed flow on 37 faces (1.3% area) of pressure-outlet 21.
  3272  3.1160e-06  1.1920e-08  1.3480e-08  3.0578e-08  0:37:24 1728

 Reversed flow on 37 faces (1.3% area) of pressure-outlet 21.
  3273  2.9942e-06  1.1554e-08  1.2854e-08  3.0566e-08  0:37:23 1727

 Reversed flow on 37 faces (1.3% area) of pressure-outlet 21.
  3274  2.8859e-06  1.1164e-08  1.2866e-08  3.0145e-08  0:37:21 1726

 Reversed flow on 37 faces (1.3% area) of pressure-outlet 21.
  3275  2.8450e-06  1.0873e-08  1.3156e-08  2.9608e-08  0:37:21 1725

 Reversed flow on 37 faces (1.3% area) of pressure-outlet 21.
  3276  2.8566e-06  1.0689e-08  1.3656e-08  2.8463e-08  0:37:21 1724

 Reversed flow on 37 faces (1.3% area) of pressure-outlet 21.
  3277  2.9326e-06  1.0587e-08  1.4006e-08  2.7604e-08  0:37:19 1723

 Reversed flow on 37 faces (1.3% area) of pressure-outlet 21.
  3278  3.0261e-06  1.0781e-08  1.4308e-08  2.7372e-08  0:37:17 1722

 Reversed flow on 37 faces (1.3% area) of pressure-outlet 21.

  iter  continuity  x-velocity  y-velocity  z-velocity     time/iter
  3279  3.1335e-06  1.1201e-08  1.4565e-08  2.7626e-08  0:37:16 1721

 Reversed flow on 37 faces (1.3% area) of pressure-outlet 21.
  3280  3.2162e-06  1.1537e-08  1.4645e-08  2.8201e-08  0:37:15 1720

 Reversed flow on 37 faces (1.3% area) of pressure-outlet 21.
  3281  3.2928e-06  1.1702e-08  1.4489e-08  2.8492e-08  0:37:13 1719

 Reversed flow on 37 faces (1.3% area) of pressure-outlet 21.
  3282  3.3501e-06  1.1713e-08  1.4102e-08  2.8642e-08  0:37:11 1718

 Reversed flow on 37 faces (1.3% area) of pressure-outlet 21.
  3283  3.3708e-06  1.1512e-08  1.3644e-08  2.9352e-08  0:37:09 1717

 Reversed flow on 37 faces (1.3% area) of pressure-outlet 21.
  3284  3.3425e-06  1.1344e-08  1.3784e-08  2.9544e-08  0:37:11 1716

 Reversed flow on 37 faces (1.3% area) of pressure-outlet 21.
  3285  3.2551e-06  1.1075e-08  1.4144e-08  2.9194e-08  0:37:12 1715

 Reversed flow on 37 faces (1.3% area) of pressure-outlet 21.
  3286  3.1327e-06  1.0845e-08  1.4448e-08  2.9392e-08  0:37:10 1714

 Reversed flow on 37 faces (1.3% area) of pressure-outlet 21.
  3287  3.0152e-06  1.0670e-08  1.4579e-08  2.9248e-08  0:37:09 1713

 Reversed flow on 37 faces (1.3% area) of pressure-outlet 21.
  3288  2.9513e-06  1.0931e-08  1.4607e-08  2.8895e-08  0:37:07 1712

 Reversed flow on 37 faces (1.3% area) of pressure-outlet 21.
  3289  2.8986e-06  1.1456e-08  1.4699e-08  2.8282e-08  0:37:04 1711

 Reversed flow on 37 faces (1.3% area) of pressure-outlet 21.

  iter  continuity  x-velocity  y-velocity  z-velocity     time/iter
  3290  2.8914e-06  1.1798e-08  1.4645e-08  2.8027e-08  0:37:06 1710

 Reversed flow on 37 faces (1.3% area) of pressure-outlet 21.
  3291  2.9138e-06  1.1848e-08  1.4135e-08  2.7879e-08  0:37:06 1709

 Reversed flow on 37 faces (1.3% area) of pressure-outlet 21.
  3292  2.9580e-06  1.1801e-08  1.3308e-08  2.7657e-08  0:37:03 1708

 Reversed flow on 37 faces (1.3% area) of pressure-outlet 21.
  3293  2.9823e-06  1.1649e-08  1.2601e-08  2.7439e-08  0:37:02 1707

 Reversed flow on 37 faces (1.3% area) of pressure-outlet 21.
  3294  2.9725e-06  1.1362e-08  1.2432e-08  2.7343e-08  0:36:59 1706

 Reversed flow on 37 faces (1.3% area) of pressure-outlet 21.
  3295  2.9697e-06  1.1053e-08  1.2885e-08  2.7071e-08  0:36:57 1705

 Reversed flow on 37 faces (1.3% area) of pressure-outlet 21.
  3296  2.9982e-06  1.0884e-08  1.3445e-08  2.6940e-08  0:36:56 1704

 Reversed flow on 37 faces (1.3% area) of pressure-outlet 21.
  3297  2.9978e-06  1.0880e-08  1.4103e-08  2.5208e-08  0:36:53 1703

 Reversed flow on 37 faces (1.3% area) of pressure-outlet 21.
  3298  3.0018e-06  1.0793e-08  1.4484e-08  2.5198e-08  0:36:50 1702

 Reversed flow on 37 faces (1.3% area) of pressure-outlet 21.
  3299  2.9753e-06  1.0902e-08  1.4615e-08  2.5264e-08  0:36:50 1701

 Reversed flow on 37 faces (1.3% area) of pressure-outlet 21.
  3300  2.9560e-06  1.1143e-08  1.4522e-08  2.5441e-08  0:36:49 1700

 Reversed flow on 37 faces (1.3% area) of pressure-outlet 21.

  iter  continuity  x-velocity  y-velocity  z-velocity     time/iter
  3301  2.8843e-06  1.1198e-08  1.4207e-08  2.5758e-08  0:36:47 1699

 Reversed flow on 37 faces (1.3% area) of pressure-outlet 21.
  3302  2.8023e-06  1.1090e-08  1.3575e-08  2.6444e-08  0:36:45 1698

 Reversed flow on 37 faces (1.3% area) of pressure-outlet 21.
  3303  2.7089e-06  1.0903e-08  1.2755e-08  2.6909e-08  0:36:44 1697

 Reversed flow on 37 faces (1.3% area) of pressure-outlet 21.
  3304  2.6220e-06  1.0650e-08  1.2055e-08  2.7150e-08  0:36:43 1696

 Reversed flow on 37 faces (1.3% area) of pressure-outlet 21.
  3305  2.6013e-06  1.0355e-08  1.2149e-08  2.7071e-08  0:36:44 1695

 Reversed flow on 37 faces (1.3% area) of pressure-outlet 21.
  3306  2.6429e-06  9.9869e-09  1.2562e-08  2.6737e-08  0:36:51 1694

 Reversed flow on 37 faces (1.3% area) of pressure-outlet 21.
  3307  2.7347e-06  9.7834e-09  1.3040e-08  2.6502e-08  0:36:48 1693

 Reversed flow on 37 faces (1.3% area) of pressure-outlet 21.
  3308  2.8485e-06  9.8276e-09  1.3631e-08  2.6122e-08  0:36:45 1692

 Reversed flow on 37 faces (1.3% area) of pressure-outlet 21.
  3309  2.9794e-06  1.0240e-08  1.4319e-08  2.6256e-08  0:36:41 1691

 Reversed flow on 37 faces (1.3% area) of pressure-outlet 21.
  3310  3.1076e-06  1.0860e-08  1.4879e-08  2.6997e-08  0:36:40 1690

 Reversed flow on 37 faces (1.3% area) of pressure-outlet 21.
  3311  3.2382e-06  1.1418e-08  1.5222e-08  2.7872e-08  0:36:37 1689

 Reversed flow on 37 faces (1.3% area) of pressure-outlet 21.

  iter  continuity  x-velocity  y-velocity  z-velocity     time/iter
  3312  3.3780e-06  1.1877e-08  1.5218e-08  2.8632e-08  0:36:35 1688

 Reversed flow on 37 faces (1.3% area) of pressure-outlet 21.
  3313  3.4764e-06  1.2100e-08  1.4885e-08  2.9863e-08  0:36:33 1687

 Reversed flow on 37 faces (1.3% area) of pressure-outlet 21.
  3314  3.4986e-06  1.2282e-08  1.4515e-08  3.0548e-08  0:36:33 1686

 Reversed flow on 37 faces (1.3% area) of pressure-outlet 21.
  3315  3.4368e-06  1.2339e-08  1.4576e-08  3.0434e-08  0:36:32 1685

 Reversed flow on 37 faces (1.3% area) of pressure-outlet 21.
  3316  3.3014e-06  1.2184e-08  1.4900e-08  3.0293e-08  0:36:31 1684

 Reversed flow on 37 faces (1.3% area) of pressure-outlet 21.
  3317  3.1416e-06  1.1990e-08  1.5008e-08  2.9835e-08  0:36:38 1683

 Reversed flow on 37 faces (1.3% area) of pressure-outlet 21.
  3318  3.0206e-06  1.1871e-08  1.4961e-08  2.8986e-08  0:36:38 1682

 Reversed flow on 37 faces (1.3% area) of pressure-outlet 21.
  3319  2.9740e-06  1.1797e-08  1.4888e-08  2.8575e-08  0:36:33 1681

 Reversed flow on 37 faces (1.3% area) of pressure-outlet 21.
  3320  2.9157e-06  1.1958e-08  1.4835e-08  2.8253e-08  0:36:30 1680

 Reversed flow on 37 faces (1.3% area) of pressure-outlet 21.
  3321  2.9262e-06  1.2110e-08  1.4481e-08  2.8257e-08  0:36:26 1679

 Reversed flow on 37 faces (1.3% area) of pressure-outlet 21.
  3322  2.9673e-06  1.2216e-08  1.3882e-08  2.8433e-08  0:36:24 1678

 Reversed flow on 37 faces (1.3% area) of pressure-outlet 21.

  iter  continuity  x-velocity  y-velocity  z-velocity     time/iter
  3323  3.0375e-06  1.2159e-08  1.3273e-08  2.8645e-08  0:36:24 1677

 Reversed flow on 37 faces (1.3% area) of pressure-outlet 21.
  3324  3.0603e-06  1.1930e-08  1.2755e-08  2.9038e-08  0:36:21 1676

 Reversed flow on 37 faces (1.3% area) of pressure-outlet 21.
  3325  3.0956e-06  1.1600e-08  1.2533e-08  2.9377e-08  0:36:20 1675

 Reversed flow on 37 faces (1.3% area) of pressure-outlet 21.
  3326  3.1579e-06  1.1308e-08  1.3021e-08  2.9611e-08  0:36:17 1674

 Reversed flow on 37 faces (1.3% area) of pressure-outlet 21.
  3327  3.2106e-06  1.1084e-08  1.3716e-08  2.8587e-08  0:36:15 1673

 Reversed flow on 37 faces (1.3% area) of pressure-outlet 21.
  3328  3.2521e-06  1.0903e-08  1.4344e-08  2.8716e-08  0:36:13 1672

 Reversed flow on 37 faces (1.3% area) of pressure-outlet 21.
  3329  3.2595e-06  1.0834e-08  1.4816e-08  2.8335e-08  0:36:12 1671

 Reversed flow on 37 faces (1.3% area) of pressure-outlet 21.
  3330  3.2420e-06  1.1012e-08  1.5173e-08  2.8155e-08  0:36:10 1670

 Reversed flow on 37 faces (1.3% area) of pressure-outlet 21.
  3331  3.1861e-06  1.1213e-08  1.5289e-08  2.8446e-08  0:36:19 1669

 Reversed flow on 37 faces (1.3% area) of pressure-outlet 21.
  3332  3.0962e-06  1.1303e-08  1.5009e-08  2.9311e-08  0:36:15 1668

 Reversed flow on 37 faces (1.3% area) of pressure-outlet 21.
  3333  3.0305e-06  1.1313e-08  1.4373e-08  2.9764e-08  0:36:12 1667

 Reversed flow on 37 faces (1.3% area) of pressure-outlet 21.

  iter  continuity  x-velocity  y-velocity  z-velocity     time/iter
  3334  2.9723e-06  1.1282e-08  1.3515e-08  3.0057e-08  0:36:09 1666

 Reversed flow on 37 faces (1.3% area) of pressure-outlet 21.
  3335  2.9514e-06  1.1207e-08  1.2843e-08  3.0225e-08  0:36:06 1665

 Reversed flow on 37 faces (1.3% area) of pressure-outlet 21.
  3336  2.9869e-06  1.1055e-08  1.2910e-08  3.0014e-08  0:36:05 1664

 Reversed flow on 37 faces (1.3% area) of pressure-outlet 21.
  3337  3.0491e-06  1.0896e-08  1.3379e-08  2.9415e-08  0:36:02 1663

 Reversed flow on 37 faces (1.3% area) of pressure-outlet 21.
  3338  3.1263e-06  1.0994e-08  1.4019e-08  2.8673e-08  0:36:02 1662

 Reversed flow on 37 faces (1.3% area) of pressure-outlet 21.
  3339  3.2191e-06  1.1220e-08  1.4747e-08  2.7897e-08  0:36:01 1661

 Reversed flow on 37 faces (1.3% area) of pressure-outlet 21.
  3340  3.2944e-06  1.1613e-08  1.5355e-08  2.7804e-08  0:36:00 1660

 Reversed flow on 37 faces (1.3% area) of pressure-outlet 21.
  3341  3.2946e-06  1.2305e-08  1.5815e-08  2.7220e-08  0:35:59 1659

 Reversed flow on 37 faces (1.3% area) of pressure-outlet 21.
  3342  3.3584e-06  1.2839e-08  1.5909e-08  2.7481e-08  0:35:57 1658

 Reversed flow on 37 faces (1.3% area) of pressure-outlet 21.
  3343  3.3891e-06  1.2941e-08  1.5560e-08  2.8615e-08  0:35:55 1657

 Reversed flow on 37 faces (1.3% area) of pressure-outlet 21.
  3344  3.3717e-06  1.2845e-08  1.4967e-08  2.9200e-08  0:35:53 1656

 Reversed flow on 37 faces (1.3% area) of pressure-outlet 21.

  iter  continuity  x-velocity  y-velocity  z-velocity     time/iter
  3345  3.2630e-06  1.2519e-08  1.4236e-08  2.9227e-08  0:35:52 1655

 Reversed flow on 37 faces (1.3% area) of pressure-outlet 21.
  3346  3.0941e-06  1.2002e-08  1.3650e-08  2.9309e-08  0:35:50 1654

 Reversed flow on 37 faces (1.3% area) of pressure-outlet 21.
  3347  2.8993e-06  1.1361e-08  1.3450e-08  2.8788e-08  0:35:48 1653

 Reversed flow on 37 faces (1.3% area) of pressure-outlet 21.
  3348  2.7590e-06  1.0826e-08  1.3259e-08  2.7971e-08  0:35:46 1652

 Reversed flow on 37 faces (1.3% area) of pressure-outlet 21.
  3349  2.6970e-06  1.0461e-08  1.3304e-08  2.7074e-08  0:35:44 1651

 Reversed flow on 37 faces (1.3% area) of pressure-outlet 21.
  3350  2.6381e-06  1.0272e-08  1.3498e-08  2.5721e-08  0:35:42 1650

 Reversed flow on 37 faces (1.3% area) of pressure-outlet 21.
  3351  2.6189e-06  1.0347e-08  1.3515e-08  2.4812e-08  0:35:41 1649

 Reversed flow on 37 faces (1.3% area) of pressure-outlet 21.
  3352  2.6511e-06  1.0581e-08  1.3327e-08  2.4558e-08  0:35:39 1648

 Reversed flow on 37 faces (1.3% area) of pressure-outlet 21.
  3353  2.6976e-06  1.0709e-08  1.3103e-08  2.4715e-08  0:35:38 1647

 Reversed flow on 37 faces (1.3% area) of pressure-outlet 21.
  3354  2.7516e-06  1.0691e-08  1.2807e-08  2.5238e-08  0:35:37 1646

 Reversed flow on 37 faces (1.3% area) of pressure-outlet 21.
  3355  2.8155e-06  1.0640e-08  1.2400e-08  2.5989e-08  0:35:35 1645

 Reversed flow on 37 faces (1.3% area) of pressure-outlet 21.

  iter  continuity  x-velocity  y-velocity  z-velocity     time/iter
  3356  2.8910e-06  1.0540e-08  1.2100e-08  2.6795e-08  0:35:33 1644

 Reversed flow on 37 faces (1.3% area) of pressure-outlet 21.
  3357  2.9470e-06  1.0413e-08  1.2482e-08  2.6227e-08  0:35:32 1643

 Reversed flow on 37 faces (1.3% area) of pressure-outlet 21.
  3358  2.9720e-06  1.0158e-08  1.3103e-08  2.6323e-08  0:35:30 1642

 Reversed flow on 37 faces (1.3% area) of pressure-outlet 21.
  3359  2.9621e-06  1.0064e-08  1.3672e-08  2.6015e-08  0:35:29 1641

 Reversed flow on 37 faces (1.3% area) of pressure-outlet 21.
  3360  2.9407e-06  1.0027e-08  1.4121e-08  2.5270e-08  0:35:28 1640

 Reversed flow on 37 faces (1.3% area) of pressure-outlet 21.
  3361  2.9013e-06  1.0028e-08  1.4390e-08  2.5508e-08  0:35:27 1639

 Reversed flow on 37 faces (1.3% area) of pressure-outlet 21.
  3362  2.8417e-06  1.0428e-08  1.4411e-08  2.6172e-08  0:35:28 1638

 Reversed flow on 37 faces (1.3% area) of pressure-outlet 21.
  3363  2.8304e-06  1.0860e-08  1.4206e-08  2.7180e-08  0:35:28 1637

 Reversed flow on 37 faces (1.3% area) of pressure-outlet 21.
  3364  2.8366e-06  1.1185e-08  1.3786e-08  2.8047e-08  0:35:26 1636

 Reversed flow on 37 faces (1.3% area) of pressure-outlet 21.
  3365  2.8936e-06  1.1361e-08  1.3335e-08  2.8792e-08  0:35:25 1635

 Reversed flow on 37 faces (1.3% area) of pressure-outlet 21.
  3366  2.9821e-06  1.1407e-08  1.2943e-08  2.9154e-08  0:35:22 1634

 Reversed flow on 37 faces (1.3% area) of pressure-outlet 21.

  iter  continuity  x-velocity  y-velocity  z-velocity     time/iter
  3367  3.0775e-06  1.1419e-08  1.2915e-08  2.8986e-08  0:35:21 1633

 Reversed flow on 37 faces (1.3% area) of pressure-outlet 21.
  3368  3.1625e-06  1.1441e-08  1.3429e-08  2.8390e-08  0:35:18 1632

 Reversed flow on 37 faces (1.3% area) of pressure-outlet 21.
  3369  3.2411e-06  1.1486e-08  1.4066e-08  2.8005e-08  0:35:18 1631

 Reversed flow on 37 faces (1.3% area) of pressure-outlet 21.
  3370  3.2947e-06  1.1585e-08  1.4713e-08  2.8032e-08  0:35:17 1630

 Reversed flow on 37 faces (1.3% area) of pressure-outlet 21.
  3371  3.3202e-06  1.1805e-08  1.5315e-08  2.7661e-08  0:35:14 1629

 Reversed flow on 37 faces (1.3% area) of pressure-outlet 21.
  3372  3.3525e-06  1.2217e-08  1.5698e-08  2.8061e-08  0:35:14 1628

 Reversed flow on 37 faces (1.3% area) of pressure-outlet 21.
  3373  3.3859e-06  1.2464e-08  1.5739e-08  2.9407e-08  0:35:13 1627

 Reversed flow on 37 faces (1.3% area) of pressure-outlet 21.
  3374  3.3764e-06  1.2624e-08  1.5507e-08  3.0407e-08  0:35:11 1626

 Reversed flow on 37 faces (1.3% area) of pressure-outlet 21.
  3375  3.3312e-06  1.2591e-08  1.4981e-08  3.0895e-08  0:35:09 1625

 Reversed flow on 37 faces (1.3% area) of pressure-outlet 21.
  3376  3.2117e-06  1.2374e-08  1.4198e-08  3.1467e-08  0:35:08 1624

 Reversed flow on 37 faces (1.3% area) of pressure-outlet 21.
  3377  3.0648e-06  1.1936e-08  1.3346e-08  3.1551e-08  0:35:08 1623

 Reversed flow on 37 faces (1.3% area) of pressure-outlet 21.

  iter  continuity  x-velocity  y-velocity  z-velocity     time/iter
  3378  2.9657e-06  1.1526e-08  1.3123e-08  3.1209e-08  0:35:06 1622

 Reversed flow on 37 faces (1.3% area) of pressure-outlet 21.
  3379  2.9372e-06  1.1170e-08  1.3387e-08  3.0257e-08  0:35:06 1621

 Reversed flow on 37 faces (1.3% area) of pressure-outlet 21.
  3380  2.9011e-06  1.0978e-08  1.3859e-08  2.8874e-08  0:35:04 1620

 Reversed flow on 37 faces (1.3% area) of pressure-outlet 21.
  3381  2.9044e-06  1.0823e-08  1.4098e-08  2.7307e-08  0:35:02 1619

 Reversed flow on 37 faces (1.3% area) of pressure-outlet 21.
  3382  2.9514e-06  1.0835e-08  1.4183e-08  2.6999e-08  0:35:00 1618

 Reversed flow on 37 faces (1.3% area) of pressure-outlet 21.
  3383  3.0144e-06  1.1155e-08  1.4282e-08  2.6930e-08  0:34:58 1617

 Reversed flow on 37 faces (1.3% area) of pressure-outlet 21.
  3384  3.0774e-06  1.1403e-08  1.4354e-08  2.7822e-08  0:34:58 1616

 Reversed flow on 37 faces (1.3% area) of pressure-outlet 21.
  3385  3.1641e-06  1.1534e-08  1.4241e-08  2.8756e-08  0:34:55 1615

 Reversed flow on 37 faces (1.3% area) of pressure-outlet 21.
  3386  3.2761e-06  1.1547e-08  1.3972e-08  2.9735e-08  0:34:54 1614

 Reversed flow on 37 faces (1.3% area) of pressure-outlet 21.
  3387  3.3406e-06  1.1549e-08  1.3715e-08  2.9575e-08  0:34:54 1613

 Reversed flow on 37 faces (1.3% area) of pressure-outlet 21.
  3388  3.3676e-06  1.1402e-08  1.3823e-08  3.0073e-08  0:34:53 1612

 Reversed flow on 37 faces (1.3% area) of pressure-outlet 21.

  iter  continuity  x-velocity  y-velocity  z-velocity     time/iter
  3389  3.3514e-06  1.1188e-08  1.4212e-08  2.9923e-08  0:34:52 1611

 Reversed flow on 37 faces (1.3% area) of pressure-outlet 21.
  3390  3.3131e-06  1.1034e-08  1.4594e-08  2.9472e-08  0:34:50 1610

 Reversed flow on 37 faces (1.3% area) of pressure-outlet 21.
  3391  3.2510e-06  1.0979e-08  1.4953e-08  2.9133e-08  0:34:49 1609

 Reversed flow on 37 faces (1.3% area) of pressure-outlet 21.
  3392  3.1349e-06  1.1188e-08  1.5173e-08  2.8713e-08  0:34:47 1608

 Reversed flow on 37 faces (1.3% area) of pressure-outlet 21.
  3393  2.9861e-06  1.1695e-08  1.5243e-08  2.8299e-08  0:34:47 1607

 Reversed flow on 37 faces (1.3% area) of pressure-outlet 21.
  3394  2.9165e-06  1.2091e-08  1.5012e-08  2.8495e-08  0:34:45 1606

 Reversed flow on 37 faces (1.3% area) of pressure-outlet 21.
  3395  2.8986e-06  1.2226e-08  1.4618e-08  2.8977e-08  0:34:44 1605

 Reversed flow on 37 faces (1.3% area) of pressure-outlet 21.
  3396  2.9629e-06  1.2149e-08  1.4067e-08  2.9116e-08  0:36:36 1604

 Reversed flow on 37 faces (1.3% area) of pressure-outlet 21.
  3397  3.0235e-06  1.1979e-08  1.3398e-08  2.8964e-08  0:36:13 1603

 Reversed flow on 37 faces (1.3% area) of pressure-outlet 21.
  3398  3.0797e-06  1.1819e-08  1.2972e-08  2.8509e-08  0:35:53 1602

 Reversed flow on 37 faces (1.3% area) of pressure-outlet 21.
  3399  3.1174e-06  1.1624e-08  1.3360e-08  2.8044e-08  0:35:36 1601

 Reversed flow on 37 faces (1.3% area) of pressure-outlet 21.

  iter  continuity  x-velocity  y-velocity  z-velocity     time/iter
  3400  3.1299e-06  1.1449e-08  1.3953e-08  2.7410e-08  0:35:23 1600

 Reversed flow on 37 faces (1.3% area) of pressure-outlet 21.
  3401  3.1195e-06  1.1410e-08  1.4604e-08  2.6444e-08  0:35:12 1599

 Reversed flow on 37 faces (1.3% area) of pressure-outlet 21.
  3402  3.1394e-06  1.1312e-08  1.4998e-08  2.5594e-08  0:35:04 1598

 Reversed flow on 37 faces (1.3% area) of pressure-outlet 21.
  3403  3.1384e-06  1.1219e-08  1.5128e-08  2.6261e-08  0:34:57 1597

 Reversed flow on 37 faces (1.3% area) of pressure-outlet 21.
  3404  3.1062e-06  1.1435e-08  1.5080e-08  2.6624e-08  0:34:50 1596

 Reversed flow on 37 faces (1.3% area) of pressure-outlet 21.
  3405  3.0263e-06  1.1523e-08  1.4838e-08  2.7154e-08  0:34:46 1595

 Reversed flow on 37 faces (1.3% area) of pressure-outlet 21.
  3406  2.9116e-06  1.1356e-08  1.4248e-08  2.7881e-08  0:34:41 1594

 Reversed flow on 37 faces (1.3% area) of pressure-outlet 21.
  3407  2.7837e-06  1.0974e-08  1.3317e-08  2.8362e-08  0:34:37 1593

 Reversed flow on 37 faces (1.3% area) of pressure-outlet 21.
  3408  2.6907e-06  1.0620e-08  1.2337e-08  2.8563e-08  0:34:35 1592

 Reversed flow on 37 faces (1.3% area) of pressure-outlet 21.
  3409  2.6727e-06  1.0259e-08  1.2109e-08  2.8097e-08  0:34:33 1591

 Reversed flow on 37 faces (1.3% area) of pressure-outlet 21.
  3410  2.6433e-06  9.8985e-09  1.2419e-08  2.7083e-08  0:34:31 1590

 Reversed flow on 37 faces (1.3% area) of pressure-outlet 21.

  iter  continuity  x-velocity  y-velocity  z-velocity     time/iter
  3411  2.6511e-06  9.6683e-09  1.2659e-08  2.6078e-08  0:34:27 1589

 Reversed flow on 37 faces (1.3% area) of pressure-outlet 21.
  3412  2.7090e-06  9.6702e-09  1.2951e-08  2.5363e-08  0:34:25 1588

 Reversed flow on 37 faces (1.3% area) of pressure-outlet 21.
  3413  2.7849e-06  9.9241e-09  1.3412e-08  2.4797e-08  0:34:23 1587

 Reversed flow on 37 faces (1.3% area) of pressure-outlet 21.
  3414  2.8599e-06  1.0410e-08  1.3929e-08  2.5398e-08  0:34:22 1586

 Reversed flow on 37 faces (1.3% area) of pressure-outlet 21.
  3415  2.9957e-06  1.0915e-08  1.4271e-08  2.6554e-08  0:34:21 1585

 Reversed flow on 37 faces (1.3% area) of pressure-outlet 21.
  3416  3.1519e-06  1.1333e-08  1.4417e-08  2.7865e-08  0:34:18 1584

 Reversed flow on 37 faces (1.3% area) of pressure-outlet 21.
  3417  3.2895e-06  1.1695e-08  1.4376e-08  2.8085e-08  0:34:18 1583

 Reversed flow on 37 faces (1.3% area) of pressure-outlet 21.
  3418  3.3653e-06  1.1880e-08  1.4119e-08  2.8966e-08  0:34:16 1582

 Reversed flow on 37 faces (1.3% area) of pressure-outlet 21.
  3419  3.3832e-06  1.1961e-08  1.3886e-08  2.9159e-08  0:34:13 1581

 Reversed flow on 37 faces (1.3% area) of pressure-outlet 21.
  3420  3.3404e-06  1.1883e-08  1.4223e-08  2.8737e-08  0:34:12 1580

 Reversed flow on 37 faces (1.3% area) of pressure-outlet 21.
  3421  3.2447e-06  1.1725e-08  1.4563e-08  2.8282e-08  0:34:11 1579

 Reversed flow on 37 faces (1.3% area) of pressure-outlet 21.

  iter  continuity  x-velocity  y-velocity  z-velocity     time/iter
  3422  3.0920e-06  1.1639e-08  1.4789e-08  2.8042e-08  0:34:10 1578

 Reversed flow on 37 faces (1.3% area) of pressure-outlet 21.
  3423  2.9750e-06  1.1538e-08  1.4763e-08  2.7678e-08  0:34:11 1577

 Reversed flow on 37 faces (1.3% area) of pressure-outlet 21.
  3424  2.8769e-06  1.1563e-08  1.4562e-08  2.8223e-08  0:34:09 1576

 Reversed flow on 37 faces (1.3% area) of pressure-outlet 21.
  3425  2.8618e-06  1.1801e-08  1.4345e-08  2.8790e-08  0:34:09 1575

 Reversed flow on 37 faces (1.3% area) of pressure-outlet 21.
  3426  2.9188e-06  1.1879e-08  1.4030e-08  2.9427e-08  0:34:06 1574

 Reversed flow on 37 faces (1.3% area) of pressure-outlet 21.
  3427  3.0132e-06  1.1826e-08  1.3522e-08  2.9732e-08  0:34:05 1573

 Reversed flow on 37 faces (1.3% area) of pressure-outlet 21.
  3428  3.0973e-06  1.1718e-08  1.2984e-08  2.9644e-08  0:34:04 1572

 Reversed flow on 37 faces (1.3% area) of pressure-outlet 21.
  3429  3.1611e-06  1.1543e-08  1.2609e-08  2.9678e-08  0:34:49 1571

 Reversed flow on 37 faces (1.3% area) of pressure-outlet 21.
  3430  3.2002e-06  1.1343e-08  1.2870e-08  2.9438e-08  0:34:37 1570

 Reversed flow on 37 faces (1.3% area) of pressure-outlet 21.
  3431  3.2282e-06  1.1118e-08  1.3504e-08  2.8768e-08  0:34:28 1569

 Reversed flow on 37 faces (1.3% area) of pressure-outlet 21.
  3432  3.2722e-06  1.0964e-08  1.4053e-08  2.8222e-08  0:34:20 1568

 Reversed flow on 37 faces (1.3% area) of pressure-outlet 21.

  iter  continuity  x-velocity  y-velocity  z-velocity     time/iter
  3433  3.2926e-06  1.0830e-08  1.4535e-08  2.8226e-08  0:34:14 1567

 Reversed flow on 37 faces (1.3% area) of pressure-outlet 21.
  3434  3.2745e-06  1.0967e-08  1.4962e-08  2.8005e-08  0:34:10 1566

 Reversed flow on 37 faces (1.3% area) of pressure-outlet 21.
  3435  3.1970e-06  1.1240e-08  1.5233e-08  2.8307e-08  0:34:05 1565

 Reversed flow on 37 faces (1.3% area) of pressure-outlet 21.
  3436  3.1050e-06  1.1376e-08  1.5130e-08  2.9283e-08  0:34:01 1564

 Reversed flow on 37 faces (1.3% area) of pressure-outlet 21.
  3437  2.9974e-06  1.1312e-08  1.4585e-08  2.9875e-08  0:33:57 1563

 Reversed flow on 37 faces (1.3% area) of pressure-outlet 21.
  3438  2.9637e-06  1.1236e-08  1.3749e-08  3.0282e-08  0:33:54 1562

 Reversed flow on 37 faces (1.3% area) of pressure-outlet 21.
  3439  2.9701e-06  1.1156e-08  1.3042e-08  3.0298e-08  0:33:52 1561

 Reversed flow on 37 faces (1.3% area) of pressure-outlet 21.
  3440  2.9624e-06  1.1020e-08  1.2778e-08  2.9843e-08  0:33:50 1560

 Reversed flow on 37 faces (1.3% area) of pressure-outlet 21.
  3441  2.9654e-06  1.0820e-08  1.2985e-08  2.9043e-08  0:33:49 1559

 Reversed flow on 37 faces (1.3% area) of pressure-outlet 21.
  3442  3.0095e-06  1.0776e-08  1.3302e-08  2.8322e-08  0:33:45 1558

 Reversed flow on 37 faces (1.3% area) of pressure-outlet 21.
  3443  3.0512e-06  1.0891e-08  1.3871e-08  2.7387e-08  0:33:44 1557

 Reversed flow on 37 faces (1.3% area) of pressure-outlet 21.

  iter  continuity  x-velocity  y-velocity  z-velocity     time/iter
  3444  3.0919e-06  1.1121e-08  1.4465e-08  2.7051e-08  0:33:42 1556

 Reversed flow on 37 faces (1.3% area) of pressure-outlet 21.
  3445  3.1029e-06  1.1588e-08  1.4968e-08  2.7121e-08  0:33:41 1555

 Reversed flow on 37 faces (1.3% area) of pressure-outlet 21.
  3446  3.2012e-06  1.2136e-08  1.5255e-08  2.7812e-08  0:33:38 1554

 Reversed flow on 37 faces (1.3% area) of pressure-outlet 21.
  3447  3.2645e-06  1.2497e-08  1.5307e-08  2.7974e-08  0:33:37 1553

 Reversed flow on 37 faces (1.3% area) of pressure-outlet 21.
  3448  3.3047e-06  1.2513e-08  1.4986e-08  2.8739e-08  0:33:34 1552

 Reversed flow on 37 faces (1.3% area) of pressure-outlet 21.
  3449  3.2865e-06  1.2306e-08  1.4376e-08  2.8904e-08  0:33:33 1551

 Reversed flow on 37 faces (1.3% area) of pressure-outlet 21.
  3450  3.2138e-06  1.1996e-08  1.3770e-08  2.8573e-08  0:33:32 1550

 Reversed flow on 37 faces (1.3% area) of pressure-outlet 21.
  3451  3.0856e-06  1.1583e-08  1.3673e-08  2.8024e-08  0:33:32 1549

 Reversed flow on 37 faces (1.3% area) of pressure-outlet 21.
  3452  2.9132e-06  1.1117e-08  1.3724e-08  2.7515e-08  0:33:31 1548

 Reversed flow on 37 faces (1.3% area) of pressure-outlet 21.
  3453  2.7766e-06  1.0793e-08  1.3716e-08  2.6979e-08  0:33:29 1547

 Reversed flow on 37 faces (1.3% area) of pressure-outlet 21.
  3454  2.6727e-06  1.0566e-08  1.3730e-08  2.6359e-08  0:33:27 1546

 Reversed flow on 37 faces (1.3% area) of pressure-outlet 21.

  iter  continuity  x-velocity  y-velocity  z-velocity     time/iter
  3455  2.6372e-06  1.0589e-08  1.3877e-08  2.5904e-08  0:33:27 1545

 Reversed flow on 37 faces (1.3% area) of pressure-outlet 21.
  3456  2.6730e-06  1.0749e-08  1.3971e-08  2.5960e-08  0:33:27 1544

 Reversed flow on 37 faces (1.3% area) of pressure-outlet 21.
  3457  2.7654e-06  1.0880e-08  1.3885e-08  2.6342e-08  0:33:25 1543

 Reversed flow on 37 faces (1.3% area) of pressure-outlet 21.
  3458  2.8704e-06  1.0980e-08  1.3690e-08  2.6520e-08  0:33:25 1542

 Reversed flow on 37 faces (1.3% area) of pressure-outlet 21.
  3459  2.9762e-06  1.1044e-08  1.3377e-08  2.7153e-08  0:33:25 1541

 Reversed flow on 37 faces (1.3% area) of pressure-outlet 21.
  3460  3.0399e-06  1.1024e-08  1.3069e-08  2.7666e-08  0:33:22 1540

 Reversed flow on 37 faces (1.3% area) of pressure-outlet 21.
  3461  3.1010e-06  1.0927e-08  1.3178e-08  2.7727e-08  0:33:21 1539

 Reversed flow on 37 faces (1.3% area) of pressure-outlet 21.
  3462  3.1522e-06  1.0724e-08  1.3714e-08  2.7634e-08  0:33:19 1538

 Reversed flow on 37 faces (1.3% area) of pressure-outlet 21.
  3463  3.1791e-06  1.0554e-08  1.4245e-08  2.8026e-08  0:33:17 1537

 Reversed flow on 37 faces (1.3% area) of pressure-outlet 21.
  3464  3.1510e-06  1.0570e-08  1.4801e-08  2.7541e-08  0:33:15 1536

 Reversed flow on 37 faces (1.3% area) of pressure-outlet 21.
  3465  3.0968e-06  1.0579e-08  1.5122e-08  2.7513e-08  0:33:13 1535

 Reversed flow on 37 faces (1.3% area) of pressure-outlet 21.

  iter  continuity  x-velocity  y-velocity  z-velocity     time/iter
  3466  3.0031e-06  1.0763e-08  1.5173e-08  2.8123e-08  0:33:12 1534

 Reversed flow on 37 faces (1.3% area) of pressure-outlet 21.
  3467  2.9383e-06  1.1060e-08  1.4895e-08  2.8787e-08  0:33:10 1533

 Reversed flow on 37 faces (1.3% area) of pressure-outlet 21.
  3468  2.9215e-06  1.1355e-08  1.4371e-08  2.9456e-08  0:33:10 1532

 Reversed flow on 37 faces (1.3% area) of pressure-outlet 21.
  3469  2.9750e-06  1.1544e-08  1.3866e-08  2.9625e-08  0:33:10 1531

 Reversed flow on 37 faces (1.3% area) of pressure-outlet 21.
  3470  2.9944e-06  1.1636e-08  1.3396e-08  2.9269e-08  0:33:08 1530

 Reversed flow on 37 faces (1.3% area) of pressure-outlet 21.
  3471  3.0164e-06  1.1675e-08  1.2897e-08  2.8550e-08  0:33:07 1529

 Reversed flow on 37 faces (1.3% area) of pressure-outlet 21.
  3472  3.0507e-06  1.1705e-08  1.3012e-08  2.7667e-08  0:33:05 1528

 Reversed flow on 37 faces (1.3% area) of pressure-outlet 21.
  3473  3.0758e-06  1.1622e-08  1.3402e-08  2.6911e-08  0:33:05 1527

 Reversed flow on 37 faces (1.3% area) of pressure-outlet 21.
  3474  3.0899e-06  1.1574e-08  1.3931e-08  2.7039e-08  0:33:03 1526

 Reversed flow on 37 faces (1.3% area) of pressure-outlet 21.
  3475  3.1276e-06  1.1593e-08  1.4459e-08  2.7170e-08  0:33:02 1525

 Reversed flow on 37 faces (1.3% area) of pressure-outlet 21.
  3476  3.2002e-06  1.1848e-08  1.4953e-08  2.7907e-08  0:32:59 1524

 Reversed flow on 37 faces (1.3% area) of pressure-outlet 21.

  iter  continuity  x-velocity  y-velocity  z-velocity     time/iter
  3477  3.2550e-06  1.2216e-08  1.5302e-08  2.8122e-08  0:32:58 1523

 Reversed flow on 37 faces (1.3% area) of pressure-outlet 21.
  3478  3.3019e-06  1.2363e-08  1.5265e-08  2.9364e-08  0:32:57 1522

 Reversed flow on 37 faces (1.3% area) of pressure-outlet 21.
  3479  3.3183e-06  1.2331e-08  1.4840e-08  3.0055e-08  0:32:56 1521

 Reversed flow on 37 faces (1.3% area) of pressure-outlet 21.
  3480  3.2854e-06  1.2163e-08  1.4150e-08  3.0227e-08  0:32:54 1520

 Reversed flow on 37 faces (1.3% area) of pressure-outlet 21.
  3481  3.1916e-06  1.1815e-08  1.3415e-08  3.0388e-08  0:32:54 1519

 Reversed flow on 37 faces (1.3% area) of pressure-outlet 21.
  3482  3.0627e-06  1.1420e-08  1.3148e-08  3.0454e-08  0:32:54 1518

 Reversed flow on 37 faces (1.3% area) of pressure-outlet 21.
  3483  2.9534e-06  1.1031e-08  1.3280e-08  2.9998e-08  0:32:52 1517

 Reversed flow on 37 faces (1.3% area) of pressure-outlet 21.
  3484  2.8740e-06  1.0831e-08  1.3503e-08  2.9332e-08  0:32:50 1516

 Reversed flow on 37 faces (1.3% area) of pressure-outlet 21.
  3485  2.8441e-06  1.0727e-08  1.3897e-08  2.8195e-08  0:32:49 1515

 Reversed flow on 37 faces (1.3% area) of pressure-outlet 21.
  3486  2.8979e-06  1.0650e-08  1.4191e-08  2.7816e-08  0:32:47 1514

 Reversed flow on 37 faces (1.3% area) of pressure-outlet 21.
  3487  2.9750e-06  1.0868e-08  1.4383e-08  2.7628e-08  0:32:45 1513

 Reversed flow on 37 faces (1.3% area) of pressure-outlet 21.

  iter  continuity  x-velocity  y-velocity  z-velocity     time/iter
  3488  3.0905e-06  1.1267e-08  1.4499e-08  2.7728e-08  0:32:43 1512

 Reversed flow on 37 faces (1.3% area) of pressure-outlet 21.
  3489  3.1835e-06  1.1561e-08  1.4477e-08  2.8272e-08  0:32:42 1511

 Reversed flow on 37 faces (1.3% area) of pressure-outlet 21.
  3490  3.2694e-06  1.1680e-08  1.4253e-08  2.8755e-08  0:32:40 1510

 Reversed flow on 37 faces (1.3% area) of pressure-outlet 21.
  3491  3.3253e-06  1.1711e-08  1.3937e-08  2.8933e-08  0:32:39 1509

 Reversed flow on 37 faces (1.3% area) of pressure-outlet 21.
  3492  3.3763e-06  1.1594e-08  1.3690e-08  2.9155e-08  0:32:38 1508

 Reversed flow on 37 faces (1.3% area) of pressure-outlet 21.
  3493  3.3828e-06  1.1381e-08  1.3986e-08  2.9519e-08  0:32:36 1507

 Reversed flow on 37 faces (1.3% area) of pressure-outlet 21.
  3494  3.3445e-06  1.1201e-08  1.4384e-08  2.9322e-08  0:32:35 1506

 Reversed flow on 37 faces (1.3% area) of pressure-outlet 21.
  3495  3.2673e-06  1.1130e-08  1.4794e-08  2.9207e-08  0:32:33 1505

 Reversed flow on 37 faces (1.3% area) of pressure-outlet 21.
  3496  3.1328e-06  1.1198e-08  1.5072e-08  2.8810e-08  0:32:32 1504

 Reversed flow on 37 faces (1.3% area) of pressure-outlet 21.
  3497  2.9607e-06  1.1462e-08  1.5133e-08  2.8290e-08  0:32:31 1503

 Reversed flow on 37 faces (1.3% area) of pressure-outlet 21.
  3498  2.8998e-06  1.1768e-08  1.4907e-08  2.8464e-08  0:32:29 1502

 Reversed flow on 37 faces (1.3% area) of pressure-outlet 21.

  iter  continuity  x-velocity  y-velocity  z-velocity     time/iter
  3499  2.8964e-06  1.1896e-08  1.4570e-08  2.8668e-08  0:32:28 1501

 Reversed flow on 37 faces (1.3% area) of pressure-outlet 21.
  3500  2.8910e-06  1.1827e-08  1.4054e-08  2.8405e-08  0:32:27 1500

 Reversed flow on 37 faces (1.3% area) of pressure-outlet 21.
  3501  2.8930e-06  1.1630e-08  1.3145e-08  2.7867e-08  0:32:25 1499

 Reversed flow on 37 faces (1.3% area) of pressure-outlet 21.
  3502  2.9060e-06  1.1437e-08  1.2308e-08  2.7323e-08  0:32:26 1498

 Reversed flow on 37 faces (1.3% area) of pressure-outlet 21.
  3503  2.9012e-06  1.1145e-08  1.2217e-08  2.6716e-08  0:32:24 1497

 Reversed flow on 37 faces (1.3% area) of pressure-outlet 21.
  3504  2.8730e-06  1.0827e-08  1.2679e-08  2.6217e-08  0:32:23 1496

 Reversed flow on 37 faces (1.3% area) of pressure-outlet 21.
  3505  2.8725e-06  1.0676e-08  1.3220e-08  2.5822e-08  0:32:23 1495

 Reversed flow on 37 faces (1.3% area) of pressure-outlet 21.
  3506  2.9146e-06  1.0573e-08  1.3787e-08  2.5192e-08  0:32:21 1494

 Reversed flow on 37 faces (1.3% area) of pressure-outlet 21.
  3507  2.9418e-06  1.0607e-08  1.4228e-08  2.4586e-08  0:32:21 1493

 Reversed flow on 37 faces (1.3% area) of pressure-outlet 21.
  3508  2.9479e-06  1.0829e-08  1.4428e-08  2.4883e-08  0:32:20 1492

 Reversed flow on 37 faces (1.3% area) of pressure-outlet 21.
  3509  2.9541e-06  1.1061e-08  1.4358e-08  2.5382e-08  0:32:19 1491

 Reversed flow on 37 faces (1.3% area) of pressure-outlet 21.

  iter  continuity  x-velocity  y-velocity  z-velocity     time/iter
  3510  2.9215e-06  1.1118e-08  1.4035e-08  2.5669e-08  0:32:17 1490

 Reversed flow on 37 faces (1.3% area) of pressure-outlet 21.
  3511  2.8594e-06  1.0988e-08  1.3439e-08  2.6262e-08  0:32:16 1489

 Reversed flow on 37 faces (1.3% area) of pressure-outlet 21.
  3512  2.7450e-06  1.0742e-08  1.2683e-08  2.6915e-08  0:32:13 1488

 Reversed flow on 37 faces (1.3% area) of pressure-outlet 21.
  3513  2.6708e-06  1.0438e-08  1.2163e-08  2.7139e-08  0:32:13 1487

 Reversed flow on 37 faces (1.3% area) of pressure-outlet 21.
  3514  2.6150e-06  1.0144e-08  1.2260e-08  2.7021e-08  0:32:11 1486

 Reversed flow on 37 faces (1.3% area) of pressure-outlet 21.
  3515  2.6158e-06  9.9038e-09  1.2650e-08  2.6809e-08  0:32:15 1485

 Reversed flow on 37 faces (1.3% area) of pressure-outlet 21.
  3516  2.6945e-06  9.7624e-09  1.3139e-08  2.6676e-08  0:32:13 1484

 Reversed flow on 37 faces (1.3% area) of pressure-outlet 21.
  3517  2.8117e-06  9.8611e-09  1.3678e-08  2.6318e-08  0:32:12 1483

 Reversed flow on 37 faces (1.3% area) of pressure-outlet 21.
  3518  2.9572e-06  1.0389e-08  1.4288e-08  2.6333e-08  0:32:10 1482

 Reversed flow on 37 faces (1.3% area) of pressure-outlet 21.
  3519  3.1165e-06  1.1045e-08  1.4801e-08  2.7219e-08  0:32:07 1481

 Reversed flow on 37 faces (1.3% area) of pressure-outlet 21.
  3520  3.2535e-06  1.1614e-08  1.5097e-08  2.8245e-08  0:32:05 1480

 Reversed flow on 37 faces (1.3% area) of pressure-outlet 21.

  iter  continuity  x-velocity  y-velocity  z-velocity     time/iter
  3521  3.3875e-06  1.2075e-08  1.5160e-08  2.8972e-08  0:32:03 1479

 Reversed flow on 37 faces (1.3% area) of pressure-outlet 21.
  3522  3.4985e-06  1.2352e-08  1.4893e-08  2.9670e-08  0:32:01 1478

 Reversed flow on 37 faces (1.3% area) of pressure-outlet 21.
  3523  3.5413e-06  1.2485e-08  1.4562e-08  3.0390e-08  0:31:59 1477

 Reversed flow on 37 faces (1.3% area) of pressure-outlet 21.
  3524  3.5076e-06  1.2500e-08  1.4735e-08  3.0369e-08  0:31:57 1476

 Reversed flow on 37 faces (1.3% area) of pressure-outlet 21.
  3525  3.3961e-06  1.2349e-08  1.5106e-08  2.9921e-08  0:31:56 1475

 Reversed flow on 37 faces (1.3% area) of pressure-outlet 21.
  3526  3.2211e-06  1.2179e-08  1.5288e-08  2.9740e-08  0:31:54 1474

 Reversed flow on 37 faces (1.3% area) of pressure-outlet 21.
  3527  3.0442e-06  1.1915e-08  1.5209e-08  2.9010e-08  0:31:52 1473

 Reversed flow on 37 faces (1.3% area) of pressure-outlet 21.
  3528  2.9483e-06  1.1769e-08  1.4930e-08  2.9253e-08  0:31:52 1472

 Reversed flow on 37 faces (1.3% area) of pressure-outlet 21.
  3529  2.9182e-06  1.1949e-08  1.4726e-08  2.9065e-08  0:31:51 1471

 Reversed flow on 37 faces (1.3% area) of pressure-outlet 21.
  3530  2.9140e-06  1.2106e-08  1.4456e-08  2.9131e-08  0:31:50 1470

 Reversed flow on 37 faces (1.3% area) of pressure-outlet 21.
  3531  2.9328e-06  1.2091e-08  1.3799e-08  2.8992e-08  0:31:49 1469

 Reversed flow on 37 faces (1.3% area) of pressure-outlet 21.

  iter  continuity  x-velocity  y-velocity  z-velocity     time/iter
  3532  2.9868e-06  1.1995e-08  1.3062e-08  2.8809e-08  0:31:48 1468

 Reversed flow on 37 faces (1.3% area) of pressure-outlet 21.
  3533  3.0174e-06  1.1725e-08  1.2452e-08  2.8832e-08  0:31:46 1467

 Reversed flow on 37 faces (1.3% area) of pressure-outlet 21.
  3534  3.0438e-06  1.1410e-08  1.2445e-08  2.9011e-08  0:31:45 1466

 Reversed flow on 37 faces (1.3% area) of pressure-outlet 21.
  3535  3.1010e-06  1.1100e-08  1.3007e-08  2.9081e-08  0:31:44 1465

 Reversed flow on 37 faces (1.3% area) of pressure-outlet 21.
  3536  3.1923e-06  1.0891e-08  1.3687e-08  2.8983e-08  0:31:41 1464

 Reversed flow on 37 faces (1.3% area) of pressure-outlet 21.
  3537  3.2549e-06  1.0854e-08  1.4415e-08  2.8314e-08  0:31:40 1463

 Reversed flow on 37 faces (1.3% area) of pressure-outlet 21.
  3538  3.2854e-06  1.0847e-08  1.4996e-08  2.8242e-08  0:31:40 1462

 Reversed flow on 37 faces (1.3% area) of pressure-outlet 21.
  3539  3.2863e-06  1.1093e-08  1.5358e-08  2.8390e-08  0:31:38 1461

 Reversed flow on 37 faces (1.3% area) of pressure-outlet 21.
  3540  3.2653e-06  1.1334e-08  1.5437e-08  2.8695e-08  0:31:36 1460

 Reversed flow on 37 faces (1.3% area) of pressure-outlet 21.
  3541  3.1915e-06  1.1401e-08  1.5157e-08  2.9261e-08  0:31:35 1459

 Reversed flow on 37 faces (1.3% area) of pressure-outlet 21.
  3542  3.1089e-06  1.1369e-08  1.4512e-08  2.9926e-08  0:31:35 1458

 Reversed flow on 37 faces (1.3% area) of pressure-outlet 21.

  iter  continuity  x-velocity  y-velocity  z-velocity     time/iter
  3543  3.0380e-06  1.1329e-08  1.3646e-08  3.0353e-08  0:31:33 1457

 Reversed flow on 37 faces (1.3% area) of pressure-outlet 21.
  3544  2.9854e-06  1.1267e-08  1.2944e-08  3.0513e-08  0:31:31 1456

 Reversed flow on 37 faces (1.3% area) of pressure-outlet 21.
  3545  2.9710e-06  1.1159e-08  1.3105e-08  3.0372e-08  0:31:31 1455

 Reversed flow on 37 faces (1.3% area) of pressure-outlet 21.
  3546  3.0201e-06  1.1038e-08  1.3580e-08  2.9742e-08  0:31:29 1454

 Reversed flow on 37 faces (1.3% area) of pressure-outlet 21.
  3547  3.0957e-06  1.1165e-08  1.4171e-08  2.8894e-08  0:31:29 1453

 Reversed flow on 37 faces (1.3% area) of pressure-outlet 21.
  3548  3.1680e-06  1.1489e-08  1.4806e-08  2.7419e-08  0:31:27 1452

 Reversed flow on 37 faces (1.3% area) of pressure-outlet 21.
  3549  3.2016e-06  1.1922e-08  1.5364e-08  2.7135e-08  0:31:25 1451

 Reversed flow on 37 faces (1.3% area) of pressure-outlet 21.
  3550  3.2573e-06  1.2481e-08  1.5684e-08  2.7103e-08  0:31:37 1450

 Reversed flow on 37 faces (1.3% area) of pressure-outlet 21.
  3551  3.3152e-06  1.2882e-08  1.5743e-08  2.7634e-08  0:31:33 1449

 Reversed flow on 37 faces (1.3% area) of pressure-outlet 21.
  3552  3.3644e-06  1.2913e-08  1.5376e-08  2.8243e-08  0:31:29 1448

 Reversed flow on 37 faces (1.3% area) of pressure-outlet 21.
  3553  3.3658e-06  1.2686e-08  1.4726e-08  2.8910e-08  0:33:10 1447

 Reversed flow on 37 faces (1.3% area) of pressure-outlet 21.

  iter  continuity  x-velocity  y-velocity  z-velocity     time/iter
  3554  3.2933e-06  1.2372e-08  1.3992e-08  2.9041e-08  0:32:47 1446

 Reversed flow on 37 faces (1.3% area) of pressure-outlet 21.
  3555  3.1491e-06  1.1914e-08  1.3683e-08  2.8782e-08  0:32:28 1445

 Reversed flow on 37 faces (1.3% area) of pressure-outlet 21.
  3556  2.9567e-06  1.1318e-08  1.3640e-08  2.8388e-08  0:32:12 1444

 Reversed flow on 37 faces (1.3% area) of pressure-outlet 21.
  3557  2.7729e-06  1.0739e-08  1.3501e-08  2.7750e-08  0:32:00 1443

 Reversed flow on 37 faces (1.3% area) of pressure-outlet 21.
  3558  2.6781e-06  1.0348e-08  1.3396e-08  2.7117e-08  0:31:50 1442

 Reversed flow on 37 faces (1.3% area) of pressure-outlet 21.
  3559  2.6313e-06  1.0235e-08  1.3509e-08  2.5968e-08  0:31:41 1441

 Reversed flow on 37 faces (1.3% area) of pressure-outlet 21.
  3560  2.5953e-06  1.0372e-08  1.3641e-08  2.5258e-08  0:31:35 1440

 Reversed flow on 37 faces (1.3% area) of pressure-outlet 21.
  3561  2.6124e-06  1.0536e-08  1.3404e-08  2.4951e-08  0:31:29 1439

 Reversed flow on 37 faces (1.3% area) of pressure-outlet 21.
  3562  2.6594e-06  1.0658e-08  1.3039e-08  2.4896e-08  0:31:24 1438

 Reversed flow on 37 faces (1.3% area) of pressure-outlet 21.
  3563  2.7295e-06  1.0645e-08  1.2578e-08  2.5307e-08  0:31:20 1437

 Reversed flow on 37 faces (1.3% area) of pressure-outlet 21.
  3564  2.7697e-06  1.0562e-08  1.2173e-08  2.6002e-08  0:31:16 1436

 Reversed flow on 37 faces (1.3% area) of pressure-outlet 21.

  iter  continuity  x-velocity  y-velocity  z-velocity     time/iter
  3565  2.8462e-06  1.0400e-08  1.1929e-08  2.6606e-08  0:31:11 1435

 Reversed flow on 37 faces (1.3% area) of pressure-outlet 21.
  3566  2.9341e-06  1.0210e-08  1.2449e-08  2.6826e-08  0:31:08 1434

 Reversed flow on 37 faces (1.3% area) of pressure-outlet 21.
  3567  2.9835e-06  1.0129e-08  1.3175e-08  2.6241e-08  0:31:05 1433

 Reversed flow on 37 faces (1.3% area) of pressure-outlet 21.
  3568  2.9977e-06  1.0108e-08  1.3847e-08  2.6031e-08  0:31:02 1432

 Reversed flow on 37 faces (1.3% area) of pressure-outlet 21.
  3569  3.0133e-06  1.0129e-08  1.4291e-08  2.5526e-08  0:31:05 1431

 Reversed flow on 37 faces (1.3% area) of pressure-outlet 21.
  3570  3.0096e-06  1.0292e-08  1.4571e-08  2.5758e-08  0:31:03 1430

 Reversed flow on 37 faces (1.3% area) of pressure-outlet 21.
  3571  2.9852e-06  1.0719e-08  1.4636e-08  2.6293e-08  0:31:00 1429

 Reversed flow on 37 faces (1.3% area) of pressure-outlet 21.
  3572  2.9423e-06  1.1119e-08  1.4457e-08  2.7437e-08  0:30:57 1428

 Reversed flow on 37 faces (1.3% area) of pressure-outlet 21.
  3573  2.9308e-06  1.1371e-08  1.3980e-08  2.8382e-08  0:30:55 1427

 Reversed flow on 37 faces (1.3% area) of pressure-outlet 21.
  3574  2.9358e-06  1.1522e-08  1.3364e-08  2.8933e-08  0:30:53 1426

 Reversed flow on 37 faces (1.3% area) of pressure-outlet 21.
  3575  2.9594e-06  1.1603e-08  1.2908e-08  2.9219e-08  0:30:51 1425

 Reversed flow on 37 faces (1.3% area) of pressure-outlet 21.

  iter  continuity  x-velocity  y-velocity  z-velocity     time/iter
  3576  3.0195e-06  1.1523e-08  1.2954e-08  2.8979e-08  0:30:50 1424

 Reversed flow on 37 faces (1.3% area) of pressure-outlet 21.
  3577  3.0905e-06  1.1391e-08  1.3336e-08  2.8403e-08  0:30:49 1423

 Reversed flow on 37 faces (1.3% area) of pressure-outlet 21.
  3578  3.1554e-06  1.1370e-08  1.3831e-08  2.7970e-08  0:30:47 1422

 Reversed flow on 37 faces (1.3% area) of pressure-outlet 21.
  3579  3.2084e-06  1.1429e-08  1.4414e-08  2.7880e-08  0:30:46 1421

 Reversed flow on 37 faces (1.3% area) of pressure-outlet 21.
  3580  3.2419e-06  1.1651e-08  1.4971e-08  2.7781e-08  0:30:45 1420

 Reversed flow on 37 faces (1.3% area) of pressure-outlet 21.
  3581  3.2810e-06  1.2086e-08  1.5402e-08  2.8168e-08  0:30:43 1419

 Reversed flow on 37 faces (1.3% area) of pressure-outlet 21.
  3582  3.3549e-06  1.2351e-08  1.5442e-08  2.9159e-08  0:30:41 1418

 Reversed flow on 37 faces (1.3% area) of pressure-outlet 21.
  3583  3.3741e-06  1.2418e-08  1.5179e-08  3.0231e-08  0:30:39 1417

 Reversed flow on 37 faces (1.3% area) of pressure-outlet 21.
  3584  3.3604e-06  1.2396e-08  1.4640e-08  3.0716e-08  0:30:38 1416

 Reversed flow on 37 faces (1.3% area) of pressure-outlet 21.
  3585  3.2663e-06  1.2173e-08  1.3984e-08  3.1037e-08  0:30:38 1415

 Reversed flow on 37 faces (1.3% area) of pressure-outlet 21.
  3586  3.1311e-06  1.1786e-08  1.3398e-08  3.1241e-08  0:30:36 1414

 Reversed flow on 37 faces (1.3% area) of pressure-outlet 21.

  iter  continuity  x-velocity  y-velocity  z-velocity     time/iter
  3587  2.9944e-06  1.1306e-08  1.3381e-08  3.0917e-08  0:30:34 1413

 Reversed flow on 37 faces (1.3% area) of pressure-outlet 21.
  3588  2.9388e-06  1.0980e-08  1.3514e-08  3.0263e-08  0:30:33 1412

 Reversed flow on 37 faces (1.3% area) of pressure-outlet 21.
  3589  2.9035e-06  1.0864e-08  1.3916e-08  2.8860e-08  0:30:32 1411

 Reversed flow on 37 faces (1.3% area) of pressure-outlet 21.
  3590  2.8927e-06  1.0723e-08  1.4249e-08  2.7612e-08  0:30:32 1410

 Reversed flow on 37 faces (1.3% area) of pressure-outlet 21.
  3591  2.9075e-06  1.0769e-08  1.4252e-08  2.7182e-08  0:30:30 1409

 Reversed flow on 37 faces (1.3% area) of pressure-outlet 21.
  3592  2.9759e-06  1.1138e-08  1.4201e-08  2.7015e-08  0:30:28 1408

 Reversed flow on 37 faces (1.3% area) of pressure-outlet 21.
  3593  3.0361e-06  1.1369e-08  1.4087e-08  2.7555e-08  0:30:28 1407

 Reversed flow on 37 faces (1.3% area) of pressure-outlet 21.
  3594  3.1069e-06  1.1453e-08  1.3913e-08  2.8455e-08  0:30:26 1406

 Reversed flow on 37 faces (1.3% area) of pressure-outlet 21.
  3595  3.1996e-06  1.1427e-08  1.3600e-08  2.9394e-08  0:30:24 1405

 Reversed flow on 37 faces (1.3% area) of pressure-outlet 21.
  3596  3.2963e-06  1.1391e-08  1.3392e-08  2.9992e-08  0:30:23 1404

 Reversed flow on 37 faces (1.3% area) of pressure-outlet 21.
  3597  3.3451e-06  1.1338e-08  1.3728e-08  2.9839e-08  0:30:23 1403

 Reversed flow on 37 faces (1.3% area) of pressure-outlet 21.

  iter  continuity  x-velocity  y-velocity  z-velocity     time/iter
  3598  3.3607e-06  1.1150e-08  1.4264e-08  2.9839e-08  0:30:21 1402

 Reversed flow on 37 faces (1.3% area) of pressure-outlet 21.
  3599  3.3588e-06  1.1123e-08  1.4694e-08  2.9558e-08  0:30:20 1401

 Reversed flow on 37 faces (1.3% area) of pressure-outlet 21.
  3600  3.2944e-06  1.1231e-08  1.5122e-08  2.8607e-08  0:30:19 1400

 Reversed flow on 37 faces (1.3% area) of pressure-outlet 21.
  3601  3.1502e-06  1.1500e-08  1.5413e-08  2.7736e-08  0:30:18 1399

 Reversed flow on 37 faces (1.3% area) of pressure-outlet 21.
  3602  3.0137e-06  1.1854e-08  1.5407e-08  2.7909e-08  0:30:16 1398

 Reversed flow on 37 faces (1.3% area) of pressure-outlet 21.
  3603  2.9418e-06  1.2069e-08  1.5030e-08  2.8551e-08  0:30:15 1397

 Reversed flow on 37 faces (1.3% area) of pressure-outlet 21.
  3604  2.8866e-06  1.2096e-08  1.4427e-08  2.8892e-08  0:30:13 1396

 Reversed flow on 37 faces (1.3% area) of pressure-outlet 21.
  3605  2.8890e-06  1.1988e-08  1.3779e-08  2.9081e-08  0:30:12 1395

 Reversed flow on 37 faces (1.3% area) of pressure-outlet 21.
  3606  2.9236e-06  1.1765e-08  1.3089e-08  2.8905e-08  0:30:10 1394

 Reversed flow on 37 faces (1.3% area) of pressure-outlet 21.
  3607  2.9765e-06  1.1529e-08  1.2754e-08  2.8388e-08  0:30:09 1393

 Reversed flow on 37 faces (1.3% area) of pressure-outlet 21.
  3608  3.0132e-06  1.1319e-08  1.3176e-08  2.7565e-08  0:30:07 1392

 Reversed flow on 37 faces (1.3% area) of pressure-outlet 21.

  iter  continuity  x-velocity  y-velocity  z-velocity     time/iter
  3609  3.0482e-06  1.1196e-08  1.3765e-08  2.7079e-08  0:30:06 1391

 Reversed flow on 37 faces (1.3% area) of pressure-outlet 21.
  3610  3.0513e-06  1.1129e-08  1.4438e-08  2.6069e-08  0:30:04 1390

 Reversed flow on 37 faces (1.3% area) of pressure-outlet 21.
  3611  3.0812e-06  1.1147e-08  1.4910e-08  2.5430e-08  0:30:03 1389

 Reversed flow on 37 faces (1.3% area) of pressure-outlet 21.
  3612  3.1104e-06  1.1179e-08  1.5063e-08  2.5802e-08  0:30:02 1388

 Reversed flow on 37 faces (1.3% area) of pressure-outlet 21.
  3613  3.1216e-06  1.1392e-08  1.5038e-08  2.6566e-08  0:30:01 1387

 Reversed flow on 37 faces (1.3% area) of pressure-outlet 21.
  3614  3.0785e-06  1.1494e-08  1.4769e-08  2.7210e-08  0:30:00 1386

 Reversed flow on 37 faces (1.3% area) of pressure-outlet 21.
  3615  2.9986e-06  1.1363e-08  1.4247e-08  2.7991e-08  0:29:58 1385

 Reversed flow on 37 faces (1.3% area) of pressure-outlet 21.
  3616  2.8706e-06  1.0998e-08  1.3429e-08  2.8634e-08  0:29:57 1384

 Reversed flow on 37 faces (1.3% area) of pressure-outlet 21.
  3617  2.7533e-06  1.0538e-08  1.2579e-08  2.8858e-08  0:30:03 1383

 Reversed flow on 37 faces (1.3% area) of pressure-outlet 21.
  3618  2.7084e-06  1.0175e-08  1.2361e-08  2.8656e-08  0:30:00 1382

 Reversed flow on 37 faces (1.3% area) of pressure-outlet 21.
  3619  2.6887e-06  9.9044e-09  1.2663e-08  2.7737e-08  0:29:57 1381

 Reversed flow on 37 faces (1.3% area) of pressure-outlet 21.

  iter  continuity  x-velocity  y-velocity  z-velocity     time/iter
  3620  2.6895e-06  9.7659e-09  1.3059e-08  2.6798e-08  0:29:54 1380

 Reversed flow on 37 faces (1.3% area) of pressure-outlet 21.
  3621  2.7277e-06  9.8101e-09  1.3297e-08  2.5856e-08  0:29:52 1379

 Reversed flow on 37 faces (1.3% area) of pressure-outlet 21.
  3622  2.8219e-06  1.0222e-08  1.3672e-08  2.5202e-08  0:29:50 1378

 Reversed flow on 37 faces (1.3% area) of pressure-outlet 21.
  3623  2.9113e-06  1.0761e-08  1.4038e-08  2.5572e-08  0:29:49 1377

 Reversed flow on 37 faces (1.3% area) of pressure-outlet 21.
  3624  3.0228e-06  1.1269e-08  1.4339e-08  2.6748e-08  0:29:47 1376

 Reversed flow on 37 faces (1.3% area) of pressure-outlet 21.
  3625  3.1566e-06  1.1620e-08  1.4398e-08  2.7979e-08  0:29:47 1375

 Reversed flow on 37 faces (1.3% area) of pressure-outlet 21.
  3626  3.3059e-06  1.1927e-08  1.4281e-08  2.8685e-08  0:29:44 1374

 Reversed flow on 37 faces (1.3% area) of pressure-outlet 21.
  3627  3.3837e-06  1.2166e-08  1.4061e-08  2.8885e-08  0:29:43 1373

 Reversed flow on 37 faces (1.3% area) of pressure-outlet 21.
  3628  3.4073e-06  1.2151e-08  1.4040e-08  2.9095e-08  0:29:42 1372

 Reversed flow on 37 faces (1.3% area) of pressure-outlet 21.
  3629  3.3706e-06  1.2020e-08  1.4368e-08  2.8791e-08  0:29:40 1371

 Reversed flow on 37 faces (1.3% area) of pressure-outlet 21.
  3630  3.2883e-06  1.1857e-08  1.4693e-08  2.8436e-08  0:29:39 1370

 Reversed flow on 37 faces (1.3% area) of pressure-outlet 21.

  iter  continuity  x-velocity  y-velocity  z-velocity     time/iter
  3631  3.1429e-06  1.1703e-08  1.4945e-08  2.7789e-08  0:29:37 1369

 Reversed flow on 37 faces (1.3% area) of pressure-outlet 21.
  3632  2.9999e-06  1.1554e-08  1.4883e-08  2.8024e-08  0:29:36 1368

 Reversed flow on 37 faces (1.3% area) of pressure-outlet 21.
  3633  2.8983e-06  1.1607e-08  1.4620e-08  2.8518e-08  0:29:34 1367

 Reversed flow on 37 faces (1.3% area) of pressure-outlet 21.
  3634  2.8669e-06  1.1816e-08  1.4233e-08  2.9069e-08  0:29:33 1366

 Reversed flow on 37 faces (1.3% area) of pressure-outlet 21.
  3635  2.8675e-06  1.1871e-08  1.3850e-08  2.9703e-08  0:29:31 1365

 Reversed flow on 37 faces (1.3% area) of pressure-outlet 21.
  3636  2.9363e-06  1.1726e-08  1.3277e-08  2.9858e-08  0:29:30 1364

 Reversed flow on 37 faces (1.3% area) of pressure-outlet 21.
  3637  3.0192e-06  1.1483e-08  1.2663e-08  2.9774e-08  0:29:29 1363

 Reversed flow on 37 faces (1.3% area) of pressure-outlet 21.
  3638  3.0961e-06  1.1277e-08  1.2376e-08  2.9465e-08  0:29:27 1362

 Reversed flow on 37 faces (1.3% area) of pressure-outlet 21.
  3639  3.1594e-06  1.1089e-08  1.2821e-08  2.9152e-08  0:29:26 1361

 Reversed flow on 37 faces (1.3% area) of pressure-outlet 21.
  3640  3.1990e-06  1.0871e-08  1.3486e-08  2.8441e-08  0:29:25 1360

 Reversed flow on 37 faces (1.3% area) of pressure-outlet 21.
  3641  3.2433e-06  1.0873e-08  1.4156e-08  2.7756e-08  0:29:23 1359

 Reversed flow on 37 faces (1.3% area) of pressure-outlet 21.

  iter  continuity  x-velocity  y-velocity  z-velocity     time/iter
  3642  3.2856e-06  1.0790e-08  1.4639e-08  2.7595e-08  0:29:22 1358

 Reversed flow on 37 faces (1.3% area) of pressure-outlet 21.
  3643  3.2934e-06  1.0976e-08  1.5064e-08  2.7818e-08  0:29:21 1357

 Reversed flow on 37 faces (1.3% area) of pressure-outlet 21.
  3644  3.2558e-06  1.1297e-08  1.5257e-08  2.8260e-08  0:29:20 1356

 Reversed flow on 37 faces (1.3% area) of pressure-outlet 21.
  3645  3.1751e-06  1.1459e-08  1.5179e-08  2.9071e-08  0:29:18 1355

 Reversed flow on 37 faces (1.3% area) of pressure-outlet 21.
  3646  3.0759e-06  1.1382e-08  1.4649e-08  2.9851e-08  0:29:16 1354

 Reversed flow on 37 faces (1.3% area) of pressure-outlet 21.
  3647  2.9926e-06  1.1222e-08  1.3766e-08  3.0404e-08  0:29:16 1353

 Reversed flow on 37 faces (1.3% area) of pressure-outlet 21.
  3648  2.9769e-06  1.1103e-08  1.2931e-08  3.0765e-08  0:29:16 1352

 Reversed flow on 37 faces (1.3% area) of pressure-outlet 21.
  3649  2.9702e-06  1.0988e-08  1.2853e-08  3.0309e-08  0:29:15 1351

 Reversed flow on 37 faces (1.3% area) of pressure-outlet 21.
  3650  2.9641e-06  1.0809e-08  1.3252e-08  2.9373e-08  0:29:13 1350

 Reversed flow on 37 faces (1.3% area) of pressure-outlet 21.
  3651  2.9843e-06  1.0846e-08  1.3528e-08  2.8405e-08  0:29:50 1349

 Reversed flow on 37 faces (1.3% area) of pressure-outlet 21.
  3652  3.0124e-06  1.1120e-08  1.4015e-08  2.6719e-08  0:29:42 1348

 Reversed flow on 37 faces (1.3% area) of pressure-outlet 21.

  iter  continuity  x-velocity  y-velocity  z-velocity     time/iter
  3653  3.0067e-06  1.1353e-08  1.4455e-08  2.6123e-08  0:29:36 1347

 Reversed flow on 37 faces (1.3% area) of pressure-outlet 21.
  3654  3.0323e-06  1.1756e-08  1.4816e-08  2.6424e-08  0:29:31 1346

 Reversed flow on 37 faces (1.3% area) of pressure-outlet 21.
  3655  3.1171e-06  1.2120e-08  1.4937e-08  2.7426e-08  0:29:26 1345

 Reversed flow on 37 faces (1.3% area) of pressure-outlet 21.
  3656  3.1952e-06  1.2305e-08  1.4870e-08  2.7974e-08  0:29:21 1344

 Reversed flow on 37 faces (1.3% area) of pressure-outlet 21.
  3657  3.2445e-06  1.2283e-08  1.4548e-08  2.8246e-08  0:29:16 1343

 Reversed flow on 37 faces (1.3% area) of pressure-outlet 21.
  3658  3.2373e-06  1.2041e-08  1.3994e-08  2.8486e-08  0:29:13 1342

 Reversed flow on 37 faces (1.3% area) of pressure-outlet 21.
  3659  3.1845e-06  1.1721e-08  1.3494e-08  2.8196e-08  0:29:09 1341

 Reversed flow on 37 faces (1.3% area) of pressure-outlet 21.
  3660  3.0752e-06  1.1329e-08  1.3600e-08  2.7371e-08  0:29:07 1340

 Reversed flow on 37 faces (1.3% area) of pressure-outlet 21.
  3661  2.9260e-06  1.0883e-08  1.3714e-08  2.6773e-08  0:29:07 1339

 Reversed flow on 37 faces (1.3% area) of pressure-outlet 21.
  3662  2.7768e-06  1.0557e-08  1.3777e-08  2.6396e-08  0:29:08 1338

 Reversed flow on 37 faces (1.3% area) of pressure-outlet 21.
  3663  2.6651e-06  1.0386e-08  1.3778e-08  2.5849e-08  0:29:05 1337

 Reversed flow on 37 faces (1.3% area) of pressure-outlet 21.

  iter  continuity  x-velocity  y-velocity  z-velocity     time/iter
  3664  2.6068e-06  1.0509e-08  1.3794e-08  2.5617e-08  0:29:02 1336

 Reversed flow on 37 faces (1.3% area) of pressure-outlet 21.
  3665  2.6140e-06  1.0719e-08  1.3862e-08  2.5981e-08  0:28:59 1335

 Reversed flow on 37 faces (1.3% area) of pressure-outlet 21.
  3666  2.6816e-06  1.0795e-08  1.3720e-08  2.6359e-08  0:28:56 1334

 Reversed flow on 37 faces (1.3% area) of pressure-outlet 21.
  3667  2.7981e-06  1.0830e-08  1.3381e-08  2.6849e-08  0:28:55 1333

 Reversed flow on 37 faces (1.3% area) of pressure-outlet 21.
  3668  2.9088e-06  1.0850e-08  1.3008e-08  2.7220e-08  0:28:53 1332

 Reversed flow on 37 faces (1.3% area) of pressure-outlet 21.
  3669  3.0111e-06  1.0812e-08  1.2744e-08  2.7750e-08  0:28:51 1331

 Reversed flow on 37 faces (1.3% area) of pressure-outlet 21.
  3670  3.0803e-06  1.0682e-08  1.3112e-08  2.7860e-08  0:28:50 1330

 Reversed flow on 37 faces (1.3% area) of pressure-outlet 21.
  3671  3.1382e-06  1.0649e-08  1.3835e-08  2.7505e-08  0:28:47 1329

 Reversed flow on 37 faces (1.3% area) of pressure-outlet 21.
  3672  3.1903e-06  1.0586e-08  1.4422e-08  2.7622e-08  0:28:47 1328

 Reversed flow on 37 faces (1.3% area) of pressure-outlet 21.
  3673  3.2118e-06  1.0641e-08  1.4971e-08  2.7405e-08  0:28:46 1327

 Reversed flow on 37 faces (1.3% area) of pressure-outlet 21.
  3674  3.2037e-06  1.0776e-08  1.5288e-08  2.7647e-08  0:28:43 1326

 Reversed flow on 37 faces (1.3% area) of pressure-outlet 21.

  iter  continuity  x-velocity  y-velocity  z-velocity     time/iter
  3675  3.1389e-06  1.1164e-08  1.5442e-08  2.8173e-08  0:28:41 1325

 Reversed flow on 37 faces (1.3% area) of pressure-outlet 21.
  3676  3.0706e-06  1.1514e-08  1.5232e-08  2.9153e-08  0:28:40 1324

 Reversed flow on 37 faces (1.3% area) of pressure-outlet 21.
  3677  3.0023e-06  1.1680e-08  1.4682e-08  2.9913e-08  0:28:39 1323

 Reversed flow on 37 faces (1.3% area) of pressure-outlet 21.
  3678  3.0272e-06  1.1821e-08  1.4003e-08  3.0317e-08  0:28:38 1322

 Reversed flow on 37 faces (1.3% area) of pressure-outlet 21.
  3679  3.0321e-06  1.1938e-08  1.3465e-08  2.9835e-08  0:28:37 1321

 Reversed flow on 37 faces (1.3% area) of pressure-outlet 21.
  3680  3.0260e-06  1.1884e-08  1.3168e-08  2.8937e-08  0:28:36 1320

 Reversed flow on 37 faces (1.3% area) of pressure-outlet 21.
  3681  3.0218e-06  1.1786e-08  1.3205e-08  2.7933e-08  0:28:48 1319

 Reversed flow on 37 faces (1.3% area) of pressure-outlet 21.
  3682  3.0464e-06  1.1712e-08  1.3467e-08  2.7145e-08  0:29:13 1318

 Reversed flow on 37 faces (1.3% area) of pressure-outlet 21.
  3683  3.0524e-06  1.1594e-08  1.3883e-08  2.6986e-08  0:29:25 1317

 Reversed flow on 37 faces (1.3% area) of pressure-outlet 21.
  3684  3.0690e-06  1.1622e-08  1.4384e-08  2.7196e-08  0:29:12 1316

 Reversed flow on 37 faces (1.3% area) of pressure-outlet 21.
  3685  3.1372e-06  1.1856e-08  1.4827e-08  2.7963e-08  0:29:03 1315

 Reversed flow on 37 faces (1.3% area) of pressure-outlet 21.

  iter  continuity  x-velocity  y-velocity  z-velocity     time/iter
  3686  3.2322e-06  1.2193e-08  1.5102e-08  2.8573e-08  0:29:00 1314

 Reversed flow on 37 faces (1.3% area) of pressure-outlet 21.
  3687  3.2843e-06  1.2336e-08  1.5079e-08  2.9410e-08  0:28:52 1313

 Reversed flow on 37 faces (1.3% area) of pressure-outlet 21.
  3688  3.3167e-06  1.2250e-08  1.4684e-08  3.0086e-08  0:28:45 1312

 Reversed flow on 37 faces (1.3% area) of pressure-outlet 21.
  3689  3.3049e-06  1.2045e-08  1.4015e-08  3.0410e-08  0:28:39 1311

 Reversed flow on 37 faces (1.3% area) of pressure-outlet 21.
  3690  3.2483e-06  1.1728e-08  1.3454e-08  3.0284e-08  0:28:34 1310

 Reversed flow on 37 faces (1.3% area) of pressure-outlet 21.
  3691  3.1429e-06  1.1329e-08  1.3440e-08  3.0254e-08  0:28:30 1309

 Reversed flow on 37 faces (1.3% area) of pressure-outlet 21.
  3692  3.0230e-06  1.0994e-08  1.3665e-08  2.9712e-08  0:28:26 1308

 Reversed flow on 37 faces (1.3% area) of pressure-outlet 21.
  3693  2.9155e-06  1.0843e-08  1.3886e-08  2.8932e-08  0:28:24 1307

 Reversed flow on 37 faces (1.3% area) of pressure-outlet 21.
  3694  2.8653e-06  1.0750e-08  1.4110e-08  2.7973e-08  0:28:22 1306

 Reversed flow on 37 faces (1.3% area) of pressure-outlet 21.
  3695  2.8770e-06  1.0716e-08  1.4382e-08  2.7949e-08  0:28:20 1305

 Reversed flow on 37 faces (1.3% area) of pressure-outlet 21.
  3696  2.9367e-06  1.1000e-08  1.4484e-08  2.7716e-08  0:28:19 1304

 Reversed flow on 37 faces (1.3% area) of pressure-outlet 21.

  iter  continuity  x-velocity  y-velocity  z-velocity     time/iter
  3697  3.0469e-06  1.1336e-08  1.4456e-08  2.7989e-08  0:28:16 1303

 Reversed flow on 37 faces (1.3% area) of pressure-outlet 21.
  3698  3.1467e-06  1.1573e-08  1.4335e-08  2.8376e-08  0:28:17 1302

 Reversed flow on 37 faces (1.3% area) of pressure-outlet 21.
  3699  3.2526e-06  1.1691e-08  1.4058e-08  2.8946e-08  0:28:16 1301

 Reversed flow on 37 faces (1.3% area) of pressure-outlet 21.
  3700  3.3137e-06  1.1682e-08  1.3768e-08  2.9270e-08  0:28:13 1300

 Reversed flow on 37 faces (1.3% area) of pressure-outlet 21.
  3701  3.3668e-06  1.1679e-08  1.3795e-08  2.9168e-08  0:28:12 1299

 Reversed flow on 37 faces (1.3% area) of pressure-outlet 21.
  3702  3.4036e-06  1.1460e-08  1.4139e-08  2.9336e-08  0:28:10 1298

 Reversed flow on 37 faces (1.3% area) of pressure-outlet 21.
  3703  3.4013e-06  1.1393e-08  1.4584e-08  2.9309e-08  0:28:07 1297

 Reversed flow on 37 faces (1.3% area) of pressure-outlet 21.
  3704  3.3202e-06  1.1499e-08  1.5022e-08  2.8596e-08  0:28:06 1296

 Reversed flow on 37 faces (1.3% area) of pressure-outlet 21.
  3705  3.1596e-06  1.1633e-08  1.5389e-08  2.7918e-08  0:28:05 1295

 Reversed flow on 37 faces (1.3% area) of pressure-outlet 21.
  3706  3.0136e-06  1.1786e-08  1.5405e-08  2.8053e-08  0:28:04 1294

 Reversed flow on 37 faces (1.3% area) of pressure-outlet 21.
  3707  2.9088e-06  1.1870e-08  1.5028e-08  2.8582e-08  0:28:02 1293

 Reversed flow on 37 faces (1.3% area) of pressure-outlet 21.

  iter  continuity  x-velocity  y-velocity  z-velocity     time/iter
  3708  2.8756e-06  1.1832e-08  1.4460e-08  2.8986e-08  0:28:00 1292

 Reversed flow on 37 faces (1.3% area) of pressure-outlet 21.
  3709  2.8655e-06  1.1709e-08  1.3832e-08  2.8622e-08  0:27:59 1291

 Reversed flow on 37 faces (1.3% area) of pressure-outlet 21.
  3710  2.8467e-06  1.1481e-08  1.3013e-08  2.7993e-08  0:29:26 1290

 Reversed flow on 37 faces (1.3% area) of pressure-outlet 21.
  3711  2.8307e-06  1.1218e-08  1.2141e-08  2.7243e-08  0:29:06 1289

 Reversed flow on 37 faces (1.3% area) of pressure-outlet 21.
  3712  2.8326e-06  1.0965e-08  1.2117e-08  2.6311e-08  0:28:51 1288

 Reversed flow on 37 faces (1.3% area) of pressure-outlet 21.
  3713  2.8100e-06  1.0637e-08  1.2486e-08  2.5591e-08  0:28:38 1287

 Reversed flow on 37 faces (1.3% area) of pressure-outlet 21.
  3714  2.7928e-06  1.0474e-08  1.3050e-08  2.5025e-08  0:28:27 1286

 Reversed flow on 37 faces (1.3% area) of pressure-outlet 21.
  3715  2.8277e-06  1.0378e-08  1.3555e-08  2.4473e-08  0:28:19 1285

 Reversed flow on 37 faces (1.3% area) of pressure-outlet 21.
  3716  2.8805e-06  1.0428e-08  1.3978e-08  2.4251e-08  0:28:11 1284

 Reversed flow on 37 faces (1.3% area) of pressure-outlet 21.
  3717  2.9093e-06  1.0739e-08  1.4220e-08  2.4451e-08  0:28:06 1283

 Reversed flow on 37 faces (1.3% area) of pressure-outlet 21.
  3718  2.9290e-06  1.0940e-08  1.4181e-08  2.5189e-08  0:28:00 1282

 Reversed flow on 37 faces (1.3% area) of pressure-outlet 21.

  iter  continuity  x-velocity  y-velocity  z-velocity     time/iter
  3719  2.9224e-06  1.0995e-08  1.3806e-08  2.5871e-08  0:27:56 1281

 Reversed flow on 37 faces (1.3% area) of pressure-outlet 21.
  3720  2.8841e-06  1.0829e-08  1.3248e-08  2.6172e-08  0:27:53 1280

 Reversed flow on 37 faces (1.3% area) of pressure-outlet 21.
  3721  2.8055e-06  1.0535e-08  1.2567e-08  2.6862e-08  0:27:49 1279

 Reversed flow on 37 faces (1.3% area) of pressure-outlet 21.
  3722  2.7170e-06  1.0246e-08  1.2293e-08  2.7097e-08  0:27:47 1278

 Reversed flow on 37 faces (1.3% area) of pressure-outlet 21.
  3723  2.6448e-06  9.9827e-09  1.2428e-08  2.6989e-08  0:27:44 1277

 Reversed flow on 37 faces (1.3% area) of pressure-outlet 21.
  3724  2.6301e-06  9.8301e-09  1.2711e-08  2.6793e-08  0:27:42 1276

 Reversed flow on 37 faces (1.3% area) of pressure-outlet 21.
  3725  2.6857e-06  9.8045e-09  1.3239e-08  2.6751e-08  0:27:40 1275

 Reversed flow on 37 faces (1.3% area) of pressure-outlet 21.
  3726  2.7971e-06  9.9962e-09  1.3767e-08  2.6363e-08  0:27:38 1274

 Reversed flow on 37 faces (1.3% area) of pressure-outlet 21.
  3727  2.9492e-06  1.0564e-08  1.4277e-08  2.6589e-08  0:27:38 1273

 Reversed flow on 37 faces (1.3% area) of pressure-outlet 21.
  3728  3.1152e-06  1.1229e-08  1.4735e-08  2.7391e-08  0:27:35 1272

 Reversed flow on 37 faces (1.3% area) of pressure-outlet 21.
  3729  3.2523e-06  1.1750e-08  1.4983e-08  2.8458e-08  0:27:34 1271

 Reversed flow on 37 faces (1.3% area) of pressure-outlet 21.

  iter  continuity  x-velocity  y-velocity  z-velocity     time/iter
  3730  3.3832e-06  1.2156e-08  1.5008e-08  2.9120e-08  0:27:32 1270

 Reversed flow on 37 faces (1.3% area) of pressure-outlet 21.
  3731  3.4796e-06  1.2530e-08  1.4812e-08  2.9352e-08  0:27:30 1269

 Reversed flow on 37 faces (1.3% area) of pressure-outlet 21.
  3732  3.5359e-06  1.2544e-08  1.4452e-08  2.9964e-08  0:27:28 1268

 Reversed flow on 37 faces (1.3% area) of pressure-outlet 21.
  3733  3.5147e-06  1.2483e-08  1.4727e-08  3.0135e-08  0:27:27 1267

 Reversed flow on 37 faces (1.3% area) of pressure-outlet 21.
  3734  3.4203e-06  1.2333e-08  1.5023e-08  2.9814e-08  0:27:26 1266

 Reversed flow on 37 faces (1.3% area) of pressure-outlet 21.
  3735  3.2421e-06  1.2160e-08  1.5307e-08  2.9471e-08  0:27:24 1265

 Reversed flow on 37 faces (1.3% area) of pressure-outlet 21.
  3736  3.0654e-06  1.1886e-08  1.5246e-08  2.9103e-08  0:27:23 1264

 Reversed flow on 37 faces (1.3% area) of pressure-outlet 21.
  3737  2.9374e-06  1.1699e-08  1.4929e-08  2.9471e-08  0:27:21 1263

 Reversed flow on 37 faces (1.3% area) of pressure-outlet 21.
  3738  2.9136e-06  1.1863e-08  1.4571e-08  2.9632e-08  0:27:20 1262

 Reversed flow on 37 faces (1.3% area) of pressure-outlet 21.
  3739  2.8990e-06  1.1991e-08  1.4255e-08  2.9598e-08  0:27:18 1261

 Reversed flow on 37 faces (1.3% area) of pressure-outlet 21.
  3740  2.9047e-06  1.1915e-08  1.3690e-08  2.9267e-08  0:27:18 1260

 Reversed flow on 37 faces (1.3% area) of pressure-outlet 21.

  iter  continuity  x-velocity  y-velocity  z-velocity     time/iter
  3741  2.9346e-06  1.1715e-08  1.2858e-08  2.9005e-08  0:27:16 1259

 Reversed flow on 37 faces (1.3% area) of pressure-outlet 21.
  3742  2.9937e-06  1.1521e-08  1.2280e-08  2.8726e-08  0:27:15 1258

 Reversed flow on 37 faces (1.3% area) of pressure-outlet 21.
  3743  3.0314e-06  1.1194e-08  1.2399e-08  2.8701e-08  0:27:14 1257

 Reversed flow on 37 faces (1.3% area) of pressure-outlet 21.
  3744  3.0771e-06  1.0913e-08  1.3000e-08  2.8586e-08  0:27:12 1256

 Reversed flow on 37 faces (1.3% area) of pressure-outlet 21.
  3745  3.1558e-06  1.0757e-08  1.3665e-08  2.8626e-08  0:27:14 1255

 Reversed flow on 37 faces (1.3% area) of pressure-outlet 21.
  3746  3.2362e-06  1.0716e-08  1.4405e-08  2.8056e-08  0:27:12 1254

 Reversed flow on 37 faces (1.3% area) of pressure-outlet 21.
  3747  3.2808e-06  1.0828e-08  1.5040e-08  2.7922e-08  0:27:11 1253

 Reversed flow on 37 faces (1.3% area) of pressure-outlet 21.
  3748  3.2920e-06  1.1114e-08  1.5406e-08  2.8339e-08  0:27:09 1252

 Reversed flow on 37 faces (1.3% area) of pressure-outlet 21.
  3749  3.2932e-06  1.1374e-08  1.5410e-08  2.8879e-08  0:27:08 1251

 Reversed flow on 37 faces (1.3% area) of pressure-outlet 21.
  3750  3.2393e-06  1.1425e-08  1.5126e-08  2.9216e-08  0:27:06 1250

 Reversed flow on 37 faces (1.3% area) of pressure-outlet 21.
  3751  3.1748e-06  1.1383e-08  1.4478e-08  3.0087e-08  0:27:04 1249

 Reversed flow on 37 faces (1.3% area) of pressure-outlet 21.

  iter  continuity  x-velocity  y-velocity  z-velocity     time/iter
  3752  3.0907e-06  1.1346e-08  1.3687e-08  3.0603e-08  0:27:02 1248

 Reversed flow on 37 faces (1.3% area) of pressure-outlet 21.
  3753  3.0198e-06  1.1278e-08  1.3062e-08  3.0746e-08  0:27:01 1247

 Reversed flow on 37 faces (1.3% area) of pressure-outlet 21.
  3754  2.9888e-06  1.1218e-08  1.3253e-08  3.0452e-08  0:27:00 1246

 Reversed flow on 37 faces (1.3% area) of pressure-outlet 21.
  3755  3.0172e-06  1.1243e-08  1.3756e-08  2.9958e-08  0:26:58 1245

 Reversed flow on 37 faces (1.3% area) of pressure-outlet 21.
  3756  3.0304e-06  1.1454e-08  1.4368e-08  2.8366e-08  0:26:57 1244

 Reversed flow on 37 faces (1.3% area) of pressure-outlet 21.
  3757  3.0762e-06  1.1723e-08  1.4866e-08  2.6958e-08  0:26:55 1243

 Reversed flow on 37 faces (1.3% area) of pressure-outlet 21.
  3758  3.1478e-06  1.2047e-08  1.5274e-08  2.6894e-08  0:26:54 1242

 Reversed flow on 37 faces (1.3% area) of pressure-outlet 21.
  3759  3.2202e-06  1.2496e-08  1.5473e-08  2.7247e-08  0:26:53 1241

 Reversed flow on 37 faces (1.3% area) of pressure-outlet 21.
  3760  3.2621e-06  1.2718e-08  1.5470e-08  2.7740e-08  0:26:51 1240

 Reversed flow on 37 faces (1.3% area) of pressure-outlet 21.
  3761  3.3129e-06  1.2774e-08  1.5144e-08  2.7882e-08  0:26:50 1239

 Reversed flow on 37 faces (1.3% area) of pressure-outlet 21.
  3762  3.3327e-06  1.2474e-08  1.4444e-08  2.8542e-08  0:26:49 1238

 Reversed flow on 37 faces (1.3% area) of pressure-outlet 21.

  iter  continuity  x-velocity  y-velocity  z-velocity     time/iter
  3763  3.2836e-06  1.2159e-08  1.3795e-08  2.8760e-08  0:26:46 1237

 Reversed flow on 37 faces (1.3% area) of pressure-outlet 21.
  3764  3.1666e-06  1.1750e-08  1.3609e-08  2.8323e-08  0:26:46 1236

 Reversed flow on 37 faces (1.3% area) of pressure-outlet 21.
  3765  2.9897e-06  1.1210e-08  1.3730e-08  2.7956e-08  0:26:45 1235

 Reversed flow on 37 faces (1.3% area) of pressure-outlet 21.
  3766  2.8058e-06  1.0646e-08  1.3675e-08  2.7464e-08  0:26:44 1234

 Reversed flow on 37 faces (1.3% area) of pressure-outlet 21.
  3767  2.6688e-06  1.0257e-08  1.3547e-08  2.6891e-08  0:26:42 1233

 Reversed flow on 37 faces (1.3% area) of pressure-outlet 21.
  3768  2.6263e-06  1.0185e-08  1.3564e-08  2.6105e-08  0:26:43 1232

 Reversed flow on 37 faces (1.3% area) of pressure-outlet 21.
  3769  2.5874e-06  1.0391e-08  1.3700e-08  2.5561e-08  0:26:41 1231

 Reversed flow on 37 faces (1.3% area) of pressure-outlet 21.
  3770  2.6027e-06  1.0531e-08  1.3534e-08  2.5354e-08  0:26:39 1230

 Reversed flow on 37 faces (1.3% area) of pressure-outlet 21.
  3771  2.6382e-06  1.0600e-08  1.3016e-08  2.5478e-08  0:26:37 1229

 Reversed flow on 37 faces (1.3% area) of pressure-outlet 21.
  3772  2.7228e-06  1.0621e-08  1.2466e-08  2.5614e-08  0:26:36 1228

 Reversed flow on 37 faces (1.3% area) of pressure-outlet 21.
  3773  2.7775e-06  1.0463e-08  1.1998e-08  2.6135e-08  0:26:34 1227

 Reversed flow on 37 faces (1.3% area) of pressure-outlet 21.

  iter  continuity  x-velocity  y-velocity  z-velocity     time/iter
  3774  2.8432e-06  1.0293e-08  1.1932e-08  2.6629e-08  0:26:32 1226

 Reversed flow on 37 faces (1.3% area) of pressure-outlet 21.
  3775  2.9225e-06  1.0153e-08  1.2530e-08  2.6918e-08  0:26:31 1225

 Reversed flow on 37 faces (1.3% area) of pressure-outlet 21.
  3776  2.9972e-06  1.0140e-08  1.3272e-08  2.6251e-08  0:26:29 1224

 Reversed flow on 37 faces (1.3% area) of pressure-outlet 21.
  3777  3.0321e-06  1.0216e-08  1.4019e-08  2.5928e-08  0:26:28 1223

 Reversed flow on 37 faces (1.3% area) of pressure-outlet 21.
  3778  3.0775e-06  1.0307e-08  1.4484e-08  2.5795e-08  0:26:28 1222

 Reversed flow on 37 faces (1.3% area) of pressure-outlet 21.
  3779  3.0953e-06  1.0609e-08  1.4744e-08  2.6118e-08  0:26:26 1221

 Reversed flow on 37 faces (1.3% area) of pressure-outlet 21.
  3780  3.0926e-06  1.1082e-08  1.4851e-08  2.6530e-08  0:26:26 1220

 Reversed flow on 37 faces (1.3% area) of pressure-outlet 21.
  3781  3.0432e-06  1.1388e-08  1.4654e-08  2.7839e-08  0:26:24 1219

 Reversed flow on 37 faces (1.3% area) of pressure-outlet 21.
  3782  3.0105e-06  1.1616e-08  1.4153e-08  2.8643e-08  0:26:30 1218

 Reversed flow on 37 faces (1.3% area) of pressure-outlet 21.
  3783  2.9769e-06  1.1724e-08  1.3446e-08  2.9057e-08  0:26:27 1217

 Reversed flow on 37 faces (1.3% area) of pressure-outlet 21.
  3784  2.9653e-06  1.1719e-08  1.2871e-08  2.9182e-08  0:26:24 1216

 Reversed flow on 37 faces (1.3% area) of pressure-outlet 21.

  iter  continuity  x-velocity  y-velocity  z-velocity     time/iter
  3785  2.9849e-06  1.1591e-08  1.2974e-08  2.9040e-08  0:26:22 1215

 Reversed flow on 37 faces (1.3% area) of pressure-outlet 21.
  3786  3.0240e-06  1.1351e-08  1.3306e-08  2.8577e-08  0:26:20 1214

 Reversed flow on 37 faces (1.3% area) of pressure-outlet 21.
  3787  3.0783e-06  1.1263e-08  1.3689e-08  2.8103e-08  0:26:18 1213

 Reversed flow on 37 faces (1.3% area) of pressure-outlet 21.
  3788  3.1329e-06  1.1293e-08  1.4215e-08  2.7969e-08  0:26:17 1212

 Reversed flow on 37 faces (1.3% area) of pressure-outlet 21.
  3789  3.1954e-06  1.1529e-08  1.4734e-08  2.7990e-08  0:26:14 1211

 Reversed flow on 37 faces (1.3% area) of pressure-outlet 21.
  3790  3.2414e-06  1.1933e-08  1.5128e-08  2.8383e-08  0:26:14 1210

 Reversed flow on 37 faces (1.3% area) of pressure-outlet 21.
  3791  3.3108e-06  1.2246e-08  1.5214e-08  2.8889e-08  0:26:14 1209

 Reversed flow on 37 faces (1.3% area) of pressure-outlet 21.
  3792  3.3534e-06  1.2237e-08  1.4874e-08  2.9939e-08  0:26:13 1208

 Reversed flow on 37 faces (1.3% area) of pressure-outlet 21.
  3793  3.3623e-06  1.2157e-08  1.4334e-08  3.0589e-08  0:26:10 1207

 Reversed flow on 37 faces (1.3% area) of pressure-outlet 21.
  3794  3.3068e-06  1.1965e-08  1.3737e-08  3.0708e-08  0:26:08 1206

 Reversed flow on 37 faces (1.3% area) of pressure-outlet 21.
  3795  3.1934e-06  1.1626e-08  1.3510e-08  3.0908e-08  0:26:06 1205

 Reversed flow on 37 faces (1.3% area) of pressure-outlet 21.

  iter  continuity  x-velocity  y-velocity  z-velocity     time/iter
  3796  3.0468e-06  1.1175e-08  1.3637e-08  3.0490e-08  0:26:04 1204

 Reversed flow on 37 faces (1.3% area) of pressure-outlet 21.
  3797  2.9458e-06  1.0878e-08  1.3737e-08  2.9977e-08  0:26:03 1203

 Reversed flow on 37 faces (1.3% area) of pressure-outlet 21.
  3798  2.9057e-06  1.0726e-08  1.4029e-08  2.8783e-08  0:26:01 1202

 Reversed flow on 37 faces (1.3% area) of pressure-outlet 21.
  3799  2.8868e-06  1.0661e-08  1.4324e-08  2.7873e-08  0:26:00 1201

 Reversed flow on 37 faces (1.3% area) of pressure-outlet 21.
  3800  2.8816e-06  1.0804e-08  1.4384e-08  2.7307e-08  0:25:58 1200

 Reversed flow on 37 faces (1.3% area) of pressure-outlet 21.
  3801  2.9362e-06  1.1147e-08  1.4177e-08  2.7240e-08  0:25:57 1199

 Reversed flow on 37 faces (1.3% area) of pressure-outlet 21.
  3802  3.0062e-06  1.1385e-08  1.3943e-08  2.7601e-08  0:25:56 1198

 Reversed flow on 37 faces (1.3% area) of pressure-outlet 21.
  3803  3.0861e-06  1.1415e-08  1.3632e-08  2.8446e-08  0:25:55 1197

 Reversed flow on 37 faces (1.3% area) of pressure-outlet 21.
  3804  3.1644e-06  1.1376e-08  1.3329e-08  2.9327e-08  0:25:53 1196

 Reversed flow on 37 faces (1.3% area) of pressure-outlet 21.
  3805  3.2588e-06  1.1308e-08  1.3178e-08  3.0101e-08  0:25:53 1195

 Reversed flow on 37 faces (1.3% area) of pressure-outlet 21.
  3806  3.3318e-06  1.1290e-08  1.3708e-08  2.9533e-08  0:25:51 1194

 Reversed flow on 37 faces (1.3% area) of pressure-outlet 21.

  iter  continuity  x-velocity  y-velocity  z-velocity     time/iter
  3807  3.3720e-06  1.1250e-08  1.4335e-08  2.9588e-08  0:25:50 1193

 Reversed flow on 37 faces (1.3% area) of pressure-outlet 21.
  3808  3.3459e-06  1.1347e-08  1.4877e-08  2.8925e-08  0:25:49 1192

 Reversed flow on 37 faces (1.3% area) of pressure-outlet 21.
  3809  3.2668e-06  1.1499e-08  1.5287e-08  2.7914e-08  0:25:47 1191

 Reversed flow on 37 faces (1.3% area) of pressure-outlet 21.
  3810  3.1782e-06  1.1699e-08  1.5536e-08  2.7319e-08  0:25:45 1190

 Reversed flow on 37 faces (1.3% area) of pressure-outlet 21.
  3811  3.0559e-06  1.1907e-08  1.5445e-08  2.7949e-08  0:25:44 1189

 Reversed flow on 37 faces (1.3% area) of pressure-outlet 21.
  3812  2.9524e-06  1.1984e-08  1.5013e-08  2.8552e-08  0:25:42 1188

 Reversed flow on 37 faces (1.3% area) of pressure-outlet 21.
  3813  2.8757e-06  1.1932e-08  1.4286e-08  2.8850e-08  0:25:41 1187

 Reversed flow on 37 faces (1.3% area) of pressure-outlet 21.
  3814  2.8490e-06  1.1813e-08  1.3469e-08  2.8931e-08  0:25:41 1186

 Reversed flow on 37 faces (1.3% area) of pressure-outlet 21.
  3815  2.8568e-06  1.1596e-08  1.2805e-08  2.8799e-08  0:25:40 1185

 Reversed flow on 37 faces (1.3% area) of pressure-outlet 21.
  3816  2.8900e-06  1.1312e-08  1.2689e-08  2.8216e-08  0:25:44 1184

 Reversed flow on 37 faces (1.3% area) of pressure-outlet 21.
  3817  2.9337e-06  1.1068e-08  1.3095e-08  2.7311e-08  0:25:46 1183

 Reversed flow on 37 faces (1.3% area) of pressure-outlet 21.

  iter  continuity  x-velocity  y-velocity  z-velocity     time/iter
  3818  2.9751e-06  1.0965e-08  1.3704e-08  2.6632e-08  0:25:44 1182

 Reversed flow on 37 faces (1.3% area) of pressure-outlet 21.
  3819  3.0073e-06  1.0944e-08  1.4338e-08  2.5707e-08  0:25:42 1181

 Reversed flow on 37 faces (1.3% area) of pressure-outlet 21.
  3820  3.0421e-06  1.0943e-08  1.4807e-08  2.5483e-08  0:25:39 1180

 Reversed flow on 37 faces (1.3% area) of pressure-outlet 21.
  3821  3.0780e-06  1.1209e-08  1.5074e-08  2.5420e-08  0:25:37 1179

 Reversed flow on 37 faces (1.3% area) of pressure-outlet 21.
  3822  3.1201e-06  1.1381e-08  1.5004e-08  2.6537e-08  0:25:34 1178

 Reversed flow on 37 faces (1.3% area) of pressure-outlet 21.
  3823  3.1066e-06  1.1460e-08  1.4717e-08  2.7619e-08  0:25:32 1177

 Reversed flow on 37 faces (1.3% area) of pressure-outlet 21.
  3824  3.0671e-06  1.1321e-08  1.4164e-08  2.8163e-08  0:25:30 1176

 Reversed flow on 37 faces (1.3% area) of pressure-outlet 21.
  3825  2.9687e-06  1.0989e-08  1.3491e-08  2.8933e-08  0:25:28 1175

 Reversed flow on 37 faces (1.3% area) of pressure-outlet 21.
  3826  2.8428e-06  1.0521e-08  1.2829e-08  2.9158e-08  0:25:26 1174

 Reversed flow on 37 faces (1.3% area) of pressure-outlet 21.
  3827  2.7522e-06  1.0197e-08  1.2726e-08  2.8945e-08  0:25:25 1173

 Reversed flow on 37 faces (1.3% area) of pressure-outlet 21.
  3828  2.7427e-06  9.9633e-09  1.2943e-08  2.8242e-08  0:25:23 1172

 Reversed flow on 37 faces (1.3% area) of pressure-outlet 21.

  iter  continuity  x-velocity  y-velocity  z-velocity     time/iter
  3829  2.7449e-06  9.9560e-09  1.3396e-08  2.7369e-08  0:25:21 1171

 Reversed flow on 37 faces (1.3% area) of pressure-outlet 21.
  3830  2.7834e-06  1.0095e-08  1.3771e-08  2.6278e-08  0:25:20 1170

 Reversed flow on 37 faces (1.3% area) of pressure-outlet 21.
  3831  2.8630e-06  1.0597e-08  1.4029e-08  2.5782e-08  0:25:19 1169

 Reversed flow on 37 faces (1.3% area) of pressure-outlet 21.
  3832  2.9695e-06  1.1232e-08  1.4298e-08  2.6074e-08  0:25:17 1168

 Reversed flow on 37 faces (1.3% area) of pressure-outlet 21.
  3833  3.0609e-06  1.1627e-08  1.4463e-08  2.7111e-08  0:25:15 1167

 Reversed flow on 37 faces (1.3% area) of pressure-outlet 21.
  3834  3.1796e-06  1.1960e-08  1.4446e-08  2.8128e-08  0:25:13 1166

 Reversed flow on 37 faces (1.3% area) of pressure-outlet 21.
  3835  3.3100e-06  1.2213e-08  1.4204e-08  2.9022e-08  0:25:15 1165

 Reversed flow on 37 faces (1.3% area) of pressure-outlet 21.
  3836  3.3902e-06  1.2357e-08  1.3954e-08  2.8658e-08  0:25:14 1164

 Reversed flow on 37 faces (1.3% area) of pressure-outlet 21.
  3837  3.4113e-06  1.2300e-08  1.4125e-08  2.9105e-08  0:25:13 1163

 Reversed flow on 37 faces (1.3% area) of pressure-outlet 21.
  3838  3.3775e-06  1.2085e-08  1.4486e-08  2.8983e-08  0:25:13 1162

 Reversed flow on 37 faces (1.3% area) of pressure-outlet 21.
  3839  3.2935e-06  1.1944e-08  1.4791e-08  2.8509e-08  0:25:12 1161

 Reversed flow on 37 faces (1.3% area) of pressure-outlet 21.

  iter  continuity  x-velocity  y-velocity  z-velocity     time/iter
  3840  3.1730e-06  1.1742e-08  1.5018e-08  2.7775e-08  0:25:09 1160

 Reversed flow on 37 faces (1.3% area) of pressure-outlet 21.
  3841  3.0486e-06  1.1528e-08  1.4962e-08  2.8336e-08  0:25:08 1159

 Reversed flow on 37 faces (1.3% area) of pressure-outlet 21.
  3842  2.9379e-06  1.1660e-08  1.4694e-08  2.8710e-08  0:25:05 1158

 Reversed flow on 37 faces (1.3% area) of pressure-outlet 21.
  3843  2.8747e-06  1.1817e-08  1.4244e-08  2.9328e-08  0:25:04 1157

 Reversed flow on 37 faces (1.3% area) of pressure-outlet 21.
  3844  2.8484e-06  1.1824e-08  1.3711e-08  2.9761e-08  0:25:02 1156

 Reversed flow on 37 faces (1.3% area) of pressure-outlet 21.
  3845  2.8975e-06  1.1621e-08  1.3129e-08  3.0034e-08  0:25:01 1155

 Reversed flow on 37 faces (1.3% area) of pressure-outlet 21.
  3846  2.9764e-06  1.1348e-08  1.2551e-08  2.9921e-08  0:24:59 1154

 Reversed flow on 37 faces (1.3% area) of pressure-outlet 21.
  3847  3.0654e-06  1.1107e-08  1.2365e-08  2.9439e-08  0:24:58 1153

 Reversed flow on 37 faces (1.3% area) of pressure-outlet 21.
  3848  3.1371e-06  1.0930e-08  1.2896e-08  2.8844e-08  0:24:57 1152

 Reversed flow on 37 faces (1.3% area) of pressure-outlet 21.
  3849  3.1899e-06  1.0801e-08  1.3548e-08  2.8172e-08  0:24:55 1151

 Reversed flow on 37 faces (1.3% area) of pressure-outlet 21.
  3850  3.2300e-06  1.0749e-08  1.4244e-08  2.7718e-08  0:24:53 1150

 Reversed flow on 37 faces (1.3% area) of pressure-outlet 21.

  iter  continuity  x-velocity  y-velocity  z-velocity     time/iter
  3851  3.2730e-06  1.0840e-08  1.4829e-08  2.7076e-08  0:24:51 1149

 Reversed flow on 37 faces (1.3% area) of pressure-outlet 21.
  3852  3.2973e-06  1.1049e-08  1.5190e-08  2.7630e-08  0:24:51 1148

 Reversed flow on 37 faces (1.3% area) of pressure-outlet 21.
  3853  3.2912e-06  1.1382e-08  1.5340e-08  2.8369e-08  0:24:50 1147

 Reversed flow on 37 faces (1.3% area) of pressure-outlet 21.
  3854  3.2363e-06  1.1528e-08  1.5188e-08  2.8994e-08  0:24:48 1146

 Reversed flow on 37 faces (1.3% area) of pressure-outlet 21.
  3855  3.1636e-06  1.1498e-08  1.4717e-08  3.0021e-08  0:24:46 1145

 Reversed flow on 37 faces (1.3% area) of pressure-outlet 21.
  3856  3.0648e-06  1.1322e-08  1.3880e-08  3.0670e-08  0:24:45 1144

 Reversed flow on 37 faces (1.3% area) of pressure-outlet 21.
  3857  3.0015e-06  1.1167e-08  1.3024e-08  3.1012e-08  0:24:44 1143

 Reversed flow on 37 faces (1.3% area) of pressure-outlet 21.
  3858  3.0001e-06  1.1017e-08  1.2991e-08  3.0702e-08  0:24:43 1142

 Reversed flow on 37 faces (1.3% area) of pressure-outlet 21.
  3859  2.9900e-06  1.0985e-08  1.3472e-08  2.9668e-08  0:24:42 1141

 Reversed flow on 37 faces (1.3% area) of pressure-outlet 21.
  3860  2.9462e-06  1.1144e-08  1.3923e-08  2.7865e-08  0:24:41 1140

 Reversed flow on 37 faces (1.3% area) of pressure-outlet 21.
  3861  2.9311e-06  1.1336e-08  1.4210e-08  2.6075e-08  0:24:40 1139

 Reversed flow on 37 faces (1.3% area) of pressure-outlet 21.

  iter  continuity  x-velocity  y-velocity  z-velocity     time/iter
  3862  2.9667e-06  1.1476e-08  1.4449e-08  2.5784e-08  0:24:39 1138

 Reversed flow on 37 faces (1.3% area) of pressure-outlet 21.
  3863  2.9856e-06  1.1779e-08  1.4603e-08  2.6081e-08  0:24:38 1137

 Reversed flow on 37 faces (1.3% area) of pressure-outlet 21.
  3864  3.0410e-06  1.2002e-08  1.4640e-08  2.7013e-08  0:24:37 1136

 Reversed flow on 37 faces (1.3% area) of pressure-outlet 21.
  3865  3.1179e-06  1.2071e-08  1.4458e-08  2.7915e-08  0:24:36 1135

 Reversed flow on 37 faces (1.3% area) of pressure-outlet 21.
  3866  3.1803e-06  1.2031e-08  1.4112e-08  2.7580e-08  0:24:34 1134

 Reversed flow on 37 faces (1.3% area) of pressure-outlet 21.
  3867  3.1824e-06  1.1808e-08  1.3606e-08  2.7988e-08  0:25:51 1133

 Reversed flow on 37 faces (1.3% area) of pressure-outlet 21.
  3868  3.1429e-06  1.1478e-08  1.3324e-08  2.7745e-08  0:25:34 1132

 Reversed flow on 37 faces (1.3% area) of pressure-outlet 21.
  3869  3.0606e-06  1.1104e-08  1.3480e-08  2.6983e-08  0:25:20 1131

 Reversed flow on 37 faces (1.3% area) of pressure-outlet 21.
  3870  2.9388e-06  1.0685e-08  1.3682e-08  2.6102e-08  0:25:09 1130

 Reversed flow on 37 faces (1.3% area) of pressure-outlet 21.
  3871  2.7968e-06  1.0374e-08  1.3809e-08  2.5923e-08  0:24:58 1129

 Reversed flow on 37 faces (1.3% area) of pressure-outlet 21.
  3872  2.6751e-06  1.0259e-08  1.3859e-08  2.5436e-08  0:24:50 1128

 Reversed flow on 37 faces (1.3% area) of pressure-outlet 21.

  iter  continuity  x-velocity  y-velocity  z-velocity     time/iter
  3873  2.5888e-06  1.0444e-08  1.3847e-08  2.5446e-08  0:24:43 1127

 Reversed flow on 37 faces (1.3% area) of pressure-outlet 21.
  3874  2.5761e-06  1.0678e-08  1.3772e-08  2.5946e-08  0:25:10 1126

 Reversed flow on 37 faces (1.3% area) of pressure-outlet 21.
  3875  2.6230e-06  1.0745e-08  1.3583e-08  2.6702e-08  0:25:00 1125

 Reversed flow on 37 faces (1.3% area) of pressure-outlet 21.
  3876  2.7424e-06  1.0704e-08  1.3192e-08  2.7180e-08  0:24:50 1124

 Reversed flow on 37 faces (1.3% area) of pressure-outlet 21.
  3877  2.8761e-06  1.0673e-08  1.2763e-08  2.7470e-08  0:24:43 1123

 Reversed flow on 37 faces (1.3% area) of pressure-outlet 21.
  3878  2.9944e-06  1.0635e-08  1.2585e-08  2.7850e-08  0:24:36 1122

 Reversed flow on 37 faces (1.3% area) of pressure-outlet 21.
  3879  3.0790e-06  1.0606e-08  1.3108e-08  2.7990e-08  0:24:31 1121

 Reversed flow on 37 faces (1.3% area) of pressure-outlet 21.
  3880  3.1457e-06  1.0582e-08  1.3890e-08  2.7685e-08  0:24:27 1120

 Reversed flow on 37 faces (1.3% area) of pressure-outlet 21.
  3881  3.2106e-06  1.0745e-08  1.4635e-08  2.7236e-08  0:24:23 1119

 Reversed flow on 37 faces (1.3% area) of pressure-outlet 21.
  3882  3.2719e-06  1.0819e-08  1.5154e-08  2.7261e-08  0:24:20 1118

 Reversed flow on 37 faces (1.3% area) of pressure-outlet 21.
  3883  3.2962e-06  1.1057e-08  1.5503e-08  2.7928e-08  0:24:18 1117

 Reversed flow on 37 faces (1.3% area) of pressure-outlet 21.

  iter  continuity  x-velocity  y-velocity  z-velocity     time/iter
  3884  3.2650e-06  1.1572e-08  1.5648e-08  2.8270e-08  0:24:15 1116

 Reversed flow on 37 faces (1.3% area) of pressure-outlet 21.
  3885  3.1953e-06  1.1909e-08  1.5532e-08  2.9518e-08  0:24:13 1115

 Reversed flow on 37 faces (1.3% area) of pressure-outlet 21.
  3886  3.1067e-06  1.2040e-08  1.4987e-08  3.0210e-08  0:24:11 1114

 Reversed flow on 37 faces (1.3% area) of pressure-outlet 21.
  3887  3.0642e-06  1.2112e-08  1.4141e-08  3.0466e-08  0:24:08 1113

 Reversed flow on 37 faces (1.3% area) of pressure-outlet 21.
  3888  3.0571e-06  1.2085e-08  1.3413e-08  3.0173e-08  0:24:08 1112

 Reversed flow on 37 faces (1.3% area) of pressure-outlet 21.
  3889  3.0223e-06  1.1998e-08  1.3255e-08  2.9382e-08  0:24:06 1111

 Reversed flow on 37 faces (1.3% area) of pressure-outlet 21.
  3890  2.9905e-06  1.1790e-08  1.3366e-08  2.8378e-08  0:24:04 1110

 Reversed flow on 37 faces (1.3% area) of pressure-outlet 21.
  3891  2.9830e-06  1.1633e-08  1.3487e-08  2.7475e-08  0:24:02 1109

 Reversed flow on 37 faces (1.3% area) of pressure-outlet 21.
  3892  3.0049e-06  1.1566e-08  1.3806e-08  2.7154e-08  0:24:00 1108

 Reversed flow on 37 faces (1.3% area) of pressure-outlet 21.
  3893  3.0275e-06  1.1564e-08  1.4236e-08  2.7132e-08  0:23:59 1107

 Reversed flow on 37 faces (1.3% area) of pressure-outlet 21.
  3894  3.0821e-06  1.1821e-08  1.4636e-08  2.7881e-08  0:23:56 1106

 Reversed flow on 37 faces (1.3% area) of pressure-outlet 21.

  iter  continuity  x-velocity  y-velocity  z-velocity     time/iter
  3895  3.1843e-06  1.2071e-08  1.4835e-08  2.9066e-08  0:23:55 1105

 Reversed flow on 37 faces (1.3% area) of pressure-outlet 21.
  3896  3.2464e-06  1.2191e-08  1.4832e-08  2.9134e-08  0:23:54 1104

 Reversed flow on 37 faces (1.3% area) of pressure-outlet 21.
  3897  3.3088e-06  1.2089e-08  1.4496e-08  3.0098e-08  0:23:52 1103

 Reversed flow on 37 faces (1.3% area) of pressure-outlet 21.
  3898  3.3324e-06  1.1894e-08  1.3955e-08  3.0508e-08  0:23:52 1102

 Reversed flow on 37 faces (1.3% area) of pressure-outlet 21.
  3899  3.3133e-06  1.1631e-08  1.3506e-08  3.0398e-08  0:23:50 1101

 Reversed flow on 37 faces (1.3% area) of pressure-outlet 21.
  3900  3.2308e-06  1.1292e-08  1.3714e-08  2.9844e-08  0:23:48 1100

 Reversed flow on 37 faces (1.3% area) of pressure-outlet 21.
  3901  3.1046e-06  1.0986e-08  1.3987e-08  2.9496e-08  0:23:47 1099

 Reversed flow on 37 faces (1.3% area) of pressure-outlet 21.
  3902  2.9779e-06  1.0837e-08  1.4255e-08  2.8784e-08  0:23:45 1098

 Reversed flow on 37 faces (1.3% area) of pressure-outlet 21.
  3903  2.8932e-06  1.0763e-08  1.4388e-08  2.7929e-08  0:23:44 1097

 Reversed flow on 37 faces (1.3% area) of pressure-outlet 21.
  3904  2.8662e-06  1.0843e-08  1.4507e-08  2.7996e-08  0:23:42 1096

 Reversed flow on 37 faces (1.3% area) of pressure-outlet 21.
  3905  2.9113e-06  1.1151e-08  1.4556e-08  2.7996e-08  0:23:41 1095

 Reversed flow on 37 faces (1.3% area) of pressure-outlet 21.

  iter  continuity  x-velocity  y-velocity  z-velocity     time/iter
  3906  2.9982e-06  1.1398e-08  1.4432e-08  2.8398e-08  0:23:41 1094

 Reversed flow on 37 faces (1.3% area) of pressure-outlet 21.
  3907  3.1225e-06  1.1593e-08  1.4174e-08  2.8727e-08  0:23:41 1093

 Reversed flow on 37 faces (1.3% area) of pressure-outlet 21.
  3908  3.2394e-06  1.1677e-08  1.3872e-08  2.9209e-08  0:23:39 1092

 Reversed flow on 37 faces (1.3% area) of pressure-outlet 21.
  3909  3.3176e-06  1.1709e-08  1.3579e-08  2.9578e-08  0:23:38 1091

 Reversed flow on 37 faces (1.3% area) of pressure-outlet 21.
  3910  3.3726e-06  1.1691e-08  1.3826e-08  2.9449e-08  0:23:38 1090

 Reversed flow on 37 faces (1.3% area) of pressure-outlet 21.
  3911  3.4234e-06  1.1691e-08  1.4341e-08  2.9000e-08  0:23:35 1089

 Reversed flow on 37 faces (1.3% area) of pressure-outlet 21.
  3912  3.3932e-06  1.1707e-08  1.4800e-08  2.8522e-08  0:23:34 1088

 Reversed flow on 37 faces (1.3% area) of pressure-outlet 21.
  3913  3.3230e-06  1.1779e-08  1.5217e-08  2.7983e-08  0:23:33 1087

 Reversed flow on 37 faces (1.3% area) of pressure-outlet 21.
  3914  3.2225e-06  1.1852e-08  1.5493e-08  2.7420e-08  0:23:31 1086

 Reversed flow on 37 faces (1.3% area) of pressure-outlet 21.
  3915  3.0782e-06  1.1958e-08  1.5526e-08  2.8005e-08  0:23:29 1085

 Reversed flow on 37 faces (1.3% area) of pressure-outlet 21.
  3916  2.9431e-06  1.1883e-08  1.5109e-08  2.8601e-08  0:23:29 1084

 Reversed flow on 37 faces (1.3% area) of pressure-outlet 21.

  iter  continuity  x-velocity  y-velocity  z-velocity     time/iter
  3917  2.8485e-06  1.1734e-08  1.4344e-08  2.8936e-08  0:23:26 1083

 Reversed flow on 37 faces (1.3% area) of pressure-outlet 21.
  3918  2.8407e-06  1.1534e-08  1.3527e-08  2.8789e-08  0:23:25 1082

 Reversed flow on 37 faces (1.3% area) of pressure-outlet 21.
  3919  2.7985e-06  1.1313e-08  1.2768e-08  2.8159e-08  0:23:24 1081

 Reversed flow on 37 faces (1.3% area) of pressure-outlet 21.
  3920  2.7662e-06  1.0995e-08  1.2075e-08  2.7205e-08  0:23:23 1080

 Reversed flow on 37 faces (1.3% area) of pressure-outlet 21.
  3921  2.7507e-06  1.0712e-08  1.2043e-08  2.6099e-08  0:23:21 1079

 Reversed flow on 37 faces (1.3% area) of pressure-outlet 21.
  3922  2.7481e-06  1.0451e-08  1.2335e-08  2.5111e-08  0:23:20 1078

 Reversed flow on 37 faces (1.3% area) of pressure-outlet 21.
  3923  2.7194e-06  1.0290e-08  1.2855e-08  2.4285e-08  0:23:19 1077

 Reversed flow on 37 faces (1.3% area) of pressure-outlet 21.
  3924  2.7462e-06  1.0180e-08  1.3328e-08  2.3876e-08  0:23:18 1076

 Reversed flow on 37 faces (1.3% area) of pressure-outlet 21.
  3925  2.8088e-06  1.0264e-08  1.3720e-08  2.4435e-08  0:23:16 1075

 Reversed flow on 37 faces (1.3% area) of pressure-outlet 21.
  3926  2.8687e-06  1.0640e-08  1.3992e-08  2.4158e-08  0:23:15 1074

 Reversed flow on 37 faces (1.3% area) of pressure-outlet 21.
  3927  2.9049e-06  1.0832e-08  1.3975e-08  2.5394e-08  0:23:14 1073

 Reversed flow on 37 faces (1.3% area) of pressure-outlet 21.

  iter  continuity  x-velocity  y-velocity  z-velocity     time/iter
  3928  2.9379e-06  1.0825e-08  1.3615e-08  2.6175e-08  0:23:12 1072

 Reversed flow on 37 faces (1.3% area) of pressure-outlet 21.
  3929  2.9451e-06  1.0655e-08  1.3071e-08  2.6548e-08  0:23:12 1071

 Reversed flow on 37 faces (1.3% area) of pressure-outlet 21.
  3930  2.8943e-06  1.0400e-08  1.2558e-08  2.6772e-08  0:23:11 1070

 Reversed flow on 37 faces (1.3% area) of pressure-outlet 21.
  3931  2.7998e-06  1.0154e-08  1.2498e-08  2.7114e-08  0:23:10 1069

 Reversed flow on 37 faces (1.3% area) of pressure-outlet 21.
  3932  2.7191e-06  9.9151e-09  1.2703e-08  2.7005e-08  0:23:08 1068

 Reversed flow on 37 faces (1.3% area) of pressure-outlet 21.
  3933  2.6768e-06  9.8586e-09  1.2949e-08  2.6883e-08  0:23:08 1067

 Reversed flow on 37 faces (1.3% area) of pressure-outlet 21.
  3934  2.7050e-06  9.9515e-09  1.3383e-08  2.6788e-08  0:23:06 1066

 Reversed flow on 37 faces (1.3% area) of pressure-outlet 21.
  3935  2.8046e-06  1.0257e-08  1.3919e-08  2.6576e-08  0:23:04 1065

 Reversed flow on 37 faces (1.3% area) of pressure-outlet 21.
  3936  2.9319e-06  1.0826e-08  1.4374e-08  2.7016e-08  0:23:02 1064

 Reversed flow on 37 faces (1.3% area) of pressure-outlet 21.
  3937  3.0993e-06  1.1391e-08  1.4688e-08  2.7761e-08  0:23:00 1063

 Reversed flow on 37 faces (1.3% area) of pressure-outlet 21.
  3938  3.2451e-06  1.1885e-08  1.4844e-08  2.8565e-08  0:22:59 1062

 Reversed flow on 37 faces (1.3% area) of pressure-outlet 21.

  iter  continuity  x-velocity  y-velocity  z-velocity     time/iter
  3939  3.3754e-06  1.2283e-08  1.4753e-08  2.9165e-08  0:22:58 1061

 Reversed flow on 37 faces (1.3% area) of pressure-outlet 21.
  3940  3.4551e-06  1.2507e-08  1.4511e-08  2.9406e-08  0:22:57 1060

 Reversed flow on 37 faces (1.3% area) of pressure-outlet 21.
  3941  3.5071e-06  1.2574e-08  1.4358e-08  2.9531e-08  0:22:55 1059

 Reversed flow on 37 faces (1.3% area) of pressure-outlet 21.
  3942  3.4959e-06  1.2386e-08  1.4651e-08  2.9959e-08  0:22:54 1058

 Reversed flow on 37 faces (1.3% area) of pressure-outlet 21.
  3943  3.4228e-06  1.2226e-08  1.4966e-08  2.9896e-08  0:22:53 1057

 Reversed flow on 37 faces (1.3% area) of pressure-outlet 21.
  3944  3.2819e-06  1.2107e-08  1.5282e-08  2.9264e-08  0:22:52 1056

 Reversed flow on 37 faces (1.3% area) of pressure-outlet 21.
  3945  3.1390e-06  1.1859e-08  1.5324e-08  2.9304e-08  0:22:50 1055

 Reversed flow on 37 faces (1.3% area) of pressure-outlet 21.
  3946  2.9849e-06  1.1705e-08  1.5040e-08  2.9663e-08  0:22:48 1054

 Reversed flow on 37 faces (1.3% area) of pressure-outlet 21.
  3947  2.9091e-06  1.1822e-08  1.4534e-08  2.9934e-08  0:22:47 1053

 Reversed flow on 37 faces (1.3% area) of pressure-outlet 21.
  3948  2.8891e-06  1.1846e-08  1.4062e-08  3.0027e-08  0:22:45 1052

 Reversed flow on 37 faces (1.3% area) of pressure-outlet 21.
  3949  2.8868e-06  1.1739e-08  1.3546e-08  2.9818e-08  0:22:44 1051

 Reversed flow on 37 faces (1.3% area) of pressure-outlet 21.

  iter  continuity  x-velocity  y-velocity  z-velocity     time/iter
  3950  2.9168e-06  1.1490e-08  1.2844e-08  2.9346e-08  0:22:43 1050

 Reversed flow on 37 faces (1.3% area) of pressure-outlet 21.
  3951  2.9698e-06  1.1277e-08  1.2244e-08  2.8872e-08  0:22:42 1049

 Reversed flow on 37 faces (1.3% area) of pressure-outlet 21.
  3952  3.0199e-06  1.1073e-08  1.2399e-08  2.8337e-08  0:22:41 1048

 Reversed flow on 37 faces (1.3% area) of pressure-outlet 21.
  3953  3.0483e-06  1.0789e-08  1.2987e-08  2.8058e-08  0:22:39 1047

 Reversed flow on 37 faces (1.3% area) of pressure-outlet 21.
  3954  3.1076e-06  1.0617e-08  1.3656e-08  2.8166e-08  0:22:38 1046

 Reversed flow on 37 faces (1.3% area) of pressure-outlet 21.
  3955  3.1987e-06  1.0593e-08  1.4355e-08  2.8352e-08  0:22:37 1045

 Reversed flow on 37 faces (1.3% area) of pressure-outlet 21.
  3956  3.2635e-06  1.0857e-08  1.5025e-08  2.7586e-08  0:22:36 1044

 Reversed flow on 37 faces (1.3% area) of pressure-outlet 21.
  3957  3.2958e-06  1.1196e-08  1.5413e-08  2.8348e-08  0:22:36 1043

 Reversed flow on 37 faces (1.3% area) of pressure-outlet 21.
  3958  3.3178e-06  1.1411e-08  1.5401e-08  2.9240e-08  0:22:34 1042

 Reversed flow on 37 faces (1.3% area) of pressure-outlet 21.
  3959  3.3152e-06  1.1506e-08  1.5078e-08  2.9795e-08  0:22:32 1041

 Reversed flow on 37 faces (1.3% area) of pressure-outlet 21.
  3960  3.2774e-06  1.1478e-08  1.4496e-08  3.0250e-08  0:22:30 1040

 Reversed flow on 37 faces (1.3% area) of pressure-outlet 21.

  iter  continuity  x-velocity  y-velocity  z-velocity     time/iter
  3961  3.1835e-06  1.1421e-08  1.3766e-08  3.0894e-08  0:22:29 1039

 Reversed flow on 37 faces (1.3% area) of pressure-outlet 21.
  3962  3.1046e-06  1.1373e-08  1.3391e-08  3.0972e-08  0:22:28 1038

 Reversed flow on 37 faces (1.3% area) of pressure-outlet 21.
  3963  3.0361e-06  1.1414e-08  1.3576e-08  3.0567e-08  0:22:28 1037

 Reversed flow on 37 faces (1.3% area) of pressure-outlet 21.
  3964  2.9650e-06  1.1600e-08  1.4041e-08  2.9448e-08  0:22:27 1036

 Reversed flow on 37 faces (1.3% area) of pressure-outlet 21.
  3965  2.9459e-06  1.1761e-08  1.4603e-08  2.7810e-08  0:22:26 1035

 Reversed flow on 37 faces (1.3% area) of pressure-outlet 21.
  3966  3.0078e-06  1.1818e-08  1.4910e-08  2.7187e-08  0:22:24 1034

 Reversed flow on 37 faces (1.3% area) of pressure-outlet 21.
  3967  3.0750e-06  1.2076e-08  1.5129e-08  2.6969e-08  0:22:23 1033

 Reversed flow on 37 faces (1.3% area) of pressure-outlet 21.
  3968  3.1612e-06  1.2409e-08  1.5247e-08  2.7335e-08  0:22:21 1032

 Reversed flow on 37 faces (1.3% area) of pressure-outlet 21.
  3969  3.2083e-06  1.2572e-08  1.5150e-08  2.7836e-08  0:22:56 1031

 Reversed flow on 37 faces (1.3% area) of pressure-outlet 21.
  3970  3.2638e-06  1.2545e-08  1.4812e-08  2.8020e-08  0:22:49 1030

 Reversed flow on 37 faces (1.3% area) of pressure-outlet 21.
  3971  3.2939e-06  1.2359e-08  1.4241e-08  2.8056e-08  0:22:43 1029

 Reversed flow on 37 faces (1.3% area) of pressure-outlet 21.

  iter  continuity  x-velocity  y-velocity  z-velocity     time/iter
  3972  3.2754e-06  1.1975e-08  1.3666e-08  2.8430e-08  0:22:37 1028

 Reversed flow on 37 faces (1.3% area) of pressure-outlet 21.
  3973  3.1983e-06  1.1608e-08  1.3693e-08  2.8184e-08  0:22:33 1027

 Reversed flow on 37 faces (1.3% area) of pressure-outlet 21.
  3974  3.0625e-06  1.1125e-08  1.3879e-08  2.7454e-08  0:22:28 1026

 Reversed flow on 37 faces (1.3% area) of pressure-outlet 21.
  3975  2.8969e-06  1.0688e-08  1.3992e-08  2.7277e-08  0:22:26 1025

 Reversed flow on 37 faces (1.3% area) of pressure-outlet 21.
  3976  2.7301e-06  1.0302e-08  1.3964e-08  2.6780e-08  0:22:23 1024

 Reversed flow on 37 faces (1.3% area) of pressure-outlet 21.
  3977  2.6365e-06  1.0291e-08  1.3871e-08  2.6382e-08  0:22:20 1023

 Reversed flow on 37 faces (1.3% area) of pressure-outlet 21.
  3978  2.6148e-06  1.0480e-08  1.3826e-08  2.6292e-08  0:22:17 1022

 Reversed flow on 37 faces (1.3% area) of pressure-outlet 21.
  3979  2.6078e-06  1.0608e-08  1.3683e-08  2.6422e-08  0:22:14 1021

 Reversed flow on 37 faces (1.3% area) of pressure-outlet 21.
  3980  2.6465e-06  1.0589e-08  1.3170e-08  2.6326e-08  0:22:12 1020

 Reversed flow on 37 faces (1.3% area) of pressure-outlet 21.
  3981  2.7299e-06  1.0552e-08  1.2447e-08  2.6283e-08  0:22:10 1019

 Reversed flow on 37 faces (1.3% area) of pressure-outlet 21.
  3982  2.8021e-06  1.0468e-08  1.1898e-08  2.6397e-08  0:22:07 1018

 Reversed flow on 37 faces (1.3% area) of pressure-outlet 21.

  iter  continuity  x-velocity  y-velocity  z-velocity     time/iter
  3983  2.8478e-06  1.0332e-08  1.2029e-08  2.6655e-08  0:22:04 1017

 Reversed flow on 37 faces (1.3% area) of pressure-outlet 21.
  3984  2.9106e-06  1.0183e-08  1.2657e-08  2.6752e-08  0:22:02 1016

 Reversed flow on 37 faces (1.3% area) of pressure-outlet 21.
  3985  3.0046e-06  1.0224e-08  1.3398e-08  2.6943e-08  0:22:01 1015

 Reversed flow on 37 faces (1.3% area) of pressure-outlet 21.
  3986  3.0781e-06  1.0419e-08  1.4198e-08  2.5660e-08  0:21:59 1014

 Reversed flow on 37 faces (1.3% area) of pressure-outlet 21.
  3987  3.1471e-06  1.0593e-08  1.4716e-08  2.6117e-08  0:21:57 1013

 Reversed flow on 37 faces (1.3% area) of pressure-outlet 21.
  3988  3.1794e-06  1.1013e-08  1.5007e-08  2.6620e-08  0:21:56 1012

 Reversed flow on 37 faces (1.3% area) of pressure-outlet 21.
  3989  3.2077e-06  1.1476e-08  1.5084e-08  2.7308e-08  0:21:54 1011

 Reversed flow on 37 faces (1.3% area) of pressure-outlet 21.
  3990  3.1741e-06  1.1779e-08  1.4899e-08  2.7993e-08  0:21:53 1010

 Reversed flow on 37 faces (1.3% area) of pressure-outlet 21.
  3991  3.1198e-06  1.1915e-08  1.4342e-08  2.8798e-08  0:21:51 1009

 Reversed flow on 37 faces (1.3% area) of pressure-outlet 21.
  3992  3.0524e-06  1.1901e-08  1.3562e-08  2.9177e-08  0:21:49 1008

 Reversed flow on 37 faces (1.3% area) of pressure-outlet 21.
  3993  2.9822e-06  1.1805e-08  1.2923e-08  2.9351e-08  0:21:48 1007

 Reversed flow on 37 faces (1.3% area) of pressure-outlet 21.

  iter  continuity  x-velocity  y-velocity  z-velocity     time/iter
  3994  2.9388e-06  1.1631e-08  1.3030e-08  2.9275e-08  0:21:47 1006

 Reversed flow on 37 faces (1.3% area) of pressure-outlet 21.
  3995  2.9414e-06  1.1342e-08  1.3304e-08  2.8781e-08  0:21:46 1005

 Reversed flow on 37 faces (1.3% area) of pressure-outlet 21.
  3996  2.9851e-06  1.1164e-08  1.3616e-08  2.8583e-08  0:21:44 1004

 Reversed flow on 37 faces (1.3% area) of pressure-outlet 21.
  3997  3.0602e-06  1.1145e-08  1.4036e-08  2.8065e-08  0:21:48 1003

 Reversed flow on 37 faces (1.3% area) of pressure-outlet 21.
  3998  3.1370e-06  1.1444e-08  1.4511e-08  2.8151e-08  0:21:45 1002

 Reversed flow on 37 faces (1.3% area) of pressure-outlet 21.
  3999  3.1995e-06  1.1809e-08  1.4829e-08  2.8632e-08  0:21:44 1001

 Reversed flow on 37 faces (1.3% area) of pressure-outlet 21.
  4000  3.2522e-06  1.2036e-08  1.4908e-08  2.9051e-08  0:21:42 1000

 Reversed flow on 37 faces (1.3% area) of pressure-outlet 21.
  4001  3.3269e-06  1.2087e-08  1.4636e-08  2.9552e-08  0:21:40  999

 Reversed flow on 37 faces (1.3% area) of pressure-outlet 21.
  4002  3.3795e-06  1.1948e-08  1.4111e-08  3.0360e-08  0:21:38  998

 Reversed flow on 37 faces (1.3% area) of pressure-outlet 21.
  4003  3.3720e-06  1.1789e-08  1.3609e-08  3.0643e-08  0:21:35  997

 Reversed flow on 37 faces (1.3% area) of pressure-outlet 21.
  4004  3.2887e-06  1.1546e-08  1.3674e-08  3.0340e-08  0:21:34  996

 Reversed flow on 37 faces (1.3% area) of pressure-outlet 21.

  iter  continuity  x-velocity  y-velocity  z-velocity     time/iter
  4005  3.1527e-06  1.1184e-08  1.3988e-08  3.0082e-08  0:21:34  995

 Reversed flow on 37 faces (1.3% area) of pressure-outlet 21.
  4006  2.9965e-06  1.0861e-08  1.4175e-08  2.9606e-08  0:21:32  994

 Reversed flow on 37 faces (1.3% area) of pressure-outlet 21.
  4007  2.9053e-06  1.0680e-08  1.4261e-08  2.8647e-08  0:21:30  993

 Reversed flow on 37 faces (1.3% area) of pressure-outlet 21.
  4008  2.8849e-06  1.0626e-08  1.4374e-08  2.8213e-08  0:21:29  992

 Reversed flow on 37 faces (1.3% area) of pressure-outlet 21.
  4009  2.8627e-06  1.0889e-08  1.4474e-08  2.7703e-08  0:21:28  991

 Reversed flow on 37 faces (1.3% area) of pressure-outlet 21.
  4010  2.9013e-06  1.1146e-08  1.4261e-08  2.7727e-08  0:21:26  990

 Reversed flow on 37 faces (1.3% area) of pressure-outlet 21.
  4011  2.9748e-06  1.1361e-08  1.3836e-08  2.8015e-08  0:21:25  989

 Reversed flow on 37 faces (1.3% area) of pressure-outlet 21.
  4012  3.0685e-06  1.1418e-08  1.3392e-08  2.8469e-08  0:21:23  988

 Reversed flow on 37 faces (1.3% area) of pressure-outlet 21.
  4013  3.1278e-06  1.1363e-08  1.3035e-08  2.9155e-08  0:21:23  987

 Reversed flow on 37 faces (1.3% area) of pressure-outlet 21.
  4014  3.2082e-06  1.1278e-08  1.3015e-08  2.9709e-08  0:21:21  986

 Reversed flow on 37 faces (1.3% area) of pressure-outlet 21.
  4015  3.3070e-06  1.1318e-08  1.3621e-08  3.0032e-08  0:21:25  985

 Reversed flow on 37 faces (1.3% area) of pressure-outlet 21.

  iter  continuity  x-velocity  y-velocity  z-velocity     time/iter
  4016  3.3115e-06  1.1476e-08  1.4390e-08  2.8466e-08  0:21:22  984

 Reversed flow on 37 faces (1.3% area) of pressure-outlet 21.
  4017  3.2967e-06  1.1545e-08  1.5003e-08  2.8136e-08  0:21:20  983

 Reversed flow on 37 faces (1.3% area) of pressure-outlet 21.
  4018  3.2697e-06  1.1584e-08  1.5364e-08  2.7681e-08  0:21:18  982

 Reversed flow on 37 faces (1.3% area) of pressure-outlet 21.
  4019  3.2102e-06  1.1767e-08  1.5560e-08  2.7459e-08  0:21:16  981

 Reversed flow on 37 faces (1.3% area) of pressure-outlet 21.
  4020  3.1165e-06  1.1890e-08  1.5478e-08  2.7736e-08  0:21:14  980

 Reversed flow on 37 faces (1.3% area) of pressure-outlet 21.
  4021  2.9867e-06  1.1870e-08  1.5019e-08  2.8411e-08  0:21:12  979

 Reversed flow on 37 faces (1.3% area) of pressure-outlet 21.
  4022  2.9044e-06  1.1774e-08  1.4238e-08  2.8716e-08  0:21:11  978

 Reversed flow on 37 faces (1.3% area) of pressure-outlet 21.
  4023  2.8288e-06  1.1648e-08  1.3310e-08  2.8753e-08  0:22:19  977

 Reversed flow on 37 faces (1.3% area) of pressure-outlet 21.
  4024  2.7892e-06  1.1460e-08  1.2625e-08  2.8646e-08  0:22:05  976

 Reversed flow on 37 faces (1.3% area) of pressure-outlet 21.
  4025  2.7997e-06  1.1152e-08  1.2651e-08  2.8087e-08  0:21:52  975

 Reversed flow on 37 faces (1.3% area) of pressure-outlet 21.
  4026  2.8383e-06  1.0845e-08  1.3038e-08  2.7178e-08  0:21:42  974

 Reversed flow on 37 faces (1.3% area) of pressure-outlet 21.

  iter  continuity  x-velocity  y-velocity  z-velocity     time/iter
  4027  2.8836e-06  1.0766e-08  1.3588e-08  2.6158e-08  0:21:32  973

 Reversed flow on 37 faces (1.3% area) of pressure-outlet 21.
  4028  2.9423e-06  1.0752e-08  1.4176e-08  2.5342e-08  0:21:27  972

 Reversed flow on 37 faces (1.3% area) of pressure-outlet 21.
  4029  2.9947e-06  1.0782e-08  1.4656e-08  2.5470e-08  0:21:20  971

 Reversed flow on 37 faces (1.3% area) of pressure-outlet 21.
  4030  3.0337e-06  1.1147e-08  1.4969e-08  2.5565e-08  0:21:15  970

 Reversed flow on 37 faces (1.3% area) of pressure-outlet 21.
  4031  3.0979e-06  1.1404e-08  1.4978e-08  2.6501e-08  0:21:11  969

 Reversed flow on 37 faces (1.3% area) of pressure-outlet 21.
  4032  3.1425e-06  1.1385e-08  1.4659e-08  2.7798e-08  0:21:07  968

 Reversed flow on 37 faces (1.3% area) of pressure-outlet 21.
  4033  3.1612e-06  1.1268e-08  1.4149e-08  2.8623e-08  0:21:03  967

 Reversed flow on 37 faces (1.3% area) of pressure-outlet 21.
  4034  3.1013e-06  1.1022e-08  1.3574e-08  2.9032e-08  0:21:01  966

 Reversed flow on 37 faces (1.3% area) of pressure-outlet 21.
  4035  2.9876e-06  1.0710e-08  1.3247e-08  2.9432e-08  0:20:58  965

 Reversed flow on 37 faces (1.3% area) of pressure-outlet 21.
  4036  2.8609e-06  1.0346e-08  1.3281e-08  2.9248e-08  0:20:56  964

 Reversed flow on 37 faces (1.3% area) of pressure-outlet 21.
  4037  2.8066e-06  1.0182e-08  1.3369e-08  2.8763e-08  0:20:54  963

 Reversed flow on 37 faces (1.3% area) of pressure-outlet 21.

  iter  continuity  x-velocity  y-velocity  z-velocity     time/iter
  4038  2.8274e-06  1.0232e-08  1.3737e-08  2.8091e-08  0:20:53  962

 Reversed flow on 37 faces (1.3% area) of pressure-outlet 21.
  4039  2.8469e-06  1.0487e-08  1.4226e-08  2.7068e-08  0:20:50  961

 Reversed flow on 37 faces (1.3% area) of pressure-outlet 21.
  4040  2.8979e-06  1.1008e-08  1.4503e-08  2.6616e-08  0:20:49  960

 Reversed flow on 37 faces (1.3% area) of pressure-outlet 21.
  4041  2.9965e-06  1.1587e-08  1.4585e-08  2.6815e-08  0:20:47  959

 Reversed flow on 37 faces (1.3% area) of pressure-outlet 21.
  4042  3.0861e-06  1.2028e-08  1.4569e-08  2.7313e-08  0:20:46  958

 Reversed flow on 37 faces (1.3% area) of pressure-outlet 21.
  4043  3.1807e-06  1.2291e-08  1.4403e-08  2.8026e-08  0:20:44  957

 Reversed flow on 37 faces (1.3% area) of pressure-outlet 21.
  4044  3.2709e-06  1.2404e-08  1.4039e-08  2.8713e-08  0:20:42  956

 Reversed flow on 37 faces (1.3% area) of pressure-outlet 21.
  4045  3.3587e-06  1.2427e-08  1.3735e-08  2.9534e-08  0:20:41  955

 Reversed flow on 37 faces (1.3% area) of pressure-outlet 21.
  4046  3.3842e-06  1.2369e-08  1.4078e-08  2.9044e-08  0:20:39  954

 Reversed flow on 37 faces (1.3% area) of pressure-outlet 21.
  4047  3.3597e-06  1.2118e-08  1.4505e-08  2.9043e-08  0:20:38  953

 Reversed flow on 37 faces (1.3% area) of pressure-outlet 21.
  4048  3.2926e-06  1.1957e-08  1.4843e-08  2.8784e-08  0:20:37  952

 Reversed flow on 37 faces (1.3% area) of pressure-outlet 21.

  iter  continuity  x-velocity  y-velocity  z-velocity     time/iter
  4049  3.2270e-06  1.1739e-08  1.5045e-08  2.8043e-08  0:20:35  951

 Reversed flow on 37 faces (1.3% area) of pressure-outlet 21.
  4050  3.1288e-06  1.1570e-08  1.5059e-08  2.8298e-08  0:20:34  950

 Reversed flow on 37 faces (1.3% area) of pressure-outlet 21.
  4051  3.0015e-06  1.1688e-08  1.4814e-08  2.8699e-08  0:20:32  949

 Reversed flow on 37 faces (1.3% area) of pressure-outlet 21.
  4052  2.9130e-06  1.1757e-08  1.4342e-08  2.9318e-08  0:20:32  948

 Reversed flow on 37 faces (1.3% area) of pressure-outlet 21.
  4053  2.8587e-06  1.1709e-08  1.3684e-08  2.9826e-08  0:20:31  947

 Reversed flow on 37 faces (1.3% area) of pressure-outlet 21.
  4054  2.8762e-06  1.1538e-08  1.3063e-08  3.0111e-08  0:20:30  946

 Reversed flow on 37 faces (1.3% area) of pressure-outlet 21.
  4055  2.9373e-06  1.1254e-08  1.2503e-08  2.9973e-08  0:20:28  945

 Reversed flow on 37 faces (1.3% area) of pressure-outlet 21.
  4056  3.0141e-06  1.0994e-08  1.2428e-08  2.9425e-08  0:20:27  944

 Reversed flow on 37 faces (1.3% area) of pressure-outlet 21.
  4057  3.0855e-06  1.0793e-08  1.2904e-08  2.8491e-08  0:20:26  943

 Reversed flow on 37 faces (1.3% area) of pressure-outlet 21.
  4058  3.1478e-06  1.0660e-08  1.3533e-08  2.8001e-08  0:20:24  942

 Reversed flow on 37 faces (1.3% area) of pressure-outlet 21.
  4059  3.1982e-06  1.0629e-08  1.4208e-08  2.7619e-08  0:20:22  941

 Reversed flow on 37 faces (1.3% area) of pressure-outlet 21.

  iter  continuity  x-velocity  y-velocity  z-velocity     time/iter
  4060  3.2309e-06  1.0795e-08  1.4837e-08  2.6947e-08  0:20:21  940

 Reversed flow on 37 faces (1.3% area) of pressure-outlet 21.
  4061  3.2713e-06  1.1136e-08  1.5228e-08  2.7171e-08  0:20:20  939

 Reversed flow on 37 faces (1.3% area) of pressure-outlet 21.
  4062  3.3095e-06  1.1386e-08  1.5309e-08  2.8325e-08  0:20:18  938

 Reversed flow on 37 faces (1.3% area) of pressure-outlet 21.
  4063  3.3038e-06  1.1569e-08  1.5142e-08  2.9291e-08  0:20:16  937

 Reversed flow on 37 faces (1.3% area) of pressure-outlet 21.
  4064  3.2743e-06  1.1599e-08  1.4700e-08  2.9992e-08  0:20:14  936

 Reversed flow on 37 faces (1.3% area) of pressure-outlet 21.
  4065  3.1835e-06  1.1496e-08  1.4003e-08  3.0805e-08  0:20:13  935

 Reversed flow on 37 faces (1.3% area) of pressure-outlet 21.
  4066  3.0805e-06  1.1285e-08  1.3296e-08  3.1108e-08  0:20:12  934

 Reversed flow on 37 faces (1.3% area) of pressure-outlet 21.
  4067  3.0301e-06  1.1218e-08  1.3266e-08  3.0890e-08  0:20:11  933

 Reversed flow on 37 faces (1.3% area) of pressure-outlet 21.
  4068  2.9633e-06  1.1290e-08  1.3666e-08  2.9328e-08  0:20:11  932

 Reversed flow on 37 faces (1.3% area) of pressure-outlet 21.
  4069  2.8883e-06  1.1385e-08  1.4180e-08  2.7551e-08  0:20:09  931

 Reversed flow on 37 faces (1.3% area) of pressure-outlet 21.
  4070  2.8762e-06  1.1353e-08  1.4336e-08  2.6118e-08  0:20:08  930

 Reversed flow on 37 faces (1.3% area) of pressure-outlet 21.

  iter  continuity  x-velocity  y-velocity  z-velocity     time/iter
  4071  2.8977e-06  1.1430e-08  1.4340e-08  2.5804e-08  0:20:06  929

 Reversed flow on 37 faces (1.3% area) of pressure-outlet 21.
  4072  2.9222e-06  1.1664e-08  1.4292e-08  2.5716e-08  0:20:05  928

 Reversed flow on 37 faces (1.3% area) of pressure-outlet 21.
  4073  2.9428e-06  1.1795e-08  1.4206e-08  2.6407e-08  0:20:03  927

 Reversed flow on 37 faces (1.3% area) of pressure-outlet 21.
  4074  3.0040e-06  1.1770e-08  1.3912e-08  2.7112e-08  0:20:03  926

 Reversed flow on 37 faces (1.3% area) of pressure-outlet 21.
  4075  3.0817e-06  1.1650e-08  1.3482e-08  2.7717e-08  0:20:01  925

 Reversed flow on 37 faces (1.3% area) of pressure-outlet 21.
  4076  3.1023e-06  1.1511e-08  1.3077e-08  2.7176e-08  0:20:00  924

 Reversed flow on 37 faces (1.3% area) of pressure-outlet 21.
  4077  3.0869e-06  1.1188e-08  1.3068e-08  2.7112e-08  0:19:59  923

 Reversed flow on 37 faces (1.3% area) of pressure-outlet 21.
  4078  3.0294e-06  1.0791e-08  1.3301e-08  2.6481e-08  0:19:58  922

 Reversed flow on 37 faces (1.3% area) of pressure-outlet 21.
  4079  2.9462e-06  1.0465e-08  1.3556e-08  2.5680e-08  0:19:57  921

 Reversed flow on 37 faces (1.3% area) of pressure-outlet 21.
  4080  2.8358e-06  1.0187e-08  1.3793e-08  2.5196e-08  0:19:55  920

 Reversed flow on 37 faces (1.3% area) of pressure-outlet 21.
  4081  2.7018e-06  1.0128e-08  1.3934e-08  2.4868e-08  0:19:53  919

 Reversed flow on 37 faces (1.3% area) of pressure-outlet 21.

  iter  continuity  x-velocity  y-velocity  z-velocity     time/iter
  4082  2.5993e-06  1.0343e-08  1.3899e-08  2.5237e-08  0:19:52  918

 Reversed flow on 37 faces (1.3% area) of pressure-outlet 21.
  4083  2.5545e-06  1.0559e-08  1.3661e-08  2.6065e-08  0:19:51  917

 Reversed flow on 37 faces (1.3% area) of pressure-outlet 21.
  4084  2.5733e-06  1.0623e-08  1.3380e-08  2.6880e-08  0:19:50  916

 Reversed flow on 37 faces (1.3% area) of pressure-outlet 21.
  4085  2.6921e-06  1.0546e-08  1.2955e-08  2.7427e-08  0:19:49  915

 Reversed flow on 37 faces (1.3% area) of pressure-outlet 21.
  4086  2.8203e-06  1.0475e-08  1.2495e-08  2.7778e-08  0:19:47  914

 Reversed flow on 37 faces (1.3% area) of pressure-outlet 21.
  4087  2.9438e-06  1.0472e-08  1.2356e-08  2.7806e-08  0:19:46  913

 Reversed flow on 37 faces (1.3% area) of pressure-outlet 21.
  4088  3.0504e-06  1.0472e-08  1.3009e-08  2.7891e-08  0:19:44  912

 Reversed flow on 37 faces (1.3% area) of pressure-outlet 21.
  4089  3.1403e-06  1.0560e-08  1.3814e-08  2.7761e-08  0:19:44  911

 Reversed flow on 37 faces (1.3% area) of pressure-outlet 21.
  4090  3.2082e-06  1.0829e-08  1.4686e-08  2.7143e-08  0:19:43  910

 Reversed flow on 37 faces (1.3% area) of pressure-outlet 21.
  4091  3.3027e-06  1.1046e-08  1.5264e-08  2.6959e-08  0:19:42  909

 Reversed flow on 37 faces (1.3% area) of pressure-outlet 21.
  4092  3.3553e-06  1.1345e-08  1.5630e-08  2.7985e-08  0:19:41  908

 Reversed flow on 37 faces (1.3% area) of pressure-outlet 21.

  iter  continuity  x-velocity  y-velocity  z-velocity     time/iter
  4093  3.3701e-06  1.1875e-08  1.5795e-08  2.8737e-08  0:19:39  907

 Reversed flow on 37 faces (1.3% area) of pressure-outlet 21.
  4094  3.3188e-06  1.2275e-08  1.5706e-08  2.9510e-08  0:19:38  906

 Reversed flow on 37 faces (1.3% area) of pressure-outlet 21.
  4095  3.2356e-06  1.2404e-08  1.5189e-08  3.0248e-08  0:19:36  905

 Reversed flow on 37 faces (1.3% area) of pressure-outlet 21.
  4096  3.1292e-06  1.2278e-08  1.4310e-08  3.0508e-08  0:20:01  904

 Reversed flow on 37 faces (1.3% area) of pressure-outlet 21.
  4097  3.0585e-06  1.2159e-08  1.3395e-08  3.0600e-08  0:19:53  903

 Reversed flow on 37 faces (1.3% area) of pressure-outlet 21.
  4098  3.0133e-06  1.2006e-08  1.3216e-08  3.0036e-08  0:19:48  902

 Reversed flow on 37 faces (1.3% area) of pressure-outlet 21.
  4099  2.9476e-06  1.1733e-08  1.3465e-08  2.8978e-08  0:19:44  901

 Reversed flow on 37 faces (1.3% area) of pressure-outlet 21.
  4100  2.9205e-06  1.1510e-08  1.3572e-08  2.8114e-08  0:19:41  900

 Reversed flow on 37 faces (1.3% area) of pressure-outlet 21.
  4101  2.9564e-06  1.1439e-08  1.3769e-08  2.7440e-08  0:19:37  899

 Reversed flow on 37 faces (1.3% area) of pressure-outlet 21.
  4102  2.9938e-06  1.1517e-08  1.4074e-08  2.7020e-08  0:19:33  898

 Reversed flow on 37 faces (1.3% area) of pressure-outlet 21.
  4103  3.0184e-06  1.1767e-08  1.4422e-08  2.7616e-08  0:19:30  897

 Reversed flow on 37 faces (1.3% area) of pressure-outlet 21.

  iter  continuity  x-velocity  y-velocity  z-velocity     time/iter
  4104  3.1007e-06  1.1908e-08  1.4557e-08  2.8689e-08  0:19:28  896

 Reversed flow on 37 faces (1.3% area) of pressure-outlet 21.
  4105  3.2072e-06  1.1940e-08  1.4503e-08  2.9808e-08  0:19:27  895

 Reversed flow on 37 faces (1.3% area) of pressure-outlet 21.
  4106  3.3093e-06  1.1939e-08  1.4287e-08  2.9890e-08  0:19:24  894

 Reversed flow on 37 faces (1.3% area) of pressure-outlet 21.
  4107  3.3613e-06  1.1773e-08  1.3875e-08  3.0457e-08  0:19:22  893

 Reversed flow on 37 faces (1.3% area) of pressure-outlet 21.
  4108  3.3631e-06  1.1559e-08  1.3617e-08  3.0383e-08  0:19:20  892

 Reversed flow on 37 faces (1.3% area) of pressure-outlet 21.
  4109  3.3063e-06  1.1276e-08  1.3961e-08  2.9765e-08  0:19:18  891

 Reversed flow on 37 faces (1.3% area) of pressure-outlet 21.
  4110  3.2032e-06  1.0987e-08  1.4327e-08  2.9286e-08  0:19:16  890

 Reversed flow on 37 faces (1.3% area) of pressure-outlet 21.
  4111  3.0528e-06  1.0856e-08  1.4658e-08  2.8503e-08  0:19:14  889

 Reversed flow on 37 faces (1.3% area) of pressure-outlet 21.
  4112  2.9536e-06  1.0801e-08  1.4732e-08  2.7980e-08  0:19:13  888

 Reversed flow on 37 faces (1.3% area) of pressure-outlet 21.
  4113  2.8813e-06  1.0974e-08  1.4677e-08  2.8068e-08  0:19:12  887

 Reversed flow on 37 faces (1.3% area) of pressure-outlet 21.
  4114  2.8868e-06  1.1330e-08  1.4617e-08  2.8448e-08  0:19:12  886

 Reversed flow on 37 faces (1.3% area) of pressure-outlet 21.

  iter  continuity  x-velocity  y-velocity  z-velocity     time/iter
  4115  2.9622e-06  1.1543e-08  1.4427e-08  2.8976e-08  0:19:10  885

 Reversed flow on 37 faces (1.3% area) of pressure-outlet 21.
  4116  3.0894e-06  1.1638e-08  1.4053e-08  2.9345e-08  0:19:08  884

 Reversed flow on 37 faces (1.3% area) of pressure-outlet 21.
  4117  3.2088e-06  1.1695e-08  1.3664e-08  2.9469e-08  0:19:06  883

 Reversed flow on 37 faces (1.3% area) of pressure-outlet 21.
  4118  3.3086e-06  1.1746e-08  1.3449e-08  2.9733e-08  0:19:04  882

 Reversed flow on 37 faces (1.3% area) of pressure-outlet 21.
  4119  3.3775e-06  1.1845e-08  1.3827e-08  2.9589e-08  0:19:03  881

 Reversed flow on 37 faces (1.3% area) of pressure-outlet 21.
  4120  3.3488e-06  1.1971e-08  1.4513e-08  2.8190e-08  0:19:02  880

 Reversed flow on 37 faces (1.3% area) of pressure-outlet 21.
  4121  3.3496e-06  1.1971e-08  1.4964e-08  2.7548e-08  0:19:01  879

 Reversed flow on 37 faces (1.3% area) of pressure-outlet 21.
  4122  3.3329e-06  1.1861e-08  1.5281e-08  2.7632e-08  0:19:01  878

 Reversed flow on 37 faces (1.3% area) of pressure-outlet 21.
  4123  3.2683e-06  1.1921e-08  1.5506e-08  2.7443e-08  0:19:00  877

 Reversed flow on 37 faces (1.3% area) of pressure-outlet 21.
  4124  3.1435e-06  1.2023e-08  1.5537e-08  2.7692e-08  0:19:01  876

 Reversed flow on 37 faces (1.3% area) of pressure-outlet 21.
  4125  3.0072e-06  1.1936e-08  1.5153e-08  2.8455e-08  0:18:59  875

 Reversed flow on 37 faces (1.3% area) of pressure-outlet 21.

  iter  continuity  x-velocity  y-velocity  z-velocity     time/iter
  4126  2.8724e-06  1.1665e-08  1.4359e-08  2.8834e-08  0:18:57  874

 Reversed flow on 37 faces (1.3% area) of pressure-outlet 21.
  4127  2.8126e-06  1.1423e-08  1.3329e-08  2.8916e-08  0:18:55  873

 Reversed flow on 37 faces (1.3% area) of pressure-outlet 21.
  4128  2.7740e-06  1.1175e-08  1.2480e-08  2.8427e-08  0:18:53  872

 Reversed flow on 37 faces (1.3% area) of pressure-outlet 21.
  4129  2.7236e-06  1.0860e-08  1.2117e-08  2.7419e-08  0:18:51  871

 Reversed flow on 37 faces (1.3% area) of pressure-outlet 21.
  4130  2.6834e-06  1.0486e-08  1.2138e-08  2.6098e-08  0:18:50  870

 Reversed flow on 37 faces (1.3% area) of pressure-outlet 21.
  4131  2.6849e-06  1.0292e-08  1.2342e-08  2.4990e-08  0:18:48  869

 Reversed flow on 37 faces (1.3% area) of pressure-outlet 21.
  4132  2.6707e-06  1.0154e-08  1.2766e-08  2.3675e-08  0:18:47  868

 Reversed flow on 37 faces (1.3% area) of pressure-outlet 21.
  4133  2.6800e-06  1.0057e-08  1.3200e-08  2.3502e-08  0:18:45  867

 Reversed flow on 37 faces (1.3% area) of pressure-outlet 21.
  4134  2.7205e-06  1.0197e-08  1.3521e-08  2.4065e-08  0:18:44  866

 Reversed flow on 37 faces (1.3% area) of pressure-outlet 21.
  4135  2.8210e-06  1.0510e-08  1.3718e-08  2.5056e-08  0:18:42  865

 Reversed flow on 37 faces (1.3% area) of pressure-outlet 21.
  4136  2.8907e-06  1.0723e-08  1.3742e-08  2.5498e-08  0:18:42  864

 Reversed flow on 37 faces (1.3% area) of pressure-outlet 21.

  iter  continuity  x-velocity  y-velocity  z-velocity     time/iter
  4137  2.9687e-06  1.0672e-08  1.3442e-08  2.6456e-08  0:18:40  863

 Reversed flow on 37 faces (1.3% area) of pressure-outlet 21.
  4138  2.9976e-06  1.0541e-08  1.2942e-08  2.6952e-08  0:18:39  862

 Reversed flow on 37 faces (1.3% area) of pressure-outlet 21.
  4139  2.9777e-06  1.0359e-08  1.2567e-08  2.6996e-08  0:18:38  861

 Reversed flow on 37 faces (1.3% area) of pressure-outlet 21.
  4140  2.9099e-06  1.0147e-08  1.2756e-08  2.7003e-08  0:18:37  860

 Reversed flow on 37 faces (1.3% area) of pressure-outlet 21.
  4141  2.8187e-06  9.9773e-09  1.3057e-08  2.6918e-08  0:18:36  859

 Reversed flow on 37 faces (1.3% area) of pressure-outlet 21.
  4142  2.7751e-06  9.9934e-09  1.3323e-08  2.6917e-08  0:18:35  858

 Reversed flow on 37 faces (1.3% area) of pressure-outlet 21.
  4143  2.7654e-06  1.0170e-08  1.3656e-08  2.6787e-08  0:18:33  857

 Reversed flow on 37 faces (1.3% area) of pressure-outlet 21.
  4144  2.8112e-06  1.0614e-08  1.4159e-08  2.6994e-08  0:18:31  856

 Reversed flow on 37 faces (1.3% area) of pressure-outlet 21.
  4145  2.9175e-06  1.1126e-08  1.4530e-08  2.7543e-08  0:18:31  855

 Reversed flow on 37 faces (1.3% area) of pressure-outlet 21.
  4146  3.0612e-06  1.1605e-08  1.4667e-08  2.8179e-08  0:18:30  854

 Reversed flow on 37 faces (1.3% area) of pressure-outlet 21.
  4147  3.2088e-06  1.2010e-08  1.4612e-08  2.8531e-08  0:18:29  853

 Reversed flow on 37 faces (1.3% area) of pressure-outlet 21.

  iter  continuity  x-velocity  y-velocity  z-velocity     time/iter
  4148  3.3386e-06  1.2281e-08  1.4352e-08  2.9062e-08  0:18:28  852

 Reversed flow on 37 faces (1.3% area) of pressure-outlet 21.
  4149  3.4073e-06  1.2413e-08  1.4021e-08  2.9548e-08  0:18:27  851

 Reversed flow on 37 faces (1.3% area) of pressure-outlet 21.
  4150  3.4328e-06  1.2449e-08  1.4152e-08  2.9522e-08  0:18:25  850

 Reversed flow on 37 faces (1.3% area) of pressure-outlet 21.
  4151  3.4327e-06  1.2233e-08  1.4517e-08  2.9479e-08  0:18:24  849

 Reversed flow on 37 faces (1.3% area) of pressure-outlet 21.
  4152  3.3942e-06  1.2068e-08  1.4884e-08  2.9761e-08  0:18:22  848

 Reversed flow on 37 faces (1.3% area) of pressure-outlet 21.
  4153  3.3203e-06  1.1945e-08  1.5199e-08  2.9140e-08  0:18:21  847

 Reversed flow on 37 faces (1.3% area) of pressure-outlet 21.
  4154  3.2071e-06  1.1785e-08  1.5305e-08  2.9175e-08  0:18:20  846

 Reversed flow on 37 faces (1.3% area) of pressure-outlet 21.
  4155  3.0535e-06  1.1767e-08  1.5115e-08  2.9512e-08  0:18:19  845

 Reversed flow on 37 faces (1.3% area) of pressure-outlet 21.
  4156  2.9318e-06  1.1754e-08  1.4635e-08  2.9952e-08  0:18:17  844

 Reversed flow on 37 faces (1.3% area) of pressure-outlet 21.
  4157  2.8813e-06  1.1707e-08  1.3973e-08  3.0443e-08  0:18:16  843

 Reversed flow on 37 faces (1.3% area) of pressure-outlet 21.
  4158  2.9097e-06  1.1589e-08  1.3394e-08  3.0315e-08  0:18:15  842

 Reversed flow on 37 faces (1.3% area) of pressure-outlet 21.

  iter  continuity  x-velocity  y-velocity  z-velocity     time/iter
  4159  2.9228e-06  1.1349e-08  1.2833e-08  2.9791e-08  0:18:13  841

 Reversed flow on 37 faces (1.3% area) of pressure-outlet 21.
  4160  2.9457e-06  1.1107e-08  1.2296e-08  2.9031e-08  0:18:13  840

 Reversed flow on 37 faces (1.3% area) of pressure-outlet 21.
  4161  2.9919e-06  1.0929e-08  1.2518e-08  2.8241e-08  0:18:16  839

 Reversed flow on 37 faces (1.3% area) of pressure-outlet 21.
  4162  3.0242e-06  1.0664e-08  1.2993e-08  2.7633e-08  0:18:13  838

 Reversed flow on 37 faces (1.3% area) of pressure-outlet 21.
  4163  3.0631e-06  1.0548e-08  1.3661e-08  2.7658e-08  0:18:11  837

 Reversed flow on 37 faces (1.3% area) of pressure-outlet 21.
  4164  3.1272e-06  1.0560e-08  1.4303e-08  2.7692e-08  0:18:09  836

 Reversed flow on 37 faces (1.3% area) of pressure-outlet 21.
  4165  3.2176e-06  1.0858e-08  1.4912e-08  2.8019e-08  0:18:07  835

 Reversed flow on 37 faces (1.3% area) of pressure-outlet 21.
  4166  3.2818e-06  1.1269e-08  1.5320e-08  2.8405e-08  0:18:05  834

 Reversed flow on 37 faces (1.3% area) of pressure-outlet 21.
  4167  3.3316e-06  1.1478e-08  1.5355e-08  2.9572e-08  0:18:03  833

 Reversed flow on 37 faces (1.3% area) of pressure-outlet 21.
  4168  3.3673e-06  1.1577e-08  1.5009e-08  3.0300e-08  0:18:02  832

 Reversed flow on 37 faces (1.3% area) of pressure-outlet 21.
  4169  3.3586e-06  1.1596e-08  1.4437e-08  3.0603e-08  0:18:00  831

 Reversed flow on 37 faces (1.3% area) of pressure-outlet 21.

  iter  continuity  x-velocity  y-velocity  z-velocity     time/iter
  4170  3.2959e-06  1.1556e-08  1.3839e-08  3.0956e-08  0:17:59  830

 Reversed flow on 37 faces (1.3% area) of pressure-outlet 21.
  4171  3.1963e-06  1.1604e-08  1.3747e-08  3.0976e-08  0:17:58  829

 Reversed flow on 37 faces (1.3% area) of pressure-outlet 21.
  4172  3.0388e-06  1.1706e-08  1.4027e-08  2.9718e-08  0:17:57  828

 Reversed flow on 37 faces (1.3% area) of pressure-outlet 21.
  4173  2.9296e-06  1.1844e-08  1.4328e-08  2.8629e-08  0:17:56  827

 Reversed flow on 37 faces (1.3% area) of pressure-outlet 21.
  4174  2.8957e-06  1.1859e-08  1.4706e-08  2.7688e-08  0:17:54  826

 Reversed flow on 37 faces (1.3% area) of pressure-outlet 21.
  4175  2.9294e-06  1.1794e-08  1.4914e-08  2.7365e-08  0:17:53  825

 Reversed flow on 37 faces (1.3% area) of pressure-outlet 21.
  4176  2.9890e-06  1.1992e-08  1.4972e-08  2.7087e-08  0:17:51  824

 Reversed flow on 37 faces (1.3% area) of pressure-outlet 21.
  4177  3.0746e-06  1.2258e-08  1.4969e-08  2.7244e-08  0:17:50  823

 Reversed flow on 37 faces (1.3% area) of pressure-outlet 21.
  4178  3.1476e-06  1.2372e-08  1.4800e-08  2.7744e-08  0:17:48  822

 Reversed flow on 37 faces (1.3% area) of pressure-outlet 21.
  4179  3.2058e-06  1.2308e-08  1.4431e-08  2.7994e-08  0:17:46  821

 Reversed flow on 37 faces (1.3% area) of pressure-outlet 21.
  4180  3.2289e-06  1.2184e-08  1.3967e-08  2.7893e-08  0:18:41  820

 Reversed flow on 37 faces (1.3% area) of pressure-outlet 21.

  iter  continuity  x-velocity  y-velocity  z-velocity     time/iter
  4181  3.2415e-06  1.1823e-08  1.3589e-08  2.7891e-08  0:18:28  819

 Reversed flow on 37 faces (1.3% area) of pressure-outlet 21.
  4182  3.1999e-06  1.1409e-08  1.3754e-08  2.7820e-08  0:18:18  818

 Reversed flow on 37 faces (1.3% area) of pressure-outlet 21.
  4183  3.1112e-06  1.1023e-08  1.3976e-08  2.7266e-08  0:18:10  817

 Reversed flow on 37 faces (1.3% area) of pressure-outlet 21.
  4184  2.9777e-06  1.0693e-08  1.4247e-08  2.6940e-08  0:18:02  816

 Reversed flow on 37 faces (1.3% area) of pressure-outlet 21.
  4185  2.8185e-06  1.0427e-08  1.4359e-08  2.6574e-08  0:17:56  815

 Reversed flow on 37 faces (1.3% area) of pressure-outlet 21.
  4186  2.6776e-06  1.0416e-08  1.4294e-08  2.6638e-08  0:17:51  814

 Reversed flow on 37 faces (1.3% area) of pressure-outlet 21.
  4187  2.6341e-06  1.0576e-08  1.4044e-08  2.7184e-08  0:17:47  813

 Reversed flow on 37 faces (1.3% area) of pressure-outlet 21.
  4188  2.6458e-06  1.0668e-08  1.3789e-08  2.7381e-08  0:17:44  812

 Reversed flow on 37 faces (1.3% area) of pressure-outlet 21.
  4189  2.6923e-06  1.0632e-08  1.3367e-08  2.7293e-08  0:17:41  811

 Reversed flow on 37 faces (1.3% area) of pressure-outlet 21.
  4190  2.7499e-06  1.0571e-08  1.2587e-08  2.7100e-08  0:17:38  810

 Reversed flow on 37 faces (1.3% area) of pressure-outlet 21.
  4191  2.8274e-06  1.0562e-08  1.2008e-08  2.6936e-08  0:17:36  809

 Reversed flow on 37 faces (1.3% area) of pressure-outlet 21.

  iter  continuity  x-velocity  y-velocity  z-velocity     time/iter
  4192  2.8810e-06  1.0443e-08  1.2181e-08  2.6782e-08  0:17:34  808

 Reversed flow on 37 faces (1.3% area) of pressure-outlet 21.
  4193  2.9290e-06  1.0362e-08  1.2852e-08  2.6648e-08  0:17:32  807

 Reversed flow on 37 faces (1.3% area) of pressure-outlet 21.
  4194  3.0026e-06  1.0457e-08  1.3590e-08  2.6590e-08  0:17:30  806

 Reversed flow on 37 faces (1.3% area) of pressure-outlet 21.
  4195  3.1106e-06  1.0636e-08  1.4316e-08  2.6129e-08  0:17:28  805

 Reversed flow on 37 faces (1.3% area) of pressure-outlet 21.
  4196  3.1895e-06  1.0896e-08  1.4909e-08  2.6308e-08  0:17:26  804

 Reversed flow on 37 faces (1.3% area) of pressure-outlet 21.
  4197  3.2401e-06  1.1379e-08  1.5234e-08  2.6950e-08  0:17:24  803

 Reversed flow on 37 faces (1.3% area) of pressure-outlet 21.
  4198  3.2769e-06  1.1868e-08  1.5270e-08  2.7739e-08  0:17:22  802

 Reversed flow on 37 faces (1.3% area) of pressure-outlet 21.
  4199  3.2675e-06  1.2119e-08  1.5005e-08  2.8149e-08  0:17:21  801

 Reversed flow on 37 faces (1.3% area) of pressure-outlet 21.
  4200  3.2166e-06  1.2129e-08  1.4398e-08  2.8716e-08  0:17:21  800

 Reversed flow on 37 faces (1.3% area) of pressure-outlet 21.
  4201  3.1069e-06  1.2027e-08  1.3597e-08  2.9316e-08  0:17:19  799

 Reversed flow on 37 faces (1.3% area) of pressure-outlet 21.
  4202  3.0062e-06  1.1837e-08  1.3060e-08  2.9507e-08  0:17:17  798

 Reversed flow on 37 faces (1.3% area) of pressure-outlet 21.

  iter  continuity  x-velocity  y-velocity  z-velocity     time/iter
  4203  2.9128e-06  1.1571e-08  1.3034e-08  2.9321e-08  0:17:15  797

 Reversed flow on 37 faces (1.3% area) of pressure-outlet 21.
  4204  2.8737e-06  1.1308e-08  1.3268e-08  2.9146e-08  0:17:14  796

 Reversed flow on 37 faces (1.3% area) of pressure-outlet 21.
  4205  2.9149e-06  1.1049e-08  1.3564e-08  2.8831e-08  0:17:13  795

 Reversed flow on 37 faces (1.3% area) of pressure-outlet 21.
  4206  2.9828e-06  1.1017e-08  1.3887e-08  2.8220e-08  0:17:13  794

 Reversed flow on 37 faces (1.3% area) of pressure-outlet 21.
  4207  3.0524e-06  1.1306e-08  1.4274e-08  2.8044e-08  0:17:11  793

 Reversed flow on 37 faces (1.3% area) of pressure-outlet 21.
  4208  3.1347e-06  1.1607e-08  1.4522e-08  2.8557e-08  0:17:10  792

 Reversed flow on 37 faces (1.3% area) of pressure-outlet 21.
  4209  3.1979e-06  1.1749e-08  1.4574e-08  2.9140e-08  0:17:08  791

 Reversed flow on 37 faces (1.3% area) of pressure-outlet 21.
  4210  3.2957e-06  1.1877e-08  1.4414e-08  2.9382e-08  0:17:06  790

 Reversed flow on 37 faces (1.3% area) of pressure-outlet 21.
  4211  3.3770e-06  1.1770e-08  1.3931e-08  2.9816e-08  0:17:05  789

 Reversed flow on 37 faces (1.3% area) of pressure-outlet 21.
  4212  3.3936e-06  1.1626e-08  1.3536e-08  3.0205e-08  0:17:04  788

 Reversed flow on 37 faces (1.3% area) of pressure-outlet 21.
  4213  3.3449e-06  1.1434e-08  1.3743e-08  2.9967e-08  0:17:02  787

 Reversed flow on 37 faces (1.3% area) of pressure-outlet 21.

  iter  continuity  x-velocity  y-velocity  z-velocity     time/iter
  4214  3.2246e-06  1.1135e-08  1.4183e-08  2.9564e-08  0:17:02  786

 Reversed flow on 37 faces (1.3% area) of pressure-outlet 21.
  4215  3.0612e-06  1.0898e-08  1.4479e-08  2.9108e-08  0:17:00  785

 Reversed flow on 37 faces (1.3% area) of pressure-outlet 21.
  4216  2.9189e-06  1.0660e-08  1.4532e-08  2.8295e-08  0:16:59  784

 Reversed flow on 37 faces (1.3% area) of pressure-outlet 21.
  4217  2.8707e-06  1.0612e-08  1.4468e-08  2.8419e-08  0:16:58  783

 Reversed flow on 37 faces (1.3% area) of pressure-outlet 21.
  4218  2.8639e-06  1.0932e-08  1.4460e-08  2.8136e-08  0:16:58  782

 Reversed flow on 37 faces (1.3% area) of pressure-outlet 21.
  4219  2.8907e-06  1.1192e-08  1.4332e-08  2.8341e-08  0:16:56  781

 Reversed flow on 37 faces (1.3% area) of pressure-outlet 21.
  4220  2.9486e-06  1.1323e-08  1.3785e-08  2.8504e-08  0:16:55  780

 Reversed flow on 37 faces (1.3% area) of pressure-outlet 21.
  4221  3.0499e-06  1.1405e-08  1.3218e-08  2.8644e-08  0:16:53  779

 Reversed flow on 37 faces (1.3% area) of pressure-outlet 21.
  4222  3.1204e-06  1.1353e-08  1.2773e-08  2.8948e-08  0:16:51  778

 Reversed flow on 37 faces (1.3% area) of pressure-outlet 21.
  4223  3.1817e-06  1.1416e-08  1.2944e-08  2.9243e-08  0:16:49  777

 Reversed flow on 37 faces (1.3% area) of pressure-outlet 21.
  4224  3.1801e-06  1.1481e-08  1.3600e-08  2.8591e-08  0:16:48  776

 Reversed flow on 37 faces (1.3% area) of pressure-outlet 21.

  iter  continuity  x-velocity  y-velocity  z-velocity     time/iter
  4225  3.2218e-06  1.1507e-08  1.4268e-08  2.7896e-08  0:16:46  775

 Reversed flow on 37 faces (1.3% area) of pressure-outlet 21.
  4226  3.2462e-06  1.1493e-08  1.4855e-08  2.7552e-08  0:16:45  774

 Reversed flow on 37 faces (1.3% area) of pressure-outlet 21.
  4227  3.2302e-06  1.1476e-08  1.5250e-08  2.7268e-08  0:16:43  773

 Reversed flow on 37 faces (1.3% area) of pressure-outlet 21.
  4228  3.1839e-06  1.1638e-08  1.5402e-08  2.7298e-08  0:16:42  772

 Reversed flow on 37 faces (1.3% area) of pressure-outlet 21.
  4229  3.1201e-06  1.1742e-08  1.5295e-08  2.7429e-08  0:16:40  771

 Reversed flow on 37 faces (1.3% area) of pressure-outlet 21.
  4230  3.0094e-06  1.1676e-08  1.4840e-08  2.7950e-08  0:16:39  770

 Reversed flow on 37 faces (1.3% area) of pressure-outlet 21.
  4231  2.9082e-06  1.1559e-08  1.4066e-08  2.8266e-08  0:16:38  769

 Reversed flow on 37 faces (1.3% area) of pressure-outlet 21.
  4232  2.8163e-06  1.1414e-08  1.3123e-08  2.8376e-08  0:16:37  768

 Reversed flow on 37 faces (1.3% area) of pressure-outlet 21.
  4233  2.7474e-06  1.1207e-08  1.2377e-08  2.8159e-08  0:16:35  767

 Reversed flow on 37 faces (1.3% area) of pressure-outlet 21.
  4234  2.7176e-06  1.0930e-08  1.2549e-08  2.7717e-08  0:16:34  766

 Reversed flow on 37 faces (1.3% area) of pressure-outlet 21.
  4235  2.7422e-06  1.0625e-08  1.2924e-08  2.6893e-08  0:16:33  765

 Reversed flow on 37 faces (1.3% area) of pressure-outlet 21.

  iter  continuity  x-velocity  y-velocity  z-velocity     time/iter
  4236  2.7883e-06  1.0531e-08  1.3426e-08  2.5866e-08  0:16:31  764

 Reversed flow on 37 faces (1.3% area) of pressure-outlet 21.
  4237  2.8587e-06  1.0521e-08  1.3974e-08  2.4897e-08  0:16:31  763

 Reversed flow on 37 faces (1.3% area) of pressure-outlet 21.
  4238  2.9246e-06  1.0644e-08  1.4422e-08  2.5377e-08  0:16:29  762

 Reversed flow on 37 faces (1.3% area) of pressure-outlet 21.
  4239  2.9789e-06  1.0973e-08  1.4723e-08  2.5872e-08  0:16:28  761

 Reversed flow on 37 faces (1.3% area) of pressure-outlet 21.
  4240  3.0635e-06  1.1287e-08  1.4819e-08  2.6611e-08  0:16:27  760

 Reversed flow on 37 faces (1.3% area) of pressure-outlet 21.
  4241  3.1585e-06  1.1258e-08  1.4504e-08  2.7730e-08  0:16:25  759

 Reversed flow on 37 faces (1.3% area) of pressure-outlet 21.
  4242  3.2095e-06  1.1138e-08  1.4028e-08  2.8743e-08  0:16:24  758

 Reversed flow on 37 faces (1.3% area) of pressure-outlet 21.
  4243  3.1882e-06  1.1024e-08  1.3504e-08  2.9200e-08  0:16:24  757

 Reversed flow on 37 faces (1.3% area) of pressure-outlet 21.
  4244  3.1024e-06  1.0826e-08  1.3501e-08  2.9401e-08  0:16:22  756

 Reversed flow on 37 faces (1.3% area) of pressure-outlet 21.
  4245  2.9842e-06  1.0557e-08  1.3684e-08  2.9241e-08  0:16:21  755

 Reversed flow on 37 faces (1.3% area) of pressure-outlet 21.
  4246  2.8891e-06  1.0412e-08  1.3821e-08  2.8925e-08  0:16:22  754

 Reversed flow on 37 faces (1.3% area) of pressure-outlet 21.

  iter  continuity  x-velocity  y-velocity  z-velocity     time/iter
  4247  2.8907e-06  1.0499e-08  1.4064e-08  2.8624e-08  0:16:22  753

 Reversed flow on 37 faces (1.3% area) of pressure-outlet 21.
  4248  2.9071e-06  1.0858e-08  1.4532e-08  2.7699e-08  0:16:20  752

 Reversed flow on 37 faces (1.3% area) of pressure-outlet 21.
  4249  2.9345e-06  1.1383e-08  1.4897e-08  2.7379e-08  0:16:18  751

 Reversed flow on 37 faces (1.3% area) of pressure-outlet 21.
  4250  3.0040e-06  1.1914e-08  1.4820e-08  2.7406e-08  0:16:17  750

 Reversed flow on 37 faces (1.3% area) of pressure-outlet 21.
  4251  3.0949e-06  1.2315e-08  1.4605e-08  2.7514e-08  0:16:15  749

 Reversed flow on 37 faces (1.3% area) of pressure-outlet 21.
  4252  3.1796e-06  1.2450e-08  1.4198e-08  2.7887e-08  0:16:13  748

 Reversed flow on 37 faces (1.3% area) of pressure-outlet 21.
  4253  3.2310e-06  1.2499e-08  1.3755e-08  2.8694e-08  0:16:11  747

 Reversed flow on 37 faces (1.3% area) of pressure-outlet 21.
  4254  3.2809e-06  1.2414e-08  1.3468e-08  2.9334e-08  0:16:10  746

 Reversed flow on 37 faces (1.3% area) of pressure-outlet 21.
  4255  3.3157e-06  1.2231e-08  1.3882e-08  2.9245e-08  0:16:08  745

 Reversed flow on 37 faces (1.3% area) of pressure-outlet 21.
  4256  3.3133e-06  1.2030e-08  1.4371e-08  2.9080e-08  0:16:07  744

 Reversed flow on 37 faces (1.3% area) of pressure-outlet 21.
  4257  3.2799e-06  1.1842e-08  1.4794e-08  2.8713e-08  0:16:06  743

 Reversed flow on 37 faces (1.3% area) of pressure-outlet 21.

  iter  continuity  x-velocity  y-velocity  z-velocity     time/iter
  4258  3.2377e-06  1.1658e-08  1.4978e-08  2.8191e-08  0:16:04  742

 Reversed flow on 37 faces (1.3% area) of pressure-outlet 21.
  4259  3.1532e-06  1.1567e-08  1.5028e-08  2.8154e-08  0:16:03  741

 Reversed flow on 37 faces (1.3% area) of pressure-outlet 21.
  4260  3.0495e-06  1.1625e-08  1.4826e-08  2.8608e-08  0:16:01  740

 Reversed flow on 37 faces (1.3% area) of pressure-outlet 21.
  4261  2.9487e-06  1.1652e-08  1.4405e-08  2.9340e-08  0:16:00  739

 Reversed flow on 37 faces (1.3% area) of pressure-outlet 21.
  4262  2.9065e-06  1.1580e-08  1.3741e-08  2.9824e-08  0:15:59  738

 Reversed flow on 37 faces (1.3% area) of pressure-outlet 21.
  4263  2.8986e-06  1.1412e-08  1.2998e-08  2.9938e-08  0:15:57  737

 Reversed flow on 37 faces (1.3% area) of pressure-outlet 21.
  4264  2.9166e-06  1.1212e-08  1.2498e-08  2.9845e-08  0:15:56  736

 Reversed flow on 37 faces (1.3% area) of pressure-outlet 21.
  4265  2.9679e-06  1.0928e-08  1.2547e-08  2.9271e-08  0:15:54  735

 Reversed flow on 37 faces (1.3% area) of pressure-outlet 21.
  4266  3.0325e-06  1.0641e-08  1.2961e-08  2.8436e-08  0:15:53  734

 Reversed flow on 37 faces (1.3% area) of pressure-outlet 21.
  4267  3.0973e-06  1.0538e-08  1.3543e-08  2.7727e-08  0:15:52  733

 Reversed flow on 37 faces (1.3% area) of pressure-outlet 21.
  4268  3.1527e-06  1.0545e-08  1.4169e-08  2.7334e-08  0:15:50  732

 Reversed flow on 37 faces (1.3% area) of pressure-outlet 21.

  iter  continuity  x-velocity  y-velocity  z-velocity     time/iter
  4269  3.1878e-06  1.0723e-08  1.4769e-08  2.6907e-08  0:15:49  731

 Reversed flow on 37 faces (1.3% area) of pressure-outlet 21.
  4270  3.2316e-06  1.1195e-08  1.5209e-08  2.7086e-08  0:15:48  730

 Reversed flow on 37 faces (1.3% area) of pressure-outlet 21.
  4271  3.3135e-06  1.1438e-08  1.5246e-08  2.8324e-08  0:15:46  729

 Reversed flow on 37 faces (1.3% area) of pressure-outlet 21.
  4272  3.3502e-06  1.1601e-08  1.5046e-08  2.9481e-08  0:15:45  728

 Reversed flow on 37 faces (1.3% area) of pressure-outlet 21.
  4273  3.3536e-06  1.1681e-08  1.4561e-08  3.0126e-08  0:15:43  727

 Reversed flow on 37 faces (1.3% area) of pressure-outlet 21.
  4274  3.2823e-06  1.1664e-08  1.4010e-08  3.0762e-08  0:15:42  726

 Reversed flow on 37 faces (1.3% area) of pressure-outlet 21.
  4275  3.1712e-06  1.1603e-08  1.3565e-08  3.0902e-08  0:15:41  725

 Reversed flow on 37 faces (1.3% area) of pressure-outlet 21.
  4276  2.9923e-06  1.1530e-08  1.3657e-08  2.9893e-08  0:15:40  724

 Reversed flow on 37 faces (1.3% area) of pressure-outlet 21.
  4277  2.9295e-06  1.1461e-08  1.3849e-08  2.9071e-08  0:15:39  723

 Reversed flow on 37 faces (1.3% area) of pressure-outlet 21.
  4278  2.8661e-06  1.1422e-08  1.4241e-08  2.7595e-08  0:15:38  722

 Reversed flow on 37 faces (1.3% area) of pressure-outlet 21.
  4279  2.8353e-06  1.1285e-08  1.4411e-08  2.6393e-08  0:15:36  721

 Reversed flow on 37 faces (1.3% area) of pressure-outlet 21.

  iter  continuity  x-velocity  y-velocity  z-velocity     time/iter
  4280  2.8181e-06  1.1296e-08  1.4242e-08  2.5831e-08  0:15:35  720

 Reversed flow on 37 faces (1.3% area) of pressure-outlet 21.
  4281  2.8590e-06  1.1546e-08  1.4050e-08  2.5575e-08  0:15:33  719

 Reversed flow on 37 faces (1.3% area) of pressure-outlet 21.
  4282  2.8767e-06  1.1575e-08  1.3782e-08  2.5987e-08  0:15:32  718

 Reversed flow on 37 faces (1.3% area) of pressure-outlet 21.
  4283  2.9196e-06  1.1525e-08  1.3417e-08  2.6524e-08  0:15:31  717

 Reversed flow on 37 faces (1.3% area) of pressure-outlet 21.
  4284  2.9757e-06  1.1359e-08  1.2942e-08  2.7011e-08  0:15:29  716

 Reversed flow on 37 faces (1.3% area) of pressure-outlet 21.
  4285  3.0215e-06  1.1160e-08  1.2597e-08  2.6689e-08  0:15:28  715

 Reversed flow on 37 faces (1.3% area) of pressure-outlet 21.
  4286  3.0187e-06  1.0887e-08  1.2787e-08  2.6364e-08  0:15:26  714

 Reversed flow on 37 faces (1.3% area) of pressure-outlet 21.
  4287  2.9825e-06  1.0507e-08  1.3157e-08  2.5853e-08  0:15:25  713

 Reversed flow on 37 faces (1.3% area) of pressure-outlet 21.
  4288  2.9270e-06  1.0251e-08  1.3457e-08  2.5291e-08  0:15:23  712

 Reversed flow on 37 faces (1.3% area) of pressure-outlet 21.
  4289  2.8405e-06  1.0043e-08  1.3788e-08  2.4540e-08  0:15:22  711

 Reversed flow on 37 faces (1.3% area) of pressure-outlet 21.
  4290  2.7247e-06  1.0050e-08  1.3968e-08  2.4633e-08  0:15:21  710

 Reversed flow on 37 faces (1.3% area) of pressure-outlet 21.

  iter  continuity  x-velocity  y-velocity  z-velocity     time/iter
  4291  2.6099e-06  1.0280e-08  1.3941e-08  2.5287e-08  0:15:20  709

 Reversed flow on 37 faces (1.3% area) of pressure-outlet 21.
  4292  2.5741e-06  1.0435e-08  1.3650e-08  2.6228e-08  0:15:19  708

 Reversed flow on 37 faces (1.3% area) of pressure-outlet 21.
  4293  2.5946e-06  1.0485e-08  1.3210e-08  2.7009e-08  0:15:18  707

 Reversed flow on 37 faces (1.3% area) of pressure-outlet 21.
  4294  2.6784e-06  1.0476e-08  1.2780e-08  2.7680e-08  0:15:17  706

 Reversed flow on 37 faces (1.3% area) of pressure-outlet 21.
  4295  2.7874e-06  1.0411e-08  1.2322e-08  2.8009e-08  0:15:15  705

 Reversed flow on 37 faces (1.3% area) of pressure-outlet 21.
  4296  2.9190e-06  1.0401e-08  1.2313e-08  2.8002e-08  0:15:14  704

 Reversed flow on 37 faces (1.3% area) of pressure-outlet 21.
  4297  3.0359e-06  1.0459e-08  1.3026e-08  2.7741e-08  0:15:13  703

 Reversed flow on 37 faces (1.3% area) of pressure-outlet 21.
  4298  3.1459e-06  1.0643e-08  1.3854e-08  2.7731e-08  0:15:12  702

 Reversed flow on 37 faces (1.3% area) of pressure-outlet 21.
  4299  3.2178e-06  1.0928e-08  1.4750e-08  2.7102e-08  0:15:10  701

 Reversed flow on 37 faces (1.3% area) of pressure-outlet 21.
  4300  3.3099e-06  1.1286e-08  1.5423e-08  2.7001e-08  0:15:09  700

 Reversed flow on 37 faces (1.3% area) of pressure-outlet 21.
  4301  3.3776e-06  1.1628e-08  1.5749e-08  2.7934e-08  0:15:08  699

 Reversed flow on 37 faces (1.3% area) of pressure-outlet 21.

  iter  continuity  x-velocity  y-velocity  z-velocity     time/iter
  4302  3.4210e-06  1.2184e-08  1.5892e-08  2.8881e-08  0:15:06  698

 Reversed flow on 37 faces (1.3% area) of pressure-outlet 21.
  4303  3.3897e-06  1.2535e-08  1.5676e-08  2.9494e-08  0:15:05  697

 Reversed flow on 37 faces (1.3% area) of pressure-outlet 21.
  4304  3.3166e-06  1.2598e-08  1.5153e-08  3.0154e-08  0:15:03  696

 Reversed flow on 37 faces (1.3% area) of pressure-outlet 21.
  4305  3.1849e-06  1.2411e-08  1.4258e-08  3.0680e-08  0:15:02  695

 Reversed flow on 37 faces (1.3% area) of pressure-outlet 21.
  4306  3.0488e-06  1.2151e-08  1.3372e-08  3.0752e-08  0:15:01  694

 Reversed flow on 37 faces (1.3% area) of pressure-outlet 21.
  4307  2.9808e-06  1.1907e-08  1.3217e-08  3.0494e-08  0:14:59  693

 Reversed flow on 37 faces (1.3% area) of pressure-outlet 21.
  4308  2.9234e-06  1.1609e-08  1.3467e-08  2.9505e-08  0:14:58  692

 Reversed flow on 37 faces (1.3% area) of pressure-outlet 21.
  4309  2.9037e-06  1.1405e-08  1.3703e-08  2.8591e-08  0:14:57  691

 Reversed flow on 37 faces (1.3% area) of pressure-outlet 21.
  4310  2.9118e-06  1.1313e-08  1.3810e-08  2.7672e-08  0:14:55  690

 Reversed flow on 37 faces (1.3% area) of pressure-outlet 21.
  4311  2.9589e-06  1.1512e-08  1.4062e-08  2.7090e-08  0:14:54  689

 Reversed flow on 37 faces (1.3% area) of pressure-outlet 21.
  4312  2.9901e-06  1.1663e-08  1.4279e-08  2.7572e-08  0:14:53  688

 Reversed flow on 37 faces (1.3% area) of pressure-outlet 21.

  iter  continuity  x-velocity  y-velocity  z-velocity     time/iter
  4313  3.0634e-06  1.1776e-08  1.4392e-08  2.8667e-08  0:14:52  687

 Reversed flow on 37 faces (1.3% area) of pressure-outlet 21.
  4314  3.1885e-06  1.1795e-08  1.4311e-08  2.9728e-08  0:14:51  686

 Reversed flow on 37 faces (1.3% area) of pressure-outlet 21.
  4315  3.3133e-06  1.1788e-08  1.4051e-08  2.9830e-08  0:14:50  685

 Reversed flow on 37 faces (1.3% area) of pressure-outlet 21.
  4316  3.3741e-06  1.1701e-08  1.3707e-08  3.0261e-08  0:14:48  684

 Reversed flow on 37 faces (1.3% area) of pressure-outlet 21.
  4317  3.3853e-06  1.1476e-08  1.3778e-08  3.0293e-08  0:14:47  683

 Reversed flow on 37 faces (1.3% area) of pressure-outlet 21.
  4318  3.3430e-06  1.1209e-08  1.4185e-08  2.9749e-08  0:14:50  682

 Reversed flow on 37 faces (1.3% area) of pressure-outlet 21.
  4319  3.2514e-06  1.1023e-08  1.4640e-08  2.8899e-08  0:15:07  681

 Reversed flow on 37 faces (1.3% area) of pressure-outlet 21.
  4320  3.1149e-06  1.0885e-08  1.4953e-08  2.8167e-08  0:15:01  680

 Reversed flow on 37 faces (1.3% area) of pressure-outlet 21.
  4321  2.9980e-06  1.0864e-08  1.5015e-08  2.8113e-08  0:14:56  679

 Reversed flow on 37 faces (1.3% area) of pressure-outlet 21.
  4322  2.9112e-06  1.1130e-08  1.4879e-08  2.8305e-08  0:14:52  678

 Reversed flow on 37 faces (1.3% area) of pressure-outlet 21.
  4323  2.9140e-06  1.1509e-08  1.4680e-08  2.8889e-08  0:14:49  677

 Reversed flow on 37 faces (1.3% area) of pressure-outlet 21.

  iter  continuity  x-velocity  y-velocity  z-velocity     time/iter
  4324  2.9632e-06  1.1715e-08  1.4451e-08  2.9553e-08  0:14:46  676

 Reversed flow on 37 faces (1.3% area) of pressure-outlet 21.
  4325  3.0789e-06  1.1761e-08  1.4008e-08  2.9869e-08  0:14:43  675

 Reversed flow on 37 faces (1.3% area) of pressure-outlet 21.
  4326  3.2032e-06  1.1819e-08  1.3540e-08  2.9905e-08  0:14:40  674

 Reversed flow on 37 faces (1.3% area) of pressure-outlet 21.
  4327  3.2963e-06  1.1948e-08  1.3416e-08  2.9608e-08  0:14:38  673

 Reversed flow on 37 faces (1.3% area) of pressure-outlet 21.
  4328  3.2916e-06  1.2104e-08  1.3971e-08  2.8662e-08  0:14:36  672

 Reversed flow on 37 faces (1.3% area) of pressure-outlet 21.
  4329  3.2910e-06  1.2050e-08  1.4564e-08  2.7728e-08  0:14:34  671

 Reversed flow on 37 faces (1.3% area) of pressure-outlet 21.
  4330  3.3125e-06  1.2017e-08  1.5044e-08  2.7224e-08  0:14:32  670

 Reversed flow on 37 faces (1.3% area) of pressure-outlet 21.
  4331  3.3071e-06  1.1825e-08  1.5291e-08  2.7222e-08  0:14:31  669

 Reversed flow on 37 faces (1.3% area) of pressure-outlet 21.
  4332  3.2603e-06  1.1895e-08  1.5494e-08  2.7331e-08  0:14:29  668

 Reversed flow on 37 faces (1.3% area) of pressure-outlet 21.
  4333  3.1727e-06  1.2002e-08  1.5426e-08  2.7553e-08  0:14:27  667

 Reversed flow on 37 faces (1.3% area) of pressure-outlet 21.
  4334  3.0422e-06  1.1918e-08  1.5092e-08  2.8278e-08  0:14:26  666

 Reversed flow on 37 faces (1.3% area) of pressure-outlet 21.

  iter  continuity  x-velocity  y-velocity  z-velocity     time/iter
  4335  2.9099e-06  1.1645e-08  1.4303e-08  2.8692e-08  0:14:24  665

 Reversed flow on 37 faces (1.3% area) of pressure-outlet 21.
  4336  2.8004e-06  1.1336e-08  1.3208e-08  2.8796e-08  0:15:10  664

 Reversed flow on 37 faces (1.3% area) of pressure-outlet 21.
  4337  2.7589e-06  1.1037e-08  1.2278e-08  2.8575e-08  0:14:59  663

 Reversed flow on 37 faces (1.3% area) of pressure-outlet 21.
  4338  2.7025e-06  1.0726e-08  1.2144e-08  2.7546e-08  0:14:51  662

 Reversed flow on 37 faces (1.3% area) of pressure-outlet 21.
  4339  2.6554e-06  1.0356e-08  1.2345e-08  2.6125e-08  0:14:43  661

 Reversed flow on 37 faces (1.3% area) of pressure-outlet 21.
  4340  2.6282e-06  1.0177e-08  1.2511e-08  2.4800e-08  0:14:37  660

 Reversed flow on 37 faces (1.3% area) of pressure-outlet 21.
  4341  2.6414e-06  1.0086e-08  1.2851e-08  2.3362e-08  0:14:32  659

 Reversed flow on 37 faces (1.3% area) of pressure-outlet 21.
  4342  2.6507e-06  9.9661e-09  1.3151e-08  2.3522e-08  0:14:27  658

 Reversed flow on 37 faces (1.3% area) of pressure-outlet 21.
  4343  2.6821e-06  1.0186e-08  1.3420e-08  2.4156e-08  0:14:23  657

 Reversed flow on 37 faces (1.3% area) of pressure-outlet 21.
  4344  2.7966e-06  1.0445e-08  1.3575e-08  2.5363e-08  0:14:21  656

 Reversed flow on 37 faces (1.3% area) of pressure-outlet 21.
  4345  2.9061e-06  1.0605e-08  1.3567e-08  2.5750e-08  0:14:18  655

 Reversed flow on 37 faces (1.3% area) of pressure-outlet 21.

  iter  continuity  x-velocity  y-velocity  z-velocity     time/iter
  4346  2.9972e-06  1.0620e-08  1.3307e-08  2.6704e-08  0:14:15  654

 Reversed flow on 37 faces (1.3% area) of pressure-outlet 21.
  4347  3.0384e-06  1.0529e-08  1.2881e-08  2.7258e-08  0:14:13  653

 Reversed flow on 37 faces (1.3% area) of pressure-outlet 21.
  4348  3.0453e-06  1.0408e-08  1.2664e-08  2.7338e-08  0:14:10  652

 Reversed flow on 37 faces (1.3% area) of pressure-outlet 21.
  4349  3.0032e-06  1.0275e-08  1.3029e-08  2.6891e-08  0:14:08  651

 Reversed flow on 37 faces (1.3% area) of pressure-outlet 21.
  4350  2.9297e-06  1.0164e-08  1.3392e-08  2.6963e-08  0:14:06  650

 Reversed flow on 37 faces (1.3% area) of pressure-outlet 21.
  4351  2.8717e-06  1.0233e-08  1.3746e-08  2.7086e-08  0:14:05  649

 Reversed flow on 37 faces (1.3% area) of pressure-outlet 21.
  4352  2.8346e-06  1.0452e-08  1.4069e-08  2.7023e-08  0:14:06  648

 Reversed flow on 37 faces (1.3% area) of pressure-outlet 21.
  4353  2.8498e-06  1.0959e-08  1.4435e-08  2.7323e-08  0:14:04  647

 Reversed flow on 37 faces (1.3% area) of pressure-outlet 21.
  4354  2.9265e-06  1.1502e-08  1.4727e-08  2.7946e-08  0:14:01  646

 Reversed flow on 37 faces (1.3% area) of pressure-outlet 21.
  4355  3.0372e-06  1.1848e-08  1.4702e-08  2.8467e-08  0:14:00  645

 Reversed flow on 37 faces (1.3% area) of pressure-outlet 21.
  4356  3.1862e-06  1.2107e-08  1.4410e-08  2.8767e-08  0:13:58  644

 Reversed flow on 37 faces (1.3% area) of pressure-outlet 21.

  iter  continuity  x-velocity  y-velocity  z-velocity     time/iter
  4357  3.2966e-06  1.2279e-08  1.4020e-08  2.9273e-08  0:13:56  643

 Reversed flow on 37 faces (1.3% area) of pressure-outlet 21.
  4358  3.3536e-06  1.2335e-08  1.3679e-08  2.9677e-08  0:13:55  642

 Reversed flow on 37 faces (1.3% area) of pressure-outlet 21.
  4359  3.3635e-06  1.2241e-08  1.3932e-08  2.9715e-08  0:13:53  641

 Reversed flow on 37 faces (1.3% area) of pressure-outlet 21.
  4360  3.3764e-06  1.2112e-08  1.4440e-08  2.9254e-08  0:13:52  640

 Reversed flow on 37 faces (1.3% area) of pressure-outlet 21.
  4361  3.3679e-06  1.1920e-08  1.4813e-08  2.9396e-08  0:13:50  639

 Reversed flow on 37 faces (1.3% area) of pressure-outlet 21.
  4362  3.3226e-06  1.1789e-08  1.5126e-08  2.8924e-08  0:13:49  638

 Reversed flow on 37 faces (1.3% area) of pressure-outlet 21.
  4363  3.2339e-06  1.1660e-08  1.5207e-08  2.8898e-08  0:13:48  637

 Reversed flow on 37 faces (1.3% area) of pressure-outlet 21.
  4364  3.0977e-06  1.1726e-08  1.5119e-08  2.9250e-08  0:13:46  636

 Reversed flow on 37 faces (1.3% area) of pressure-outlet 21.
  4365  2.9751e-06  1.1698e-08  1.4699e-08  2.9973e-08  0:13:45  635

 Reversed flow on 37 faces (1.3% area) of pressure-outlet 21.
  4366  2.9072e-06  1.1591e-08  1.4010e-08  3.0452e-08  0:13:44  634

 Reversed flow on 37 faces (1.3% area) of pressure-outlet 21.
  4367  2.9364e-06  1.1429e-08  1.3306e-08  3.0531e-08  0:13:42  633

 Reversed flow on 37 faces (1.3% area) of pressure-outlet 21.

  iter  continuity  x-velocity  y-velocity  z-velocity     time/iter
  4368  2.9353e-06  1.1264e-08  1.2755e-08  2.9973e-08  0:13:41  632

 Reversed flow on 37 faces (1.3% area) of pressure-outlet 21.
  4369  2.9432e-06  1.1005e-08  1.2493e-08  2.9166e-08  0:13:40  631

 Reversed flow on 37 faces (1.3% area) of pressure-outlet 21.
  4370  2.9605e-06  1.0772e-08  1.2667e-08  2.8243e-08  0:13:39  630

 Reversed flow on 37 faces (1.3% area) of pressure-outlet 21.
  4371  3.0029e-06  1.0625e-08  1.3079e-08  2.7405e-08  0:13:37  629

 Reversed flow on 37 faces (1.3% area) of pressure-outlet 21.
  4372  3.0317e-06  1.0494e-08  1.3649e-08  2.7267e-08  0:13:36  628

 Reversed flow on 37 faces (1.3% area) of pressure-outlet 21.
  4373  3.0793e-06  1.0544e-08  1.4265e-08  2.7304e-08  0:13:35  627

 Reversed flow on 37 faces (1.3% area) of pressure-outlet 21.
  4374  3.1684e-06  1.0878e-08  1.4818e-08  2.8121e-08  0:13:35  626

 Reversed flow on 37 faces (1.3% area) of pressure-outlet 21.
  4375  3.2692e-06  1.1305e-08  1.5204e-08  2.8489e-08  0:13:48  625

 Reversed flow on 37 faces (1.3% area) of pressure-outlet 21.
  4376  3.3346e-06  1.1534e-08  1.5252e-08  2.9770e-08  0:13:56  624

 Reversed flow on 37 faces (1.3% area) of pressure-outlet 21.
  4377  3.3992e-06  1.1640e-08  1.4927e-08  3.0571e-08  0:13:52  623

 Reversed flow on 37 faces (1.3% area) of pressure-outlet 21.
  4378  3.4182e-06  1.1748e-08  1.4380e-08  3.0912e-08  0:13:46  622

 Reversed flow on 37 faces (1.3% area) of pressure-outlet 21.

  iter  continuity  x-velocity  y-velocity  z-velocity     time/iter
  4379  3.3621e-06  1.1835e-08  1.3931e-08  3.0592e-08  0:13:42  621

 Reversed flow on 37 faces (1.3% area) of pressure-outlet 21.
  4380  3.1856e-06  1.1899e-08  1.4064e-08  2.9985e-08  0:13:37  620

 Reversed flow on 37 faces (1.3% area) of pressure-outlet 21.
  4381  3.0436e-06  1.1866e-08  1.4306e-08  2.9140e-08  0:13:33  619

 Reversed flow on 37 faces (1.3% area) of pressure-outlet 21.
  4382  2.9223e-06  1.1851e-08  1.4506e-08  2.8409e-08  0:13:30  618

 Reversed flow on 37 faces (1.3% area) of pressure-outlet 21.
  4383  2.8626e-06  1.1786e-08  1.4704e-08  2.7436e-08  0:13:27  617

 Reversed flow on 37 faces (1.3% area) of pressure-outlet 21.
  4384  2.8639e-06  1.1702e-08  1.4866e-08  2.7355e-08  0:13:25  616

 Reversed flow on 37 faces (1.3% area) of pressure-outlet 21.
  4385  2.9128e-06  1.1881e-08  1.4846e-08  2.7062e-08  0:13:23  615

 Reversed flow on 37 faces (1.3% area) of pressure-outlet 21.
  4386  3.0012e-06  1.2077e-08  1.4718e-08  2.7258e-08  0:13:21  614

 Reversed flow on 37 faces (1.3% area) of pressure-outlet 21.
  4387  3.0846e-06  1.2153e-08  1.4480e-08  2.7550e-08  0:13:19  613

 Reversed flow on 37 faces (1.3% area) of pressure-outlet 21.
  4388  3.1532e-06  1.2091e-08  1.4074e-08  2.7839e-08  0:13:17  612

 Reversed flow on 37 faces (1.3% area) of pressure-outlet 21.
  4389  3.1775e-06  1.1892e-08  1.3636e-08  2.7795e-08  0:13:15  611

 Reversed flow on 37 faces (1.3% area) of pressure-outlet 21.

  iter  continuity  x-velocity  y-velocity  z-velocity     time/iter
  4390  3.1975e-06  1.1658e-08  1.3561e-08  2.7337e-08  0:13:14  610

 Reversed flow on 37 faces (1.3% area) of pressure-outlet 21.
  4391  3.1804e-06  1.1207e-08  1.3757e-08  2.7391e-08  0:13:12  609

 Reversed flow on 37 faces (1.3% area) of pressure-outlet 21.
  4392  3.1216e-06  1.0885e-08  1.4061e-08  2.7104e-08  0:13:11  608

 Reversed flow on 37 faces (1.3% area) of pressure-outlet 21.
  4393  3.0236e-06  1.0628e-08  1.4361e-08  2.6584e-08  0:13:09  607

 Reversed flow on 37 faces (1.3% area) of pressure-outlet 21.
  4394  2.8777e-06  1.0482e-08  1.4601e-08  2.6556e-08  0:13:08  606

 Reversed flow on 37 faces (1.3% area) of pressure-outlet 21.
  4395  2.7253e-06  1.0511e-08  1.4566e-08  2.6968e-08  0:13:06  605

 Reversed flow on 37 faces (1.3% area) of pressure-outlet 21.
  4396  2.6723e-06  1.0596e-08  1.4231e-08  2.7638e-08  0:13:04  604

 Reversed flow on 37 faces (1.3% area) of pressure-outlet 21.
  4397  2.6927e-06  1.0637e-08  1.3842e-08  2.8114e-08  0:13:03  603

 Reversed flow on 37 faces (1.3% area) of pressure-outlet 21.
  4398  2.7406e-06  1.0671e-08  1.3408e-08  2.8049e-08  0:13:02  602

 Reversed flow on 37 faces (1.3% area) of pressure-outlet 21.
  4399  2.7879e-06  1.0643e-08  1.2751e-08  2.7761e-08  0:13:01  601

 Reversed flow on 37 faces (1.3% area) of pressure-outlet 21.
  4400  2.8497e-06  1.0636e-08  1.2150e-08  2.7404e-08  0:12:59  600

 Reversed flow on 37 faces (1.3% area) of pressure-outlet 21.

  iter  continuity  x-velocity  y-velocity  z-velocity     time/iter
  4401  2.9196e-06  1.0630e-08  1.2425e-08  2.6866e-08  0:12:58  599

 Reversed flow on 37 faces (1.3% area) of pressure-outlet 21.
  4402  2.9678e-06  1.0573e-08  1.3025e-08  2.6625e-08  0:12:56  598

 Reversed flow on 37 faces (1.3% area) of pressure-outlet 21.
  4403  3.0239e-06  1.0709e-08  1.3774e-08  2.6453e-08  0:12:55  597

 Reversed flow on 37 faces (1.3% area) of pressure-outlet 21.
  4404  3.1247e-06  1.0873e-08  1.4459e-08  2.6431e-08  0:12:54  596

 Reversed flow on 37 faces (1.3% area) of pressure-outlet 21.
  4405  3.2132e-06  1.1208e-08  1.5048e-08  2.6327e-08  0:12:53  595

 Reversed flow on 37 faces (1.3% area) of pressure-outlet 21.
  4406  3.2763e-06  1.1754e-08  1.5370e-08  2.7119e-08  0:12:52  594

 Reversed flow on 37 faces (1.3% area) of pressure-outlet 21.
  4407  3.3127e-06  1.2139e-08  1.5335e-08  2.7915e-08  0:12:50  593

 Reversed flow on 37 faces (1.3% area) of pressure-outlet 21.
  4408  3.3196e-06  1.2318e-08  1.4933e-08  2.8389e-08  0:12:49  592

 Reversed flow on 37 faces (1.3% area) of pressure-outlet 21.
  4409  3.2679e-06  1.2250e-08  1.4287e-08  2.8793e-08  0:12:48  591

 Reversed flow on 37 faces (1.3% area) of pressure-outlet 21.
  4410  3.1455e-06  1.2052e-08  1.3499e-08  2.9431e-08  0:12:47  590

 Reversed flow on 37 faces (1.3% area) of pressure-outlet 21.
  4411  3.0130e-06  1.1779e-08  1.3127e-08  2.9695e-08  0:12:45  589

 Reversed flow on 37 faces (1.3% area) of pressure-outlet 21.

  iter  continuity  x-velocity  y-velocity  z-velocity     time/iter
  4412  2.9003e-06  1.1454e-08  1.3079e-08  2.9530e-08  0:12:44  588

 Reversed flow on 37 faces (1.3% area) of pressure-outlet 21.
  4413  2.8504e-06  1.1180e-08  1.3214e-08  2.9248e-08  0:12:42  587

 Reversed flow on 37 faces (1.3% area) of pressure-outlet 21.
  4414  2.8623e-06  1.0948e-08  1.3516e-08  2.8895e-08  0:12:41  586

 Reversed flow on 37 faces (1.3% area) of pressure-outlet 21.
  4415  2.9068e-06  1.0905e-08  1.3807e-08  2.8150e-08  0:12:40  585

 Reversed flow on 37 faces (1.3% area) of pressure-outlet 21.
  4416  2.9797e-06  1.1128e-08  1.4075e-08  2.8042e-08  0:12:39  584

 Reversed flow on 37 faces (1.3% area) of pressure-outlet 21.
  4417  3.0868e-06  1.1383e-08  1.4289e-08  2.8551e-08  0:12:37  583

 Reversed flow on 37 faces (1.3% area) of pressure-outlet 21.
  4418  3.1819e-06  1.1542e-08  1.4329e-08  2.9120e-08  0:12:37  582

 Reversed flow on 37 faces (1.3% area) of pressure-outlet 21.
  4419  3.2839e-06  1.1615e-08  1.4152e-08  2.9312e-08  0:12:35  581

 Reversed flow on 37 faces (1.3% area) of pressure-outlet 21.
  4420  3.3611e-06  1.1667e-08  1.3790e-08  2.9252e-08  0:12:34  580

 Reversed flow on 37 faces (1.3% area) of pressure-outlet 21.
  4421  3.3961e-06  1.1476e-08  1.3467e-08  2.9769e-08  0:12:32  579

 Reversed flow on 37 faces (1.3% area) of pressure-outlet 21.
  4422  3.3616e-06  1.1276e-08  1.3838e-08  2.9683e-08  0:12:30  578

 Reversed flow on 37 faces (1.3% area) of pressure-outlet 21.

  iter  continuity  x-velocity  y-velocity  z-velocity     time/iter
  4423  3.2666e-06  1.1069e-08  1.4270e-08  2.9086e-08  0:12:29  577

 Reversed flow on 37 faces (1.3% area) of pressure-outlet 21.
  4424  3.1049e-06  1.0909e-08  1.4681e-08  2.8622e-08  0:12:28  576

 Reversed flow on 37 faces (1.3% area) of pressure-outlet 21.
  4425  2.9563e-06  1.0666e-08  1.4755e-08  2.8157e-08  0:12:27  575

 Reversed flow on 37 faces (1.3% area) of pressure-outlet 21.
  4426  2.8687e-06  1.0668e-08  1.4590e-08  2.8488e-08  0:12:25  574

 Reversed flow on 37 faces (1.3% area) of pressure-outlet 21.
  4427  2.8814e-06  1.0976e-08  1.4449e-08  2.8726e-08  0:12:24  573

 Reversed flow on 37 faces (1.3% area) of pressure-outlet 21.
  4428  2.8979e-06  1.1242e-08  1.4294e-08  2.8957e-08  0:12:22  572

 Reversed flow on 37 faces (1.3% area) of pressure-outlet 21.
  4429  2.9587e-06  1.1346e-08  1.3810e-08  2.8957e-08  0:12:21  571

 Reversed flow on 37 faces (1.3% area) of pressure-outlet 21.
  4430  3.0431e-06  1.1423e-08  1.3134e-08  2.8889e-08  0:12:20  570

 Reversed flow on 37 faces (1.3% area) of pressure-outlet 21.
  4431  3.1101e-06  1.1568e-08  1.2690e-08  2.8563e-08  0:12:19  569

 Reversed flow on 37 faces (1.3% area) of pressure-outlet 21.
  4432  3.0832e-06  1.1611e-08  1.2950e-08  2.7965e-08  0:12:18  568

 Reversed flow on 37 faces (1.3% area) of pressure-outlet 21.
  4433  3.0955e-06  1.1487e-08  1.3521e-08  2.7623e-08  0:12:17  567

 Reversed flow on 37 faces (1.3% area) of pressure-outlet 21.

  iter  continuity  x-velocity  y-velocity  z-velocity     time/iter
  4434  3.1491e-06  1.1358e-08  1.4069e-08  2.7773e-08  0:12:16  566

 Reversed flow on 37 faces (1.3% area) of pressure-outlet 21.
  4435  3.1786e-06  1.1300e-08  1.4646e-08  2.6832e-08  0:12:15  565

 Reversed flow on 37 faces (1.3% area) of pressure-outlet 21.
  4436  3.1758e-06  1.1304e-08  1.5070e-08  2.6766e-08  0:12:15  564

 Reversed flow on 37 faces (1.3% area) of pressure-outlet 21.
  4437  3.1414e-06  1.1469e-08  1.5221e-08  2.6960e-08  0:12:13  563

 Reversed flow on 37 faces (1.3% area) of pressure-outlet 21.
  4438  3.1099e-06  1.1582e-08  1.5050e-08  2.7278e-08  0:12:11  562

 Reversed flow on 37 faces (1.3% area) of pressure-outlet 21.
  4439  3.0258e-06  1.1516e-08  1.4606e-08  2.7408e-08  0:12:10  561

 Reversed flow on 37 faces (1.3% area) of pressure-outlet 21.
  4440  2.9241e-06  1.1379e-08  1.3826e-08  2.7884e-08  0:12:08  560

 Reversed flow on 37 faces (1.3% area) of pressure-outlet 21.
  4441  2.8141e-06  1.1185e-08  1.2924e-08  2.8005e-08  0:12:07  559

 Reversed flow on 37 faces (1.3% area) of pressure-outlet 21.
  4442  2.7201e-06  1.0974e-08  1.2304e-08  2.7791e-08  0:12:05  558

 Reversed flow on 37 faces (1.3% area) of pressure-outlet 21.
  4443  2.6647e-06  1.0712e-08  1.2472e-08  2.7293e-08  0:12:04  557

 Reversed flow on 37 faces (1.3% area) of pressure-outlet 21.
  4444  2.6726e-06  1.0474e-08  1.2887e-08  2.6693e-08  0:12:02  556

 Reversed flow on 37 faces (1.3% area) of pressure-outlet 21.

  iter  continuity  x-velocity  y-velocity  z-velocity     time/iter
  4445  2.7046e-06  1.0360e-08  1.3412e-08  2.5543e-08  0:12:01  555

 Reversed flow on 37 faces (1.3% area) of pressure-outlet 21.
  4446  2.7850e-06  1.0347e-08  1.3834e-08  2.5028e-08  0:12:00  554

 Reversed flow on 37 faces (1.3% area) of pressure-outlet 21.
  4447  2.8609e-06  1.0526e-08  1.4246e-08  2.5473e-08  0:11:58  553

 Reversed flow on 37 faces (1.3% area) of pressure-outlet 21.
  4448  2.9702e-06  1.0889e-08  1.4531e-08  2.6209e-08  0:11:57  552

 Reversed flow on 37 faces (1.3% area) of pressure-outlet 21.
  4449  3.0596e-06  1.1117e-08  1.4629e-08  2.7048e-08  0:11:56  551

 Reversed flow on 37 faces (1.3% area) of pressure-outlet 21.
  4450  3.1752e-06  1.1234e-08  1.4407e-08  2.7703e-08  0:11:54  550

 Reversed flow on 37 faces (1.3% area) of pressure-outlet 21.
  4451  3.2495e-06  1.1126e-08  1.3935e-08  2.8849e-08  0:11:52  549

 Reversed flow on 37 faces (1.3% area) of pressure-outlet 21.
  4452  3.2644e-06  1.1070e-08  1.3551e-08  2.9420e-08  0:11:51  548

 Reversed flow on 37 faces (1.3% area) of pressure-outlet 21.
  4453  3.2156e-06  1.0996e-08  1.3713e-08  2.9259e-08  0:11:50  547

 Reversed flow on 37 faces (1.3% area) of pressure-outlet 21.
  4454  3.1135e-06  1.0841e-08  1.4091e-08  2.9262e-08  0:11:49  546

 Reversed flow on 37 faces (1.3% area) of pressure-outlet 21.
  4455  3.0050e-06  1.0751e-08  1.4318e-08  2.9138e-08  0:11:47  545

 Reversed flow on 37 faces (1.3% area) of pressure-outlet 21.

  iter  continuity  x-velocity  y-velocity  z-velocity     time/iter
  4456  2.9463e-06  1.0837e-08  1.4504e-08  2.8875e-08  0:11:46  544

 Reversed flow on 37 faces (1.3% area) of pressure-outlet 21.
  4457  2.9646e-06  1.1207e-08  1.4842e-08  2.8367e-08  0:11:45  543

 Reversed flow on 37 faces (1.3% area) of pressure-outlet 21.
  4458  2.9726e-06  1.1799e-08  1.5170e-08  2.7991e-08  0:11:44  542

 Reversed flow on 37 faces (1.3% area) of pressure-outlet 21.
  4459  3.0204e-06  1.2204e-08  1.5067e-08  2.7890e-08  0:11:43  541

 Reversed flow on 37 faces (1.3% area) of pressure-outlet 21.
  4460  3.0894e-06  1.2469e-08  1.4577e-08  2.7870e-08  0:11:41  540

 Reversed flow on 37 faces (1.3% area) of pressure-outlet 21.
  4461  3.1660e-06  1.2593e-08  1.3966e-08  2.8159e-08  0:11:40  539

 Reversed flow on 37 faces (1.3% area) of pressure-outlet 21.
  4462  3.1865e-06  1.2518e-08  1.3420e-08  2.8687e-08  0:11:39  538

 Reversed flow on 37 faces (1.3% area) of pressure-outlet 21.
  4463  3.2099e-06  1.2334e-08  1.3290e-08  2.9312e-08  0:11:37  537

 Reversed flow on 37 faces (1.3% area) of pressure-outlet 21.
  4464  3.2538e-06  1.2055e-08  1.3734e-08  2.9676e-08  0:11:36  536

 Reversed flow on 37 faces (1.3% area) of pressure-outlet 21.
  4465  3.2836e-06  1.1913e-08  1.4283e-08  2.8920e-08  0:11:34  535

 Reversed flow on 37 faces (1.3% area) of pressure-outlet 21.
  4466  3.2647e-06  1.1753e-08  1.4792e-08  2.8505e-08  0:11:33  534

 Reversed flow on 37 faces (1.3% area) of pressure-outlet 21.

  iter  continuity  x-velocity  y-velocity  z-velocity     time/iter
  4467  3.2351e-06  1.1574e-08  1.4996e-08  2.8300e-08  0:11:31  533

 Reversed flow on 37 faces (1.3% area) of pressure-outlet 21.
  4468  3.1757e-06  1.1551e-08  1.5037e-08  2.8326e-08  0:11:31  532

 Reversed flow on 37 faces (1.3% area) of pressure-outlet 21.
  4469  3.1212e-06  1.1639e-08  1.4932e-08  2.8614e-08  0:11:29  531

 Reversed flow on 37 faces (1.3% area) of pressure-outlet 21.
  4470  3.0318e-06  1.1638e-08  1.4552e-08  2.9461e-08  0:11:28  530

 Reversed flow on 37 faces (1.3% area) of pressure-outlet 21.
  4471  2.9887e-06  1.1553e-08  1.3882e-08  2.9871e-08  0:11:26  529

 Reversed flow on 37 faces (1.3% area) of pressure-outlet 21.
  4472  2.9378e-06  1.1407e-08  1.3086e-08  2.9928e-08  0:11:25  528

 Reversed flow on 37 faces (1.3% area) of pressure-outlet 21.
  4473  2.9217e-06  1.1197e-08  1.2562e-08  2.9821e-08  0:11:23  527

 Reversed flow on 37 faces (1.3% area) of pressure-outlet 21.
  4474  2.9428e-06  1.0908e-08  1.2764e-08  2.9316e-08  0:11:22  526

 Reversed flow on 37 faces (1.3% area) of pressure-outlet 21.
  4475  2.9870e-06  1.0604e-08  1.3150e-08  2.8415e-08  0:11:21  525

 Reversed flow on 37 faces (1.3% area) of pressure-outlet 21.
  4476  3.0529e-06  1.0492e-08  1.3626e-08  2.7657e-08  0:11:20  524

 Reversed flow on 37 faces (1.3% area) of pressure-outlet 21.
  4477  3.1129e-06  1.0521e-08  1.4206e-08  2.7233e-08  0:11:19  523

 Reversed flow on 37 faces (1.3% area) of pressure-outlet 21.

  iter  continuity  x-velocity  y-velocity  z-velocity     time/iter
  4478  3.1748e-06  1.0822e-08  1.4772e-08  2.7201e-08  0:11:18  522

 Reversed flow on 37 faces (1.3% area) of pressure-outlet 21.
  4479  3.2355e-06  1.1262e-08  1.5197e-08  2.7653e-08  0:11:18  521

 Reversed flow on 37 faces (1.3% area) of pressure-outlet 21.
  4480  3.3254e-06  1.1610e-08  1.5278e-08  2.8429e-08  0:11:18  520

 Reversed flow on 37 faces (1.3% area) of pressure-outlet 21.
  4481  3.4033e-06  1.1726e-08  1.5002e-08  2.9668e-08  0:11:16  519

 Reversed flow on 37 faces (1.3% area) of pressure-outlet 21.
  4482  3.4369e-06  1.1880e-08  1.4516e-08  3.0416e-08  0:11:15  518

 Reversed flow on 37 faces (1.3% area) of pressure-outlet 21.
  4483  3.3729e-06  1.2035e-08  1.4007e-08  3.0347e-08  0:11:13  517

 Reversed flow on 37 faces (1.3% area) of pressure-outlet 21.
  4484  3.1968e-06  1.2027e-08  1.3936e-08  3.0017e-08  0:11:11  516

 Reversed flow on 37 faces (1.3% area) of pressure-outlet 21.
  4485  3.0291e-06  1.1739e-08  1.4054e-08  2.9432e-08  0:11:10  515

 Reversed flow on 37 faces (1.3% area) of pressure-outlet 21.
  4486  2.9109e-06  1.1523e-08  1.4081e-08  2.8932e-08  0:11:08  514

 Reversed flow on 37 faces (1.3% area) of pressure-outlet 21.
  4487  2.8473e-06  1.1329e-08  1.4267e-08  2.7605e-08  0:11:06  513

 Reversed flow on 37 faces (1.3% area) of pressure-outlet 21.
  4488  2.7919e-06  1.1163e-08  1.4401e-08  2.6662e-08  0:11:05  512

 Reversed flow on 37 faces (1.3% area) of pressure-outlet 21.

  iter  continuity  x-velocity  y-velocity  z-velocity     time/iter
  4489  2.7602e-06  1.1211e-08  1.4242e-08  2.5886e-08  0:11:04  511

 Reversed flow on 37 faces (1.3% area) of pressure-outlet 21.
  4490  2.7893e-06  1.1394e-08  1.3862e-08  2.5646e-08  0:11:02  510

 Reversed flow on 37 faces (1.3% area) of pressure-outlet 21.
  4491  2.8176e-06  1.1457e-08  1.3437e-08  2.5686e-08  0:11:01  509

 Reversed flow on 37 faces (1.3% area) of pressure-outlet 21.
  4492  2.8503e-06  1.1328e-08  1.2947e-08  2.6066e-08  0:11:00  508

 Reversed flow on 37 faces (1.3% area) of pressure-outlet 21.
  4493  2.8867e-06  1.1097e-08  1.2448e-08  2.6418e-08  0:11:33  507

 Reversed flow on 37 faces (1.3% area) of pressure-outlet 21.
  4494  2.9401e-06  1.0840e-08  1.2182e-08  2.6675e-08  0:11:25  506

 Reversed flow on 37 faces (1.3% area) of pressure-outlet 21.
  4495  2.9569e-06  1.0630e-08  1.2617e-08  2.5623e-08  0:11:18  505

 Reversed flow on 37 faces (1.3% area) of pressure-outlet 21.
  4496  2.9429e-06  1.0316e-08  1.3095e-08  2.5334e-08  0:11:12  504

 Reversed flow on 37 faces (1.3% area) of pressure-outlet 21.
  4497  2.9132e-06  1.0091e-08  1.3495e-08  2.5007e-08  0:11:07  503

 Reversed flow on 37 faces (1.3% area) of pressure-outlet 21.
  4498  2.8565e-06  9.9910e-09  1.3830e-08  2.4589e-08  0:11:04  502

 Reversed flow on 37 faces (1.3% area) of pressure-outlet 21.
  4499  2.7717e-06  1.0094e-08  1.4096e-08  2.4618e-08  0:11:00  501

 Reversed flow on 37 faces (1.3% area) of pressure-outlet 21.

  iter  continuity  x-velocity  y-velocity  z-velocity     time/iter
  4500  2.6925e-06  1.0273e-08  1.4087e-08  2.5564e-08  0:10:56  500

 Reversed flow on 37 faces (1.3% area) of pressure-outlet 21.
  4501  2.6467e-06  1.0385e-08  1.3778e-08  2.6549e-08  0:10:54  499

 Reversed flow on 37 faces (1.3% area) of pressure-outlet 21.
  4502  2.6454e-06  1.0467e-08  1.3251e-08  2.7345e-08  0:10:51  498

 Reversed flow on 37 faces (1.3% area) of pressure-outlet 21.
  4503  2.6930e-06  1.0518e-08  1.2682e-08  2.7975e-08  0:10:49  497

 Reversed flow on 37 faces (1.3% area) of pressure-outlet 21.
  4504  2.7870e-06  1.0502e-08  1.2258e-08  2.8358e-08  0:10:47  496

 Reversed flow on 37 faces (1.3% area) of pressure-outlet 21.
  4505  2.9058e-06  1.0485e-08  1.2448e-08  2.8251e-08  0:10:45  495

 Reversed flow on 37 faces (1.3% area) of pressure-outlet 21.
  4506  3.0318e-06  1.0540e-08  1.3125e-08  2.7773e-08  0:10:43  494

 Reversed flow on 37 faces (1.3% area) of pressure-outlet 21.
  4507  3.1424e-06  1.0802e-08  1.3980e-08  2.7608e-08  0:10:42  493

 Reversed flow on 37 faces (1.3% area) of pressure-outlet 21.
  4508  3.2318e-06  1.1089e-08  1.4836e-08  2.7181e-08  0:10:40  492

 Reversed flow on 37 faces (1.3% area) of pressure-outlet 21.
  4509  3.3127e-06  1.1404e-08  1.5510e-08  2.7365e-08  0:10:39  491

 Reversed flow on 37 faces (1.3% area) of pressure-outlet 21.
  4510  3.3874e-06  1.1996e-08  1.5892e-08  2.7593e-08  0:10:37  490

 Reversed flow on 37 faces (1.3% area) of pressure-outlet 21.

  iter  continuity  x-velocity  y-velocity  z-velocity     time/iter
  4511  3.4530e-06  1.2422e-08  1.5915e-08  2.8822e-08  0:10:36  489

 Reversed flow on 37 faces (1.3% area) of pressure-outlet 21.
  4512  3.4545e-06  1.2700e-08  1.5618e-08  2.9684e-08  0:10:35  488

 Reversed flow on 37 faces (1.3% area) of pressure-outlet 21.
  4513  3.3959e-06  1.2727e-08  1.5005e-08  3.0240e-08  0:10:33  487

 Reversed flow on 37 faces (1.3% area) of pressure-outlet 21.
  4514  3.2520e-06  1.2524e-08  1.4208e-08  3.0830e-08  0:10:31  486

 Reversed flow on 37 faces (1.3% area) of pressure-outlet 21.
  4515  3.0830e-06  1.2160e-08  1.3516e-08  3.1078e-08  0:10:30  485

 Reversed flow on 37 faces (1.3% area) of pressure-outlet 21.
  4516  2.9683e-06  1.1798e-08  1.3345e-08  3.0825e-08  0:10:28  484

 Reversed flow on 37 faces (1.3% area) of pressure-outlet 21.
  4517  2.9265e-06  1.1505e-08  1.3472e-08  3.0048e-08  0:10:27  483

 Reversed flow on 37 faces (1.3% area) of pressure-outlet 21.
  4518  2.8904e-06  1.1315e-08  1.3799e-08  2.9100e-08  0:10:26  482

 Reversed flow on 37 faces (1.3% area) of pressure-outlet 21.
  4519  2.8775e-06  1.1218e-08  1.3998e-08  2.7877e-08  0:10:25  481

 Reversed flow on 37 faces (1.3% area) of pressure-outlet 21.
  4520  2.9086e-06  1.1396e-08  1.4115e-08  2.7382e-08  0:10:23  480

 Reversed flow on 37 faces (1.3% area) of pressure-outlet 21.
  4521  2.9791e-06  1.1635e-08  1.4240e-08  2.7669e-08  0:10:22  479

 Reversed flow on 37 faces (1.3% area) of pressure-outlet 21.

  iter  continuity  x-velocity  y-velocity  z-velocity     time/iter
  4522  3.0500e-06  1.1703e-08  1.4288e-08  2.8570e-08  0:10:22  478

 Reversed flow on 37 faces (1.3% area) of pressure-outlet 21.
  4523  3.1728e-06  1.1705e-08  1.4136e-08  2.9468e-08  0:10:21  477

 Reversed flow on 37 faces (1.3% area) of pressure-outlet 21.
  4524  3.3012e-06  1.1693e-08  1.3827e-08  3.0312e-08  0:10:19  476

 Reversed flow on 37 faces (1.3% area) of pressure-outlet 21.
  4525  3.3776e-06  1.1646e-08  1.3633e-08  3.0018e-08  0:10:18  475

 Reversed flow on 37 faces (1.3% area) of pressure-outlet 21.
  4526  3.3995e-06  1.1442e-08  1.3947e-08  3.0222e-08  0:10:16  474

 Reversed flow on 37 faces (1.3% area) of pressure-outlet 21.
  4527  3.3754e-06  1.1206e-08  1.4435e-08  2.9726e-08  0:10:15  473

 Reversed flow on 37 faces (1.3% area) of pressure-outlet 21.
  4528  3.3029e-06  1.1111e-08  1.4901e-08  2.8884e-08  0:10:15  472

 Reversed flow on 37 faces (1.3% area) of pressure-outlet 21.
  4529  3.1986e-06  1.0996e-08  1.5252e-08  2.7940e-08  0:10:13  471

 Reversed flow on 37 faces (1.3% area) of pressure-outlet 21.
  4530  3.0809e-06  1.0969e-08  1.5329e-08  2.8373e-08  0:10:12  470

 Reversed flow on 37 faces (1.3% area) of pressure-outlet 21.
  4531  2.9956e-06  1.1325e-08  1.5189e-08  2.8688e-08  0:10:11  469

 Reversed flow on 37 faces (1.3% area) of pressure-outlet 21.
  4532  2.9619e-06  1.1691e-08  1.4882e-08  2.9439e-08  0:10:09  468

 Reversed flow on 37 faces (1.3% area) of pressure-outlet 21.

  iter  continuity  x-velocity  y-velocity  z-velocity     time/iter
  4533  2.9867e-06  1.1924e-08  1.4506e-08  3.0072e-08  0:10:08  467

 Reversed flow on 37 faces (1.3% area) of pressure-outlet 21.
  4534  3.0858e-06  1.2010e-08  1.4025e-08  3.0395e-08  0:10:06  466

 Reversed flow on 37 faces (1.3% area) of pressure-outlet 21.
  4535  3.1627e-06  1.2102e-08  1.3532e-08  2.9976e-08  0:10:04  465

 Reversed flow on 37 faces (1.3% area) of pressure-outlet 21.
  4536  3.1918e-06  1.2205e-08  1.3487e-08  2.8945e-08  0:10:03  464

 Reversed flow on 37 faces (1.3% area) of pressure-outlet 21.
  4537  3.2341e-06  1.2157e-08  1.3974e-08  2.8284e-08  0:10:01  463

 Reversed flow on 37 faces (1.3% area) of pressure-outlet 21.
  4538  3.2565e-06  1.2006e-08  1.4472e-08  2.7802e-08  0:10:00  462

 Reversed flow on 37 faces (1.3% area) of pressure-outlet 21.
  4539  3.2620e-06  1.1855e-08  1.4978e-08  2.7285e-08  0:09:58  461

 Reversed flow on 37 faces (1.3% area) of pressure-outlet 21.
  4540  3.2643e-06  1.1785e-08  1.5327e-08  2.6625e-08  0:09:57  460

 Reversed flow on 37 faces (1.3% area) of pressure-outlet 21.
  4541  3.2482e-06  1.1837e-08  1.5470e-08  2.7069e-08  0:09:56  459

 Reversed flow on 37 faces (1.3% area) of pressure-outlet 21.
  4542  3.2066e-06  1.1965e-08  1.5398e-08  2.7622e-08  0:10:08  458

 Reversed flow on 37 faces (1.3% area) of pressure-outlet 21.
  4543  3.1064e-06  1.1927e-08  1.5037e-08  2.8008e-08  0:10:04  457

 Reversed flow on 37 faces (1.3% area) of pressure-outlet 21.

  iter  continuity  x-velocity  y-velocity  z-velocity     time/iter
  4544  2.9932e-06  1.1710e-08  1.4341e-08  2.8606e-08  0:10:00  456

 Reversed flow on 37 faces (1.3% area) of pressure-outlet 21.
  4545  2.8543e-06  1.1332e-08  1.3324e-08  2.8794e-08  0:09:57  455

 Reversed flow on 37 faces (1.3% area) of pressure-outlet 21.
  4546  2.7554e-06  1.0988e-08  1.2342e-08  2.8657e-08  0:09:55  454

 Reversed flow on 37 faces (1.3% area) of pressure-outlet 21.
  4547  2.7037e-06  1.0641e-08  1.2238e-08  2.7852e-08  0:09:52  453

 Reversed flow on 37 faces (1.3% area) of pressure-outlet 21.
  4548  2.6420e-06  1.0316e-08  1.2572e-08  2.6439e-08  0:09:50  452

 Reversed flow on 37 faces (1.3% area) of pressure-outlet 21.
  4549  2.5969e-06  1.0109e-08  1.2835e-08  2.4920e-08  0:09:48  451

 Reversed flow on 37 faces (1.3% area) of pressure-outlet 21.
  4550  2.6018e-06  1.0000e-08  1.2978e-08  2.3689e-08  0:09:47  450

 Reversed flow on 37 faces (1.3% area) of pressure-outlet 21.
  4551  2.6285e-06  9.9594e-09  1.3150e-08  2.3741e-08  0:09:45  449

 Reversed flow on 37 faces (1.3% area) of pressure-outlet 21.
  4552  2.6745e-06  1.0170e-08  1.3336e-08  2.4218e-08  0:09:43  448

 Reversed flow on 37 faces (1.3% area) of pressure-outlet 21.
  4553  2.7731e-06  1.0367e-08  1.3431e-08  2.5448e-08  0:09:42  447

 Reversed flow on 37 faces (1.3% area) of pressure-outlet 21.
  4554  2.9082e-06  1.0514e-08  1.3350e-08  2.6690e-08  0:09:40  446

 Reversed flow on 37 faces (1.3% area) of pressure-outlet 21.

  iter  continuity  x-velocity  y-velocity  z-velocity     time/iter
  4555  3.0189e-06  1.0619e-08  1.3145e-08  2.6736e-08  0:09:39  445

 Reversed flow on 37 faces (1.3% area) of pressure-outlet 21.
  4556  3.0856e-06  1.0589e-08  1.2821e-08  2.7484e-08  0:09:37  444

 Reversed flow on 37 faces (1.3% area) of pressure-outlet 21.
  4557  3.1178e-06  1.0537e-08  1.2846e-08  2.7593e-08  0:09:36  443

 Reversed flow on 37 faces (1.3% area) of pressure-outlet 21.
  4558  3.1108e-06  1.0470e-08  1.3279e-08  2.7229e-08  0:09:35  442

 Reversed flow on 37 faces (1.3% area) of pressure-outlet 21.
  4559  3.0637e-06  1.0434e-08  1.3768e-08  2.6966e-08  0:09:33  441

 Reversed flow on 37 faces (1.3% area) of pressure-outlet 21.
  4560  2.9873e-06  1.0480e-08  1.4196e-08  2.7275e-08  0:09:32  440

 Reversed flow on 37 faces (1.3% area) of pressure-outlet 21.
  4561  2.9273e-06  1.0746e-08  1.4526e-08  2.7165e-08  0:09:30  439

 Reversed flow on 37 faces (1.3% area) of pressure-outlet 21.
  4562  2.8896e-06  1.1298e-08  1.4727e-08  2.7494e-08  0:09:29  438

 Reversed flow on 37 faces (1.3% area) of pressure-outlet 21.
  4563  2.9213e-06  1.1779e-08  1.4783e-08  2.8177e-08  0:09:27  437

 Reversed flow on 37 faces (1.3% area) of pressure-outlet 21.
  4564  2.9996e-06  1.2014e-08  1.4601e-08  2.8783e-08  0:09:26  436

 Reversed flow on 37 faces (1.3% area) of pressure-outlet 21.
  4565  3.1201e-06  1.2110e-08  1.4132e-08  2.9273e-08  0:09:25  435

 Reversed flow on 37 faces (1.3% area) of pressure-outlet 21.

  iter  continuity  x-velocity  y-velocity  z-velocity     time/iter
  4566  3.2105e-06  1.2166e-08  1.3595e-08  2.9411e-08  0:09:23  434

 Reversed flow on 37 faces (1.3% area) of pressure-outlet 21.
  4567  3.2705e-06  1.2129e-08  1.3259e-08  2.9848e-08  0:09:22  433

 Reversed flow on 37 faces (1.3% area) of pressure-outlet 21.
  4568  3.3025e-06  1.1984e-08  1.3636e-08  2.9854e-08  0:09:21  432

 Reversed flow on 37 faces (1.3% area) of pressure-outlet 21.
  4569  3.3185e-06  1.1842e-08  1.4197e-08  2.9387e-08  0:09:20  431

 Reversed flow on 37 faces (1.3% area) of pressure-outlet 21.
  4570  3.3195e-06  1.1771e-08  1.4705e-08  2.8717e-08  0:09:18  430

 Reversed flow on 37 faces (1.3% area) of pressure-outlet 21.
  4571  3.3056e-06  1.1589e-08  1.4991e-08  2.8436e-08  0:09:17  429

 Reversed flow on 37 faces (1.3% area) of pressure-outlet 21.
  4572  3.2587e-06  1.1513e-08  1.5120e-08  2.8813e-08  0:09:16  428

 Reversed flow on 37 faces (1.3% area) of pressure-outlet 21.
  4573  3.1785e-06  1.1669e-08  1.5102e-08  2.8972e-08  0:09:14  427

 Reversed flow on 37 faces (1.3% area) of pressure-outlet 21.
  4574  3.0799e-06  1.1698e-08  1.4819e-08  2.9883e-08  0:09:14  426

 Reversed flow on 37 faces (1.3% area) of pressure-outlet 21.
  4575  2.9909e-06  1.1531e-08  1.4172e-08  3.0363e-08  0:09:12  425

 Reversed flow on 37 faces (1.3% area) of pressure-outlet 21.
  4576  2.9532e-06  1.1342e-08  1.3299e-08  3.0538e-08  0:09:12  424

 Reversed flow on 37 faces (1.3% area) of pressure-outlet 21.

  iter  continuity  x-velocity  y-velocity  z-velocity     time/iter
  4577  2.9515e-06  1.1142e-08  1.2626e-08  3.0281e-08  0:09:10  423

 Reversed flow on 37 faces (1.3% area) of pressure-outlet 21.
  4578  2.9292e-06  1.0907e-08  1.2625e-08  2.9446e-08  0:09:09  422

 Reversed flow on 37 faces (1.3% area) of pressure-outlet 21.
  4579  2.9176e-06  1.0618e-08  1.2852e-08  2.8281e-08  0:09:07  421

 Reversed flow on 37 faces (1.3% area) of pressure-outlet 21.
  4580  2.9409e-06  1.0488e-08  1.3112e-08  2.7350e-08  0:09:05  420

 Reversed flow on 37 faces (1.3% area) of pressure-outlet 21.
  4581  2.9838e-06  1.0418e-08  1.3559e-08  2.6898e-08  0:09:04  419

 Reversed flow on 37 faces (1.3% area) of pressure-outlet 21.
  4582  3.0237e-06  1.0518e-08  1.4115e-08  2.6893e-08  0:09:03  418

 Reversed flow on 37 faces (1.3% area) of pressure-outlet 21.
  4583  3.0979e-06  1.0871e-08  1.4619e-08  2.7856e-08  0:09:02  417

 Reversed flow on 37 faces (1.3% area) of pressure-outlet 21.
  4584  3.2313e-06  1.1246e-08  1.4919e-08  2.9305e-08  0:09:00  416

 Reversed flow on 37 faces (1.3% area) of pressure-outlet 21.
  4585  3.3305e-06  1.1559e-08  1.5013e-08  2.9641e-08  0:08:59  415

 Reversed flow on 37 faces (1.3% area) of pressure-outlet 21.
  4586  3.4273e-06  1.1750e-08  1.4764e-08  3.0615e-08  0:08:57  414

 Reversed flow on 37 faces (1.3% area) of pressure-outlet 21.
  4587  3.4392e-06  1.1964e-08  1.4302e-08  3.0666e-08  0:08:56  413

 Reversed flow on 37 faces (1.3% area) of pressure-outlet 21.

  iter  continuity  x-velocity  y-velocity  z-velocity     time/iter
  4588  3.3523e-06  1.2102e-08  1.3996e-08  2.9942e-08  0:08:55  412

 Reversed flow on 37 faces (1.3% area) of pressure-outlet 21.
  4589  3.2370e-06  1.2005e-08  1.4266e-08  2.9247e-08  0:08:54  411

 Reversed flow on 37 faces (1.3% area) of pressure-outlet 21.
  4590  3.0873e-06  1.1824e-08  1.4491e-08  2.8946e-08  0:08:52  410

 Reversed flow on 37 faces (1.3% area) of pressure-outlet 21.
  4591  2.9390e-06  1.1720e-08  1.4685e-08  2.8065e-08  0:08:51  409

 Reversed flow on 37 faces (1.3% area) of pressure-outlet 21.
  4592  2.8366e-06  1.1604e-08  1.4726e-08  2.7256e-08  0:08:50  408

 Reversed flow on 37 faces (1.3% area) of pressure-outlet 21.
  4593  2.7926e-06  1.1615e-08  1.4757e-08  2.7243e-08  0:08:49  407

 Reversed flow on 37 faces (1.3% area) of pressure-outlet 21.
  4594  2.8312e-06  1.1792e-08  1.4693e-08  2.7174e-08  0:08:47  406

 Reversed flow on 37 faces (1.3% area) of pressure-outlet 21.
  4595  2.9004e-06  1.1890e-08  1.4454e-08  2.7365e-08  0:08:46  405

 Reversed flow on 37 faces (1.3% area) of pressure-outlet 21.
  4596  2.9985e-06  1.1914e-08  1.4082e-08  2.7407e-08  0:08:44  404

 Reversed flow on 37 faces (1.3% area) of pressure-outlet 21.
  4597  3.0804e-06  1.1793e-08  1.3646e-08  2.7625e-08  0:08:43  403

 Reversed flow on 37 faces (1.3% area) of pressure-outlet 21.
  4598  3.1244e-06  1.1622e-08  1.3266e-08  2.7673e-08  0:08:42  402

 Reversed flow on 37 faces (1.3% area) of pressure-outlet 21.

  iter  continuity  x-velocity  y-velocity  z-velocity     time/iter
  4599  3.1398e-06  1.1392e-08  1.3424e-08  2.7275e-08  0:08:41  401

 Reversed flow on 37 faces (1.3% area) of pressure-outlet 21.
  4600  3.1451e-06  1.1068e-08  1.3809e-08  2.6729e-08  0:08:40  400

 Reversed flow on 37 faces (1.3% area) of pressure-outlet 21.
  4601  3.1258e-06  1.0741e-08  1.4145e-08  2.6756e-08  0:08:38  399

 Reversed flow on 37 faces (1.3% area) of pressure-outlet 21.
  4602  3.0702e-06  1.0567e-08  1.4498e-08  2.6754e-08  0:08:37  398

 Reversed flow on 37 faces (1.3% area) of pressure-outlet 21.
  4603  2.9700e-06  1.0556e-08  1.4809e-08  2.6512e-08  0:08:36  397

 Reversed flow on 37 faces (1.3% area) of pressure-outlet 21.
  4604  2.8577e-06  1.0668e-08  1.4898e-08  2.7273e-08  0:08:34  396

 Reversed flow on 37 faces (1.3% area) of pressure-outlet 21.
  4605  2.7773e-06  1.0690e-08  1.4606e-08  2.8168e-08  0:08:33  395

 Reversed flow on 37 faces (1.3% area) of pressure-outlet 21.
  4606  2.7548e-06  1.0731e-08  1.4025e-08  2.8833e-08  0:08:31  394

 Reversed flow on 37 faces (1.3% area) of pressure-outlet 21.
  4607  2.8092e-06  1.0779e-08  1.3433e-08  2.8967e-08  0:08:31  393

 Reversed flow on 37 faces (1.3% area) of pressure-outlet 21.
  4608  2.8362e-06  1.0808e-08  1.2891e-08  2.8648e-08  0:08:29  392

 Reversed flow on 37 faces (1.3% area) of pressure-outlet 21.
  4609  2.8815e-06  1.0785e-08  1.2486e-08  2.7986e-08  0:08:28  391

 Reversed flow on 37 faces (1.3% area) of pressure-outlet 21.

  iter  continuity  x-velocity  y-velocity  z-velocity     time/iter
  4610  2.9415e-06  1.0797e-08  1.2728e-08  2.7214e-08  0:08:26  390

 Reversed flow on 37 faces (1.3% area) of pressure-outlet 21.
  4611  3.0000e-06  1.0855e-08  1.3232e-08  2.6713e-08  0:08:25  389

 Reversed flow on 37 faces (1.3% area) of pressure-outlet 21.
  4612  3.0256e-06  1.0968e-08  1.3964e-08  2.6283e-08  0:08:24  388

 Reversed flow on 37 faces (1.3% area) of pressure-outlet 21.
  4613  3.1040e-06  1.1126e-08  1.4570e-08  2.6364e-08  0:08:22  387

 Reversed flow on 37 faces (1.3% area) of pressure-outlet 21.
  4614  3.2032e-06  1.1496e-08  1.5054e-08  2.7154e-08  0:08:21  386

 Reversed flow on 37 faces (1.3% area) of pressure-outlet 21.
  4615  3.2870e-06  1.2060e-08  1.5353e-08  2.7056e-08  0:08:19  385

 Reversed flow on 37 faces (1.3% area) of pressure-outlet 21.
  4616  3.3304e-06  1.2359e-08  1.5271e-08  2.8096e-08  0:08:18  384

 Reversed flow on 37 faces (1.3% area) of pressure-outlet 21.
  4617  3.3517e-06  1.2444e-08  1.4787e-08  2.8886e-08  0:08:17  383

 Reversed flow on 37 faces (1.3% area) of pressure-outlet 21.
  4618  3.3117e-06  1.2326e-08  1.4115e-08  2.9154e-08  0:08:18  382

 Reversed flow on 37 faces (1.3% area) of pressure-outlet 21.
  4619  3.2056e-06  1.2057e-08  1.3456e-08  2.9527e-08  0:08:16  381

 Reversed flow on 37 faces (1.3% area) of pressure-outlet 21.
  4620  3.0647e-06  1.1711e-08  1.3259e-08  2.9806e-08  0:08:15  380

 Reversed flow on 37 faces (1.3% area) of pressure-outlet 21.

  iter  continuity  x-velocity  y-velocity  z-velocity     time/iter
  4621  2.9427e-06  1.1330e-08  1.3268e-08  2.9551e-08  0:08:14  379

 Reversed flow on 37 faces (1.3% area) of pressure-outlet 21.
  4622  2.8476e-06  1.1067e-08  1.3311e-08  2.9221e-08  0:08:12  378

 Reversed flow on 37 faces (1.3% area) of pressure-outlet 21.
  4623  2.8018e-06  1.0877e-08  1.3534e-08  2.8776e-08  0:08:11  377

 Reversed flow on 37 faces (1.3% area) of pressure-outlet 21.
  4624  2.8332e-06  1.0821e-08  1.3799e-08  2.8282e-08  0:08:10  376

 Reversed flow on 37 faces (1.3% area) of pressure-outlet 21.
  4625  2.9108e-06  1.1002e-08  1.3995e-08  2.8287e-08  0:08:08  375

 Reversed flow on 37 faces (1.3% area) of pressure-outlet 21.
  4626  3.0358e-06  1.1208e-08  1.4100e-08  2.8578e-08  0:08:07  374

 Reversed flow on 37 faces (1.3% area) of pressure-outlet 21.
  4627  3.1591e-06  1.1356e-08  1.4057e-08  2.9015e-08  0:08:05  373

 Reversed flow on 37 faces (1.3% area) of pressure-outlet 21.
  4628  3.2654e-06  1.1452e-08  1.3818e-08  2.9235e-08  0:08:04  372

 Reversed flow on 37 faces (1.3% area) of pressure-outlet 21.
  4629  3.3287e-06  1.1489e-08  1.3534e-08  2.9262e-08  0:08:02  371

 Reversed flow on 37 faces (1.3% area) of pressure-outlet 21.
  4630  3.3743e-06  1.1384e-08  1.3510e-08  2.9168e-08  0:08:01  370

 Reversed flow on 37 faces (1.3% area) of pressure-outlet 21.
  4631  3.3643e-06  1.1144e-08  1.3936e-08  2.9210e-08  0:07:59  369

 Reversed flow on 37 faces (1.3% area) of pressure-outlet 21.

  iter  continuity  x-velocity  y-velocity  z-velocity     time/iter
  4632  3.3080e-06  1.1031e-08  1.4409e-08  2.8953e-08  0:07:58  368

 Reversed flow on 37 faces (1.3% area) of pressure-outlet 21.
  4633  3.1826e-06  1.0947e-08  1.4897e-08  2.8059e-08  0:07:57  367

 Reversed flow on 37 faces (1.3% area) of pressure-outlet 21.
  4634  3.0584e-06  1.0815e-08  1.5066e-08  2.8233e-08  0:07:55  366

 Reversed flow on 37 faces (1.3% area) of pressure-outlet 21.
  4635  2.9316e-06  1.0860e-08  1.4949e-08  2.8702e-08  0:07:54  365

 Reversed flow on 37 faces (1.3% area) of pressure-outlet 21.
  4636  2.9084e-06  1.1147e-08  1.4604e-08  2.9342e-08  0:07:53  364

 Reversed flow on 37 faces (1.3% area) of pressure-outlet 21.
  4637  2.9359e-06  1.1378e-08  1.4271e-08  2.9719e-08  0:07:51  363

 Reversed flow on 37 faces (1.3% area) of pressure-outlet 21.
  4638  2.9880e-06  1.1527e-08  1.3855e-08  2.9651e-08  0:07:50  362

 Reversed flow on 37 faces (1.3% area) of pressure-outlet 21.
  4639  3.0136e-06  1.1644e-08  1.3205e-08  2.8909e-08  0:07:49  361

 Reversed flow on 37 faces (1.3% area) of pressure-outlet 21.
  4640  3.0126e-06  1.1746e-08  1.2695e-08  2.7926e-08  0:07:48  360

 Reversed flow on 37 faces (1.3% area) of pressure-outlet 21.
  4641  3.0239e-06  1.1641e-08  1.2887e-08  2.7247e-08  0:07:46  359

 Reversed flow on 37 faces (1.3% area) of pressure-outlet 21.
  4642  3.0166e-06  1.1362e-08  1.3351e-08  2.6959e-08  0:07:45  358

 Reversed flow on 37 faces (1.3% area) of pressure-outlet 21.

  iter  continuity  x-velocity  y-velocity  z-velocity     time/iter
  4643  3.0377e-06  1.1132e-08  1.3832e-08  2.6969e-08  0:07:43  357

 Reversed flow on 37 faces (1.3% area) of pressure-outlet 21.
  4644  3.0847e-06  1.0999e-08  1.4342e-08  2.6969e-08  0:07:43  356

 Reversed flow on 37 faces (1.3% area) of pressure-outlet 21.
  4645  3.1058e-06  1.1160e-08  1.4830e-08  2.6145e-08  0:07:41  355

 Reversed flow on 37 faces (1.3% area) of pressure-outlet 21.
  4646  3.1038e-06  1.1346e-08  1.5009e-08  2.6639e-08  0:07:40  354

 Reversed flow on 37 faces (1.3% area) of pressure-outlet 21.
  4647  3.0892e-06  1.1434e-08  1.4804e-08  2.7112e-08  0:07:39  353

 Reversed flow on 37 faces (1.3% area) of pressure-outlet 21.
  4648  3.0526e-06  1.1400e-08  1.4323e-08  2.7213e-08  0:07:38  352

 Reversed flow on 37 faces (1.3% area) of pressure-outlet 21.
  4649  2.9736e-06  1.1215e-08  1.3584e-08  2.7338e-08  0:08:00  351

 Reversed flow on 37 faces (1.3% area) of pressure-outlet 21.
  4650  2.8468e-06  1.1003e-08  1.2752e-08  2.7585e-08  0:07:54  350

 Reversed flow on 37 faces (1.3% area) of pressure-outlet 21.
  4651  2.7355e-06  1.0761e-08  1.2393e-08  2.7395e-08  0:07:49  349

 Reversed flow on 37 faces (1.3% area) of pressure-outlet 21.
  4652  2.6402e-06  1.0510e-08  1.2531e-08  2.6836e-08  0:07:44  348

 Reversed flow on 37 faces (1.3% area) of pressure-outlet 21.
  4653  2.5953e-06  1.0369e-08  1.2931e-08  2.6309e-08  0:07:40  347

 Reversed flow on 37 faces (1.3% area) of pressure-outlet 21.

  iter  continuity  x-velocity  y-velocity  z-velocity     time/iter
  4654  2.6149e-06  1.0247e-08  1.3400e-08  2.5474e-08  0:07:37  346

 Reversed flow on 37 faces (1.3% area) of pressure-outlet 21.
  4655  2.6933e-06  1.0175e-08  1.3726e-08  2.5383e-08  0:07:34  345

 Reversed flow on 37 faces (1.3% area) of pressure-outlet 21.
  4656  2.8042e-06  1.0414e-08  1.4043e-08  2.5518e-08  0:07:32  344

 Reversed flow on 37 faces (1.3% area) of pressure-outlet 21.
  4657  2.9450e-06  1.0779e-08  1.4299e-08  2.6460e-08  0:07:29  343

 Reversed flow on 37 faces (1.3% area) of pressure-outlet 21.
  4658  3.0561e-06  1.1038e-08  1.4366e-08  2.7419e-08  0:07:27  342

 Reversed flow on 37 faces (1.3% area) of pressure-outlet 21.
  4659  3.1747e-06  1.1201e-08  1.4210e-08  2.8054e-08  0:07:25  341

 Reversed flow on 37 faces (1.3% area) of pressure-outlet 21.
  4660  3.2759e-06  1.1233e-08  1.3839e-08  2.8655e-08  0:07:23  340

 Reversed flow on 37 faces (1.3% area) of pressure-outlet 21.
  4661  3.3332e-06  1.1179e-08  1.3603e-08  2.9359e-08  0:07:21  339

 Reversed flow on 37 faces (1.3% area) of pressure-outlet 21.
  4662  3.3269e-06  1.1196e-08  1.3992e-08  2.9420e-08  0:07:20  338

 Reversed flow on 37 faces (1.3% area) of pressure-outlet 21.
  4663  3.2574e-06  1.1177e-08  1.4486e-08  2.9126e-08  0:07:18  337

 Reversed flow on 37 faces (1.3% area) of pressure-outlet 21.
  4664  3.1534e-06  1.1161e-08  1.4888e-08  2.9313e-08  0:07:17  336

 Reversed flow on 37 faces (1.3% area) of pressure-outlet 21.

  iter  continuity  x-velocity  y-velocity  z-velocity     time/iter
  4665  3.0439e-06  1.1226e-08  1.5137e-08  2.9047e-08  0:07:15  335

 Reversed flow on 37 faces (1.3% area) of pressure-outlet 21.
  4666  3.0053e-06  1.1660e-08  1.5261e-08  2.8874e-08  0:07:15  334

 Reversed flow on 37 faces (1.3% area) of pressure-outlet 21.
  4667  3.0198e-06  1.2150e-08  1.5337e-08  2.8758e-08  0:07:13  333

 Reversed flow on 37 faces (1.3% area) of pressure-outlet 21.
  4668  3.0304e-06  1.2456e-08  1.5193e-08  2.8700e-08  0:07:12  332

 Reversed flow on 37 faces (1.3% area) of pressure-outlet 21.
  4669  3.0688e-06  1.2571e-08  1.4562e-08  2.8682e-08  0:07:10  331

 Reversed flow on 37 faces (1.3% area) of pressure-outlet 21.
  4670  3.1195e-06  1.2607e-08  1.3753e-08  2.8613e-08  0:07:09  330

 Reversed flow on 37 faces (1.3% area) of pressure-outlet 21.
  4671  3.1419e-06  1.2489e-08  1.3086e-08  2.8921e-08  0:07:08  329

 Reversed flow on 37 faces (1.3% area) of pressure-outlet 21.
  4672  3.1501e-06  1.2214e-08  1.3150e-08  2.9229e-08  0:07:06  328

 Reversed flow on 37 faces (1.3% area) of pressure-outlet 21.
  4673  3.1786e-06  1.1905e-08  1.3605e-08  2.9318e-08  0:07:05  327

 Reversed flow on 37 faces (1.3% area) of pressure-outlet 21.
  4674  3.2219e-06  1.1736e-08  1.4164e-08  2.9320e-08  0:07:04  326

 Reversed flow on 37 faces (1.3% area) of pressure-outlet 21.
  4675  3.2262e-06  1.1629e-08  1.4732e-08  2.7998e-08  0:07:02  325

 Reversed flow on 37 faces (1.3% area) of pressure-outlet 21.

  iter  continuity  x-velocity  y-velocity  z-velocity     time/iter
  4676  3.2267e-06  1.1436e-08  1.5033e-08  2.8324e-08  0:07:01  324

 Reversed flow on 37 faces (1.3% area) of pressure-outlet 21.
  4677  3.2140e-06  1.1546e-08  1.5125e-08  2.8499e-08  0:07:00  323

 Reversed flow on 37 faces (1.3% area) of pressure-outlet 21.
  4678  3.2100e-06  1.1697e-08  1.5069e-08  2.8875e-08  0:06:58  322

 Reversed flow on 37 faces (1.3% area) of pressure-outlet 21.
  4679  3.1615e-06  1.1702e-08  1.4727e-08  2.9334e-08  0:06:57  321

 Reversed flow on 37 faces (1.3% area) of pressure-outlet 21.
  4680  3.0901e-06  1.1597e-08  1.4071e-08  2.9803e-08  0:06:56  320

 Reversed flow on 37 faces (1.3% area) of pressure-outlet 21.
  4681  3.0156e-06  1.1410e-08  1.3280e-08  3.0008e-08  0:06:54  319

 Reversed flow on 37 faces (1.3% area) of pressure-outlet 21.
  4682  2.9505e-06  1.1191e-08  1.2773e-08  2.9824e-08  0:06:53  318

 Reversed flow on 37 faces (1.3% area) of pressure-outlet 21.
  4683  2.9147e-06  1.0935e-08  1.2999e-08  2.9319e-08  0:06:52  317

 Reversed flow on 37 faces (1.3% area) of pressure-outlet 21.
  4684  2.9330e-06  1.0638e-08  1.3342e-08  2.8482e-08  0:06:50  316

 Reversed flow on 37 faces (1.3% area) of pressure-outlet 21.
  4685  2.9882e-06  1.0472e-08  1.3733e-08  2.7923e-08  0:06:49  315

 Reversed flow on 37 faces (1.3% area) of pressure-outlet 21.
  4686  3.0662e-06  1.0543e-08  1.4223e-08  2.7246e-08  0:06:48  314

 Reversed flow on 37 faces (1.3% area) of pressure-outlet 21.

  iter  continuity  x-velocity  y-velocity  z-velocity     time/iter
  4687  3.1524e-06  1.0921e-08  1.4765e-08  2.7514e-08  0:06:46  313

 Reversed flow on 37 faces (1.3% area) of pressure-outlet 21.
  4688  3.2399e-06  1.1368e-08  1.5121e-08  2.8228e-08  0:06:45  312

 Reversed flow on 37 faces (1.3% area) of pressure-outlet 21.
  4689  3.3260e-06  1.1747e-08  1.5245e-08  2.8866e-08  0:06:44  311

 Reversed flow on 37 faces (1.3% area) of pressure-outlet 21.
  4690  3.4415e-06  1.2001e-08  1.4986e-08  2.9565e-08  0:06:42  310

 Reversed flow on 37 faces (1.3% area) of pressure-outlet 21.
  4691  3.4680e-06  1.2234e-08  1.4527e-08  2.9960e-08  0:06:41  309

 Reversed flow on 37 faces (1.3% area) of pressure-outlet 21.
  4692  3.3937e-06  1.2385e-08  1.4084e-08  2.9775e-08  0:06:40  308

 Reversed flow on 37 faces (1.3% area) of pressure-outlet 21.
  4693  3.2744e-06  1.2258e-08  1.4170e-08  2.9472e-08  0:06:39  307

 Reversed flow on 37 faces (1.3% area) of pressure-outlet 21.
  4694  3.1111e-06  1.1899e-08  1.4368e-08  2.9223e-08  0:06:37  306

 Reversed flow on 37 faces (1.3% area) of pressure-outlet 21.
  4695  2.9251e-06  1.1538e-08  1.4430e-08  2.8590e-08  0:06:36  305

 Reversed flow on 37 faces (1.3% area) of pressure-outlet 21.
  4696  2.8162e-06  1.1247e-08  1.4367e-08  2.7531e-08  0:06:35  304

 Reversed flow on 37 faces (1.3% area) of pressure-outlet 21.
  4697  2.7676e-06  1.1054e-08  1.4337e-08  2.6950e-08  0:06:34  303

 Reversed flow on 37 faces (1.3% area) of pressure-outlet 21.

  iter  continuity  x-velocity  y-velocity  z-velocity     time/iter
  4698  2.7194e-06  1.1175e-08  1.4230e-08  2.6167e-08  0:06:32  302

 Reversed flow on 37 faces (1.3% area) of pressure-outlet 21.
  4699  2.7198e-06  1.1268e-08  1.3780e-08  2.5872e-08  0:06:31  301

 Reversed flow on 37 faces (1.3% area) of pressure-outlet 21.
  4700  2.7564e-06  1.1304e-08  1.3170e-08  2.5690e-08  0:06:30  300

 Reversed flow on 37 faces (1.3% area) of pressure-outlet 21.
  4701  2.7980e-06  1.1131e-08  1.2524e-08  2.5679e-08  0:06:28  299

 Reversed flow on 37 faces (1.3% area) of pressure-outlet 21.
  4702  2.8079e-06  1.0887e-08  1.2013e-08  2.5874e-08  0:06:27  298

 Reversed flow on 37 faces (1.3% area) of pressure-outlet 21.
  4703  2.8395e-06  1.0602e-08  1.1905e-08  2.5969e-08  0:06:27  297

 Reversed flow on 37 faces (1.3% area) of pressure-outlet 21.
  4704  2.8826e-06  1.0330e-08  1.2395e-08  2.5777e-08  0:06:25  296

 Reversed flow on 37 faces (1.3% area) of pressure-outlet 21.
  4705  2.8938e-06  1.0141e-08  1.2990e-08  2.4794e-08  0:06:24  295

 Reversed flow on 37 faces (1.3% area) of pressure-outlet 21.
  4706  2.8904e-06  9.9602e-09  1.3500e-08  2.4966e-08  0:06:23  294

 Reversed flow on 37 faces (1.3% area) of pressure-outlet 21.
  4707  2.8674e-06  9.9160e-09  1.3882e-08  2.4748e-08  0:06:21  293

 Reversed flow on 37 faces (1.3% area) of pressure-outlet 21.
  4708  2.8431e-06  1.0098e-08  1.4192e-08  2.4865e-08  0:06:20  292

 Reversed flow on 37 faces (1.3% area) of pressure-outlet 21.

  iter  continuity  x-velocity  y-velocity  z-velocity     time/iter
  4709  2.8044e-06  1.0280e-08  1.4238e-08  2.5680e-08  0:06:18  291

 Reversed flow on 37 faces (1.3% area) of pressure-outlet 21.
  4710  2.7402e-06  1.0414e-08  1.3962e-08  2.6758e-08  0:06:17  290

 Reversed flow on 37 faces (1.3% area) of pressure-outlet 21.
  4711  2.7352e-06  1.0506e-08  1.3385e-08  2.7574e-08  0:06:16  289

 Reversed flow on 37 faces (1.3% area) of pressure-outlet 21.
  4712  2.7459e-06  1.0609e-08  1.2703e-08  2.8150e-08  0:06:15  288

 Reversed flow on 37 faces (1.3% area) of pressure-outlet 21.
  4713  2.7963e-06  1.0675e-08  1.2302e-08  2.8542e-08  0:06:14  287

 Reversed flow on 37 faces (1.3% area) of pressure-outlet 21.
  4714  2.8917e-06  1.0650e-08  1.2617e-08  2.8422e-08  0:06:13  286

 Reversed flow on 37 faces (1.3% area) of pressure-outlet 21.
  4715  3.0039e-06  1.0682e-08  1.3249e-08  2.7998e-08  0:06:11  285

 Reversed flow on 37 faces (1.3% area) of pressure-outlet 21.
  4716  3.1052e-06  1.0909e-08  1.4057e-08  2.7465e-08  0:06:10  284

 Reversed flow on 37 faces (1.3% area) of pressure-outlet 21.
  4717  3.2071e-06  1.1193e-08  1.4836e-08  2.7033e-08  0:06:08  283

 Reversed flow on 37 faces (1.3% area) of pressure-outlet 21.
  4718  3.2896e-06  1.1541e-08  1.5439e-08  2.7378e-08  0:06:07  282

 Reversed flow on 37 faces (1.3% area) of pressure-outlet 21.
  4719  3.3584e-06  1.2150e-08  1.5803e-08  2.7493e-08  0:06:06  281

 Reversed flow on 37 faces (1.3% area) of pressure-outlet 21.

  iter  continuity  x-velocity  y-velocity  z-velocity     time/iter
  4720  3.4366e-06  1.2549e-08  1.5757e-08  2.8464e-08  0:06:04  280

 Reversed flow on 37 faces (1.3% area) of pressure-outlet 21.
  4721  3.4629e-06  1.2694e-08  1.5366e-08  2.9713e-08  0:06:03  279

 Reversed flow on 37 faces (1.3% area) of pressure-outlet 21.
  4722  3.4258e-06  1.2671e-08  1.4717e-08  3.0336e-08  0:06:02  278

 Reversed flow on 37 faces (1.3% area) of pressure-outlet 21.
  4723  3.3059e-06  1.2494e-08  1.4011e-08  3.0842e-08  0:06:00  277

 Reversed flow on 37 faces (1.3% area) of pressure-outlet 21.
  4724  3.1536e-06  1.2122e-08  1.3621e-08  3.1116e-08  0:05:59  276

 Reversed flow on 37 faces (1.3% area) of pressure-outlet 21.
  4725  2.9930e-06  1.1671e-08  1.3530e-08  3.0852e-08  0:05:57  275

 Reversed flow on 37 faces (1.3% area) of pressure-outlet 21.
  4726  2.9090e-06  1.1344e-08  1.3506e-08  3.0290e-08  0:05:56  274

 Reversed flow on 37 faces (1.3% area) of pressure-outlet 21.
  4727  2.8736e-06  1.1151e-08  1.3771e-08  2.9359e-08  0:05:55  273

 Reversed flow on 37 faces (1.3% area) of pressure-outlet 21.
  4728  2.8452e-06  1.1075e-08  1.4097e-08  2.8206e-08  0:05:53  272

 Reversed flow on 37 faces (1.3% area) of pressure-outlet 21.
  4729  2.8667e-06  1.1251e-08  1.4200e-08  2.7721e-08  0:05:52  271

 Reversed flow on 37 faces (1.3% area) of pressure-outlet 21.
  4730  2.9615e-06  1.1511e-08  1.4207e-08  2.7869e-08  0:05:50  270

 Reversed flow on 37 faces (1.3% area) of pressure-outlet 21.

  iter  continuity  x-velocity  y-velocity  z-velocity     time/iter
  4731  3.0429e-06  1.1601e-08  1.4088e-08  2.8348e-08  0:05:49  269

 Reversed flow on 37 faces (1.3% area) of pressure-outlet 21.
  4732  3.1447e-06  1.1620e-08  1.3880e-08  2.9063e-08  0:05:48  268

 Reversed flow on 37 faces (1.3% area) of pressure-outlet 21.
  4733  3.2438e-06  1.1556e-08  1.3557e-08  2.9889e-08  0:05:46  267

 Reversed flow on 37 faces (1.3% area) of pressure-outlet 21.
  4734  3.3410e-06  1.1464e-08  1.3406e-08  3.0319e-08  0:05:45  266

 Reversed flow on 37 faces (1.3% area) of pressure-outlet 21.
  4735  3.3751e-06  1.1353e-08  1.3941e-08  2.9748e-08  0:05:44  265

 Reversed flow on 37 faces (1.3% area) of pressure-outlet 21.
  4736  3.3693e-06  1.1166e-08  1.4511e-08  2.9506e-08  0:05:42  264

 Reversed flow on 37 faces (1.3% area) of pressure-outlet 21.
  4737  3.3165e-06  1.1100e-08  1.5008e-08  2.8865e-08  0:05:41  263

 Reversed flow on 37 faces (1.3% area) of pressure-outlet 21.
  4738  3.2587e-06  1.1050e-08  1.5373e-08  2.8024e-08  0:05:40  262

 Reversed flow on 37 faces (1.3% area) of pressure-outlet 21.
  4739  3.1737e-06  1.1108e-08  1.5531e-08  2.8470e-08  0:05:39  261

 Reversed flow on 37 faces (1.3% area) of pressure-outlet 21.
  4740  3.0800e-06  1.1467e-08  1.5412e-08  2.8991e-08  0:05:37  260

 Reversed flow on 37 faces (1.3% area) of pressure-outlet 21.
  4741  3.0389e-06  1.1823e-08  1.5059e-08  2.9785e-08  0:05:36  259

 Reversed flow on 37 faces (1.3% area) of pressure-outlet 21.

  iter  continuity  x-velocity  y-velocity  z-velocity     time/iter
  4742  3.0411e-06  1.2109e-08  1.4511e-08  3.0314e-08  0:05:35  258

 Reversed flow on 37 faces (1.3% area) of pressure-outlet 21.
  4743  3.0450e-06  1.2301e-08  1.3996e-08  3.0152e-08  0:05:34  257

 Reversed flow on 37 faces (1.3% area) of pressure-outlet 21.
  4744  3.0535e-06  1.2338e-08  1.3480e-08  2.9508e-08  0:05:32  256

 Reversed flow on 37 faces (1.3% area) of pressure-outlet 21.
  4745  3.1073e-06  1.2206e-08  1.3436e-08  2.8848e-08  0:05:31  255

 Reversed flow on 37 faces (1.3% area) of pressure-outlet 21.
  4746  3.1501e-06  1.1982e-08  1.3810e-08  2.8029e-08  0:05:30  254

 Reversed flow on 37 faces (1.3% area) of pressure-outlet 21.
  4747  3.1772e-06  1.1766e-08  1.4277e-08  2.7564e-08  0:05:29  253

 Reversed flow on 37 faces (1.3% area) of pressure-outlet 21.
  4748  3.1868e-06  1.1577e-08  1.4759e-08  2.7058e-08  0:05:27  252

 Reversed flow on 37 faces (1.3% area) of pressure-outlet 21.
  4749  3.1895e-06  1.1616e-08  1.5191e-08  2.6260e-08  0:05:26  251

 Reversed flow on 37 faces (1.3% area) of pressure-outlet 21.
  4750  3.2008e-06  1.1751e-08  1.5358e-08  2.6509e-08  0:05:25  250

 Reversed flow on 37 faces (1.3% area) of pressure-outlet 21.
  4751  3.2009e-06  1.1844e-08  1.5249e-08  2.7389e-08  0:05:23  249

 Reversed flow on 37 faces (1.3% area) of pressure-outlet 21.
  4752  3.1486e-06  1.1842e-08  1.4861e-08  2.7920e-08  0:05:22  248

 Reversed flow on 37 faces (1.3% area) of pressure-outlet 21.

  iter  continuity  x-velocity  y-velocity  z-velocity     time/iter
  4753  3.0671e-06  1.1656e-08  1.4236e-08  2.8270e-08  0:05:21  247

 Reversed flow on 37 faces (1.3% area) of pressure-outlet 21.
  4754  2.9295e-06  1.1339e-08  1.3347e-08  2.8615e-08  0:05:19  246

 Reversed flow on 37 faces (1.3% area) of pressure-outlet 21.
  4755  2.7816e-06  1.0913e-08  1.2528e-08  2.8525e-08  0:05:18  245

 Reversed flow on 37 faces (1.3% area) of pressure-outlet 21.
  4756  2.6935e-06  1.0534e-08  1.2439e-08  2.7959e-08  0:05:17  244

 Reversed flow on 37 faces (1.3% area) of pressure-outlet 21.
  4757  2.6402e-06  1.0249e-08  1.2710e-08  2.6810e-08  0:05:16  243

 Reversed flow on 37 faces (1.3% area) of pressure-outlet 21.
  4758  2.5762e-06  1.0062e-08  1.3091e-08  2.5460e-08  0:05:14  242

 Reversed flow on 37 faces (1.3% area) of pressure-outlet 21.
  4759  2.5693e-06  9.8880e-09  1.3157e-08  2.4297e-08  0:05:13  241

 Reversed flow on 37 faces (1.3% area) of pressure-outlet 21.
  4760  2.6226e-06  9.9222e-09  1.3215e-08  2.4164e-08  0:05:12  240

 Reversed flow on 37 faces (1.3% area) of pressure-outlet 21.
  4761  2.6916e-06  1.0151e-08  1.3261e-08  2.4533e-08  0:05:11  239

 Reversed flow on 37 faces (1.3% area) of pressure-outlet 21.
  4762  2.7669e-06  1.0388e-08  1.3307e-08  2.5603e-08  0:05:09  238

 Reversed flow on 37 faces (1.3% area) of pressure-outlet 21.
  4763  2.8909e-06  1.0512e-08  1.3144e-08  2.6691e-08  0:05:08  237

 Reversed flow on 37 faces (1.3% area) of pressure-outlet 21.

  iter  continuity  x-velocity  y-velocity  z-velocity     time/iter
  4764  3.0299e-06  1.0592e-08  1.2906e-08  2.7380e-08  0:05:13  236

 Reversed flow on 37 faces (1.3% area) of pressure-outlet 21.
  4765  3.1204e-06  1.0699e-08  1.2737e-08  2.7419e-08  0:05:10  235

 Reversed flow on 37 faces (1.3% area) of pressure-outlet 21.
  4766  3.1739e-06  1.0696e-08  1.3012e-08  2.7667e-08  0:05:08  234

 Reversed flow on 37 faces (1.3% area) of pressure-outlet 21.
  4767  3.1842e-06  1.0677e-08  1.3537e-08  2.7469e-08  0:05:06  233

 Reversed flow on 37 faces (1.3% area) of pressure-outlet 21.
  4768  3.1601e-06  1.0680e-08  1.4091e-08  2.7183e-08  0:05:04  232

 Reversed flow on 37 faces (1.3% area) of pressure-outlet 21.
  4769  3.0954e-06  1.0765e-08  1.4587e-08  2.7171e-08  0:05:02  231

 Reversed flow on 37 faces (1.3% area) of pressure-outlet 21.
  4770  3.0088e-06  1.1079e-08  1.4914e-08  2.7061e-08  0:05:00  230

 Reversed flow on 37 faces (1.3% area) of pressure-outlet 21.
  4771  2.9478e-06  1.1554e-08  1.4966e-08  2.7537e-08  0:04:59  229

 Reversed flow on 37 faces (1.3% area) of pressure-outlet 21.
  4772  2.9401e-06  1.1938e-08  1.4744e-08  2.8336e-08  0:04:57  228

 Reversed flow on 37 faces (1.3% area) of pressure-outlet 21.
  4773  2.9609e-06  1.2105e-08  1.4405e-08  2.9205e-08  0:04:56  227

 Reversed flow on 37 faces (1.3% area) of pressure-outlet 21.
  4774  3.0370e-06  1.2085e-08  1.3816e-08  2.9587e-08  0:04:54  226

 Reversed flow on 37 faces (1.3% area) of pressure-outlet 21.

  iter  continuity  x-velocity  y-velocity  z-velocity     time/iter
  4775  3.1113e-06  1.1997e-08  1.3154e-08  2.9935e-08  0:04:53  225

 Reversed flow on 37 faces (1.3% area) of pressure-outlet 21.
  4776  3.1848e-06  1.1857e-08  1.2898e-08  2.9870e-08  0:04:51  224

 Reversed flow on 37 faces (1.3% area) of pressure-outlet 21.
  4777  3.2299e-06  1.1692e-08  1.3349e-08  2.9732e-08  0:04:50  223

 Reversed flow on 37 faces (1.3% area) of pressure-outlet 21.
  4778  3.2473e-06  1.1529e-08  1.3920e-08  2.9299e-08  0:04:48  222

 Reversed flow on 37 faces (1.3% area) of pressure-outlet 21.
  4779  3.2351e-06  1.1536e-08  1.4551e-08  2.8183e-08  0:04:47  221

 Reversed flow on 37 faces (1.3% area) of pressure-outlet 21.
  4780  3.2616e-06  1.1360e-08  1.4850e-08  2.7930e-08  0:04:46  220

 Reversed flow on 37 faces (1.3% area) of pressure-outlet 21.
  4781  3.2587e-06  1.1361e-08  1.5043e-08  2.8513e-08  0:04:44  219

 Reversed flow on 37 faces (1.3% area) of pressure-outlet 21.
  4782  3.2450e-06  1.1595e-08  1.5037e-08  2.8918e-08  0:04:43  218

 Reversed flow on 37 faces (1.3% area) of pressure-outlet 21.
  4783  3.1723e-06  1.1687e-08  1.4839e-08  2.9538e-08  0:04:42  217

 Reversed flow on 37 faces (1.3% area) of pressure-outlet 21.
  4784  3.0891e-06  1.1563e-08  1.4242e-08  3.0108e-08  0:04:40  216

 Reversed flow on 37 faces (1.3% area) of pressure-outlet 21.
  4785  2.9900e-06  1.1268e-08  1.3389e-08  3.0435e-08  0:04:39  215

 Reversed flow on 37 faces (1.3% area) of pressure-outlet 21.

  iter  continuity  x-velocity  y-velocity  z-velocity     time/iter
  4786  2.9499e-06  1.1026e-08  1.2633e-08  3.0394e-08  0:04:38  214

 Reversed flow on 37 faces (1.3% area) of pressure-outlet 21.
  4787  2.9180e-06  1.0815e-08  1.2669e-08  2.9568e-08  0:04:36  213

 Reversed flow on 37 faces (1.3% area) of pressure-outlet 21.
  4788  2.8836e-06  1.0531e-08  1.3038e-08  2.8379e-08  0:04:35  212

 Reversed flow on 37 faces (1.3% area) of pressure-outlet 21.
  4789  2.8854e-06  1.0349e-08  1.3227e-08  2.7482e-08  0:04:34  211

 Reversed flow on 37 faces (1.3% area) of pressure-outlet 21.
  4790  2.9414e-06  1.0362e-08  1.3571e-08  2.6878e-08  0:04:33  210

 Reversed flow on 37 faces (1.3% area) of pressure-outlet 21.
  4791  2.9967e-06  1.0525e-08  1.4020e-08  2.6813e-08  0:04:32  209

 Reversed flow on 37 faces (1.3% area) of pressure-outlet 21.
  4792  3.0584e-06  1.0924e-08  1.4461e-08  2.7703e-08  0:04:30  208

 Reversed flow on 37 faces (1.3% area) of pressure-outlet 21.
  4793  3.1812e-06  1.1268e-08  1.4680e-08  2.9094e-08  0:04:29  207

 Reversed flow on 37 faces (1.3% area) of pressure-outlet 21.
  4794  3.3255e-06  1.1614e-08  1.4706e-08  2.9966e-08  0:04:27  206

 Reversed flow on 37 faces (1.3% area) of pressure-outlet 21.
  4795  3.3945e-06  1.1974e-08  1.4527e-08  2.9875e-08  0:04:26  205

 Reversed flow on 37 faces (1.3% area) of pressure-outlet 21.
  4796  3.3795e-06  1.2153e-08  1.4161e-08  2.9883e-08  0:04:25  204

 Reversed flow on 37 faces (1.3% area) of pressure-outlet 21.

  iter  continuity  x-velocity  y-velocity  z-velocity     time/iter
  4797  3.3463e-06  1.2141e-08  1.3989e-08  2.9615e-08  0:04:23  203

 Reversed flow on 37 faces (1.3% area) of pressure-outlet 21.
  4798  3.2540e-06  1.1930e-08  1.4306e-08  2.8901e-08  0:04:22  202

 Reversed flow on 37 faces (1.3% area) of pressure-outlet 21.
  4799  3.1169e-06  1.1685e-08  1.4591e-08  2.8496e-08  0:04:21  201

 Reversed flow on 37 faces (1.3% area) of pressure-outlet 21.
  4800  2.9412e-06  1.1530e-08  1.4821e-08  2.7461e-08  0:04:20  200

 Reversed flow on 37 faces (1.3% area) of pressure-outlet 21.
  4801  2.8321e-06  1.1410e-08  1.4776e-08  2.7029e-08  0:04:18  199

 Reversed flow on 37 faces (1.3% area) of pressure-outlet 21.
  4802  2.7546e-06  1.1512e-08  1.4639e-08  2.6905e-08  0:04:17  198

 Reversed flow on 37 faces (1.3% area) of pressure-outlet 21.
  4803  2.7586e-06  1.1725e-08  1.4523e-08  2.7161e-08  0:04:16  197

 Reversed flow on 37 faces (1.3% area) of pressure-outlet 21.
  4804  2.8078e-06  1.1753e-08  1.4203e-08  2.7375e-08  0:04:15  196

 Reversed flow on 37 faces (1.3% area) of pressure-outlet 21.
  4805  2.9137e-06  1.1661e-08  1.3690e-08  2.7439e-08  0:04:13  195

 Reversed flow on 37 faces (1.3% area) of pressure-outlet 21.
  4806  2.9995e-06  1.1526e-08  1.3205e-08  2.7358e-08  0:04:25  194

 Reversed flow on 37 faces (1.3% area) of pressure-outlet 21.
  4807  3.0580e-06  1.1342e-08  1.2910e-08  2.7410e-08  0:04:21  193

 Reversed flow on 37 faces (1.3% area) of pressure-outlet 21.

  iter  continuity  x-velocity  y-velocity  z-velocity     time/iter
  4808  3.0769e-06  1.1096e-08  1.3281e-08  2.7054e-08  0:04:18  192

 Reversed flow on 37 faces (1.3% area) of pressure-outlet 21.
  4809  3.0825e-06  1.0893e-08  1.3825e-08  2.6328e-08  0:04:15  191

 Reversed flow on 37 faces (1.3% area) of pressure-outlet 21.
  4810  3.0972e-06  1.0625e-08  1.4207e-08  2.6495e-08  0:04:12  190

 Reversed flow on 37 faces (1.3% area) of pressure-outlet 21.
  4811  3.0827e-06  1.0471e-08  1.4611e-08  2.6699e-08  0:04:10  189

 Reversed flow on 37 faces (1.3% area) of pressure-outlet 21.
  4812  3.0533e-06  1.0590e-08  1.4956e-08  2.6800e-08  0:04:07  188

 Reversed flow on 37 faces (1.3% area) of pressure-outlet 21.
  4813  2.9804e-06  1.0794e-08  1.5136e-08  2.7528e-08  0:04:05  187

 Reversed flow on 37 faces (1.3% area) of pressure-outlet 21.
  4814  2.9012e-06  1.0896e-08  1.4889e-08  2.8585e-08  0:04:04  186

 Reversed flow on 37 faces (1.3% area) of pressure-outlet 21.
  4815  2.8448e-06  1.0892e-08  1.4278e-08  2.9298e-08  0:04:02  185

 Reversed flow on 37 faces (1.3% area) of pressure-outlet 21.
  4816  2.8746e-06  1.0944e-08  1.3501e-08  2.9684e-08  0:04:00  184

 Reversed flow on 37 faces (1.3% area) of pressure-outlet 21.
  4817  2.9072e-06  1.1034e-08  1.2933e-08  2.9366e-08  0:03:59  183

 Reversed flow on 37 faces (1.3% area) of pressure-outlet 21.
  4818  2.9337e-06  1.1035e-08  1.2905e-08  2.8631e-08  0:03:57  182

 Reversed flow on 37 faces (1.3% area) of pressure-outlet 21.

  iter  continuity  x-velocity  y-velocity  z-velocity     time/iter
  4819  2.9607e-06  1.1011e-08  1.3129e-08  2.7688e-08  0:03:56  181

 Reversed flow on 37 faces (1.3% area) of pressure-outlet 21.
  4820  3.0158e-06  1.1131e-08  1.3590e-08  2.6966e-08  0:03:54  180

 Reversed flow on 37 faces (1.3% area) of pressure-outlet 21.
  4821  3.0445e-06  1.1238e-08  1.4185e-08  2.6111e-08  0:03:53  179

 Reversed flow on 37 faces (1.3% area) of pressure-outlet 21.
  4822  3.0944e-06  1.1428e-08  1.4698e-08  2.6283e-08  0:03:52  178

 Reversed flow on 37 faces (1.3% area) of pressure-outlet 21.
  4823  3.1619e-06  1.1782e-08  1.5026e-08  2.6852e-08  0:03:50  177

 Reversed flow on 37 faces (1.3% area) of pressure-outlet 21.
  4824  3.2683e-06  1.2235e-08  1.5176e-08  2.7512e-08  0:03:49  176

 Reversed flow on 37 faces (1.3% area) of pressure-outlet 21.
  4825  3.3165e-06  1.2497e-08  1.5043e-08  2.8308e-08  0:03:47  175

 Reversed flow on 37 faces (1.3% area) of pressure-outlet 21.
  4826  3.3433e-06  1.2483e-08  1.4552e-08  2.9119e-08  0:03:46  174

 Reversed flow on 37 faces (1.3% area) of pressure-outlet 21.
  4827  3.3120e-06  1.2327e-08  1.3856e-08  2.9675e-08  0:03:45  173

 Reversed flow on 37 faces (1.3% area) of pressure-outlet 21.
  4828  3.2421e-06  1.1990e-08  1.3350e-08  2.9662e-08  0:03:43  172

 Reversed flow on 37 faces (1.3% area) of pressure-outlet 21.
  4829  3.1178e-06  1.1615e-08  1.3385e-08  2.9696e-08  0:03:42  171

 Reversed flow on 37 faces (1.3% area) of pressure-outlet 21.

  iter  continuity  x-velocity  y-velocity  z-velocity     time/iter
  4830  2.9698e-06  1.1222e-08  1.3457e-08  2.9324e-08  0:03:41  170

 Reversed flow on 37 faces (1.3% area) of pressure-outlet 21.
  4831  2.8555e-06  1.0931e-08  1.3503e-08  2.9012e-08  0:03:39  169

 Reversed flow on 37 faces (1.3% area) of pressure-outlet 21.
  4832  2.7878e-06  1.0746e-08  1.3608e-08  2.8525e-08  0:03:38  168

 Reversed flow on 37 faces (1.3% area) of pressure-outlet 21.
  4833  2.7980e-06  1.0830e-08  1.3912e-08  2.8411e-08  0:03:37  167

 Reversed flow on 37 faces (1.3% area) of pressure-outlet 21.
  4834  2.8767e-06  1.0976e-08  1.4060e-08  2.8540e-08  0:03:36  166

 Reversed flow on 37 faces (1.3% area) of pressure-outlet 21.
  4835  3.0000e-06  1.1125e-08  1.4000e-08  2.8771e-08  0:03:34  165

 Reversed flow on 37 faces (1.3% area) of pressure-outlet 21.
  4836  3.1334e-06  1.1261e-08  1.3842e-08  2.8852e-08  0:03:33  164

 Reversed flow on 37 faces (1.3% area) of pressure-outlet 21.
  4837  3.2400e-06  1.1336e-08  1.3541e-08  2.9201e-08  0:03:32  163

 Reversed flow on 37 faces (1.3% area) of pressure-outlet 21.
  4838  3.2959e-06  1.1307e-08  1.3285e-08  2.9274e-08  0:03:31  162

 Reversed flow on 37 faces (1.3% area) of pressure-outlet 21.
  4839  3.3291e-06  1.1307e-08  1.3575e-08  2.8825e-08  0:03:29  161

 Reversed flow on 37 faces (1.3% area) of pressure-outlet 21.
  4840  3.3413e-06  1.1077e-08  1.4042e-08  2.8631e-08  0:03:28  160

 Reversed flow on 37 faces (1.3% area) of pressure-outlet 21.

  iter  continuity  x-velocity  y-velocity  z-velocity     time/iter
  4841  3.3062e-06  1.1003e-08  1.4573e-08  2.8529e-08  0:03:27  159

 Reversed flow on 37 faces (1.3% area) of pressure-outlet 21.
  4842  3.2420e-06  1.0981e-08  1.5020e-08  2.7862e-08  0:03:25  158

 Reversed flow on 37 faces (1.3% area) of pressure-outlet 21.
  4843  3.1434e-06  1.0956e-08  1.5295e-08  2.8287e-08  0:03:24  157

 Reversed flow on 37 faces (1.3% area) of pressure-outlet 21.
  4844  3.0283e-06  1.1145e-08  1.5215e-08  2.8845e-08  0:03:23  156

 Reversed flow on 37 faces (1.3% area) of pressure-outlet 21.
  4845  2.9661e-06  1.1375e-08  1.4855e-08  2.9652e-08  0:03:21  155

 Reversed flow on 37 faces (1.3% area) of pressure-outlet 21.
  4846  2.9901e-06  1.1625e-08  1.4346e-08  3.0302e-08  0:03:20  154

 Reversed flow on 37 faces (1.3% area) of pressure-outlet 21.
  4847  2.9931e-06  1.1875e-08  1.3876e-08  2.9655e-08  0:03:19  153

 Reversed flow on 37 faces (1.3% area) of pressure-outlet 21.
  4848  2.9608e-06  1.1917e-08  1.3303e-08  2.8698e-08  0:03:17  152

 Reversed flow on 37 faces (1.3% area) of pressure-outlet 21.
  4849  2.9582e-06  1.1771e-08  1.2743e-08  2.7894e-08  0:03:16  151

 Reversed flow on 37 faces (1.3% area) of pressure-outlet 21.
  4850  2.9729e-06  1.1551e-08  1.2880e-08  2.7066e-08  0:03:15  150

 Reversed flow on 37 faces (1.3% area) of pressure-outlet 21.
  4851  2.9539e-06  1.1163e-08  1.3199e-08  2.6453e-08  0:03:14  149

 Reversed flow on 37 faces (1.3% area) of pressure-outlet 21.

  iter  continuity  x-velocity  y-velocity  z-velocity     time/iter
  4852  2.9507e-06  1.0907e-08  1.3656e-08  2.6290e-08  0:03:12  148

 Reversed flow on 37 faces (1.3% area) of pressure-outlet 21.
  4853  2.9800e-06  1.0784e-08  1.4108e-08  2.6100e-08  0:03:11  147

 Reversed flow on 37 faces (1.3% area) of pressure-outlet 21.
  4854  3.0237e-06  1.0985e-08  1.4539e-08  2.5818e-08  0:03:10  146

 Reversed flow on 37 faces (1.3% area) of pressure-outlet 21.
  4855  3.0471e-06  1.1236e-08  1.4723e-08  2.6177e-08  0:03:08  145

 Reversed flow on 37 faces (1.3% area) of pressure-outlet 21.
  4856  3.0499e-06  1.1294e-08  1.4537e-08  2.6769e-08  0:03:07  144

 Reversed flow on 37 faces (1.3% area) of pressure-outlet 21.
  4857  3.0456e-06  1.1241e-08  1.4011e-08  2.7002e-08  0:03:06  143

 Reversed flow on 37 faces (1.3% area) of pressure-outlet 21.
  4858  2.9890e-06  1.1095e-08  1.3330e-08  2.6873e-08  0:03:04  142

 Reversed flow on 37 faces (1.3% area) of pressure-outlet 21.
  4859  2.8768e-06  1.0850e-08  1.2626e-08  2.7134e-08  0:03:03  141

 Reversed flow on 37 faces (1.3% area) of pressure-outlet 21.
  4860  2.7431e-06  1.0600e-08  1.2503e-08  2.6941e-08  0:03:02  140

 Reversed flow on 37 faces (1.3% area) of pressure-outlet 21.
  4861  2.6313e-06  1.0345e-08  1.2670e-08  2.6419e-08  0:03:01  139

 Reversed flow on 37 faces (1.3% area) of pressure-outlet 21.
  4862  2.5553e-06  1.0252e-08  1.2963e-08  2.6014e-08  0:02:59  138

 Reversed flow on 37 faces (1.3% area) of pressure-outlet 21.

  iter  continuity  x-velocity  y-velocity  z-velocity     time/iter
  4863  2.5578e-06  1.0141e-08  1.3407e-08  2.5432e-08  0:02:58  137

 Reversed flow on 37 faces (1.3% area) of pressure-outlet 21.
  4864  2.6436e-06  1.0020e-08  1.3709e-08  2.5596e-08  0:02:57  136

 Reversed flow on 37 faces (1.3% area) of pressure-outlet 21.
  4865  2.7710e-06  1.0327e-08  1.3917e-08  2.5803e-08  0:02:55  135

 Reversed flow on 37 faces (1.3% area) of pressure-outlet 21.
  4866  2.9198e-06  1.0726e-08  1.4130e-08  2.6625e-08  0:02:54  134

 Reversed flow on 37 faces (1.3% area) of pressure-outlet 21.
  4867  3.0582e-06  1.1010e-08  1.4141e-08  2.7614e-08  0:02:53  133

 Reversed flow on 37 faces (1.3% area) of pressure-outlet 21.
  4868  3.1832e-06  1.1177e-08  1.3984e-08  2.8295e-08  0:02:51  132

 Reversed flow on 37 faces (1.3% area) of pressure-outlet 21.
  4869  3.2884e-06  1.1377e-08  1.3758e-08  2.8569e-08  0:02:50  131

 Reversed flow on 37 faces (1.3% area) of pressure-outlet 21.
  4870  3.3710e-06  1.1358e-08  1.3708e-08  2.9170e-08  0:02:49  130

 Reversed flow on 37 faces (1.3% area) of pressure-outlet 21.
  4871  3.3874e-06  1.1396e-08  1.4216e-08  2.9421e-08  0:02:48  129

 Reversed flow on 37 faces (1.3% area) of pressure-outlet 21.
  4872  3.3480e-06  1.1417e-08  1.4745e-08  2.9201e-08  0:02:47  128

 Reversed flow on 37 faces (1.3% area) of pressure-outlet 21.
  4873  3.2534e-06  1.1491e-08  1.5288e-08  2.9236e-08  0:02:45  127

 Reversed flow on 37 faces (1.3% area) of pressure-outlet 21.

  iter  continuity  x-velocity  y-velocity  z-velocity     time/iter
  4874  3.1342e-06  1.1631e-08  1.5559e-08  2.8912e-08  0:02:44  126

 Reversed flow on 37 faces (1.3% area) of pressure-outlet 21.
  4875  3.0383e-06  1.1958e-08  1.5573e-08  2.8922e-08  0:02:43  125

 Reversed flow on 37 faces (1.3% area) of pressure-outlet 21.
  4876  3.0385e-06  1.2338e-08  1.5381e-08  2.9367e-08  0:02:41  124

 Reversed flow on 37 faces (1.3% area) of pressure-outlet 21.
  4877  3.0285e-06  1.2571e-08  1.5088e-08  2.9490e-08  0:02:40  123

 Reversed flow on 37 faces (1.3% area) of pressure-outlet 21.
  4878  3.0450e-06  1.2585e-08  1.4494e-08  2.9319e-08  0:02:39  122

 Reversed flow on 37 faces (1.3% area) of pressure-outlet 21.
  4879  3.0635e-06  1.2527e-08  1.3575e-08  2.9304e-08  0:02:37  121

 Reversed flow on 37 faces (1.3% area) of pressure-outlet 21.
  4880  3.1111e-06  1.2390e-08  1.2914e-08  2.9193e-08  0:02:36  120

 Reversed flow on 37 faces (1.3% area) of pressure-outlet 21.
  4881  3.1181e-06  1.2068e-08  1.3025e-08  2.9162e-08  0:02:35  119

 Reversed flow on 37 faces (1.3% area) of pressure-outlet 21.
  4882  3.1248e-06  1.1758e-08  1.3508e-08  2.8981e-08  0:02:33  118

 Reversed flow on 37 faces (1.3% area) of pressure-outlet 21.
  4883  3.1419e-06  1.1558e-08  1.4083e-08  2.8760e-08  0:02:32  117

 Reversed flow on 37 faces (1.3% area) of pressure-outlet 21.
  4884  3.1823e-06  1.1406e-08  1.4633e-08  2.7801e-08  0:02:31  116

 Reversed flow on 37 faces (1.3% area) of pressure-outlet 21.

  iter  continuity  x-velocity  y-velocity  z-velocity     time/iter
  4885  3.2199e-06  1.1325e-08  1.5047e-08  2.8178e-08  0:02:29  115

 Reversed flow on 37 faces (1.3% area) of pressure-outlet 21.
  4886  3.2468e-06  1.1513e-08  1.5210e-08  2.8472e-08  0:02:28  114

 Reversed flow on 37 faces (1.3% area) of pressure-outlet 21.
  4887  3.2643e-06  1.1717e-08  1.5111e-08  2.8998e-08  0:02:27  113

 Reversed flow on 37 faces (1.3% area) of pressure-outlet 21.
  4888  3.2396e-06  1.1744e-08  1.4780e-08  2.9155e-08  0:02:26  112

 Reversed flow on 37 faces (1.3% area) of pressure-outlet 21.
  4889  3.1712e-06  1.1575e-08  1.4145e-08  2.9779e-08  0:02:24  111

 Reversed flow on 37 faces (1.3% area) of pressure-outlet 21.
  4890  3.0705e-06  1.1390e-08  1.3400e-08  2.9962e-08  0:02:23  110

 Reversed flow on 37 faces (1.3% area) of pressure-outlet 21.
  4891  2.9764e-06  1.1159e-08  1.3019e-08  2.9715e-08  0:02:22  109

 Reversed flow on 37 faces (1.3% area) of pressure-outlet 21.
  4892  2.9091e-06  1.0901e-08  1.3134e-08  2.9130e-08  0:02:20  108

 Reversed flow on 37 faces (1.3% area) of pressure-outlet 21.
  4893  2.8934e-06  1.0651e-08  1.3476e-08  2.8614e-08  0:02:19  107

 Reversed flow on 37 faces (1.3% area) of pressure-outlet 21.
  4894  2.9467e-06  1.0486e-08  1.3847e-08  2.8123e-08  0:02:18  106

 Reversed flow on 37 faces (1.3% area) of pressure-outlet 21.
  4895  3.0339e-06  1.0582e-08  1.4255e-08  2.7542e-08  0:02:16  105

 Reversed flow on 37 faces (1.3% area) of pressure-outlet 21.

  iter  continuity  x-velocity  y-velocity  z-velocity     time/iter
  4896  3.1299e-06  1.1006e-08  1.4729e-08  2.7745e-08  0:02:15  104

 Reversed flow on 37 faces (1.3% area) of pressure-outlet 21.
  4897  3.2451e-06  1.1483e-08  1.5034e-08  2.8540e-08  0:02:14  103

 Reversed flow on 37 faces (1.3% area) of pressure-outlet 21.
  4898  3.3341e-06  1.1892e-08  1.5121e-08  2.9184e-08  0:02:13  102

 Reversed flow on 37 faces (1.3% area) of pressure-outlet 21.
  4899  3.4035e-06  1.2346e-08  1.4969e-08  2.8857e-08  0:02:12  101

 Reversed flow on 37 faces (1.3% area) of pressure-outlet 21.
  4900  3.4212e-06  1.2485e-08  1.4443e-08  2.9171e-08  0:02:10  100

 Reversed flow on 37 faces (1.3% area) of pressure-outlet 21.
  4901  3.3988e-06  1.2456e-08  1.4010e-08  2.9480e-08  0:02:09   99

 Reversed flow on 37 faces (1.3% area) of pressure-outlet 21.
  4902  3.3025e-06  1.2227e-08  1.4163e-08  2.9160e-08  0:02:07   98

 Reversed flow on 37 faces (1.3% area) of pressure-outlet 21.
  4903  3.1378e-06  1.1847e-08  1.4448e-08  2.8834e-08  0:02:06   97

 Reversed flow on 37 faces (1.3% area) of pressure-outlet 21.
  4904  2.9374e-06  1.1465e-08  1.4548e-08  2.8086e-08  0:02:05   96

 Reversed flow on 37 faces (1.3% area) of pressure-outlet 21.
  4905  2.7887e-06  1.1103e-08  1.4408e-08  2.7158e-08  0:02:03   95

 Reversed flow on 37 faces (1.3% area) of pressure-outlet 21.
  4906  2.7311e-06  1.0940e-08  1.4224e-08  2.7026e-08  0:02:02   94

 Reversed flow on 37 faces (1.3% area) of pressure-outlet 21.

  iter  continuity  x-velocity  y-velocity  z-velocity     time/iter
  4907  2.6877e-06  1.1085e-08  1.4067e-08  2.6368e-08  0:02:01   93

 Reversed flow on 37 faces (1.3% area) of pressure-outlet 21.
  4908  2.6762e-06  1.1149e-08  1.3669e-08  2.6045e-08  0:02:00   92

 Reversed flow on 37 faces (1.3% area) of pressure-outlet 21.
  4909  2.7004e-06  1.1081e-08  1.2921e-08  2.5752e-08  0:01:58   91

 Reversed flow on 37 faces (1.3% area) of pressure-outlet 21.
  4910  2.7524e-06  1.0947e-08  1.2203e-08  2.5449e-08  0:01:57   90

 Reversed flow on 37 faces (1.3% area) of pressure-outlet 21.
  4911  2.7594e-06  1.0655e-08  1.1636e-08  2.5476e-08  0:01:56   89

 Reversed flow on 37 faces (1.3% area) of pressure-outlet 21.
  4912  2.7716e-06  1.0380e-08  1.1741e-08  2.5446e-08  0:01:54   88

 Reversed flow on 37 faces (1.3% area) of pressure-outlet 21.
  4913  2.8049e-06  1.0084e-08  1.2253e-08  2.5342e-08  0:01:53   87

 Reversed flow on 37 faces (1.3% area) of pressure-outlet 21.
  4914  2.8413e-06  9.9255e-09  1.2863e-08  2.4748e-08  0:01:52   86

 Reversed flow on 37 faces (1.3% area) of pressure-outlet 21.
  4915  2.8669e-06  9.7976e-09  1.3456e-08  2.4877e-08  0:01:50   85

 Reversed flow on 37 faces (1.3% area) of pressure-outlet 21.
  4916  2.8866e-06  9.8115e-09  1.3930e-08  2.4769e-08  0:01:49   84

 Reversed flow on 37 faces (1.3% area) of pressure-outlet 21.
  4917  2.8896e-06  1.0088e-08  1.4232e-08  2.5194e-08  0:01:48   83

 Reversed flow on 37 faces (1.3% area) of pressure-outlet 21.

  iter  continuity  x-velocity  y-velocity  z-velocity     time/iter
  4918  2.8833e-06  1.0350e-08  1.4312e-08  2.5770e-08  0:01:46   82

 Reversed flow on 37 faces (1.3% area) of pressure-outlet 21.
  4919  2.8365e-06  1.0480e-08  1.4035e-08  2.6962e-08  0:01:45   81

 Reversed flow on 37 faces (1.3% area) of pressure-outlet 21.
  4920  2.8233e-06  1.0617e-08  1.3473e-08  2.7768e-08  0:01:44   80

 Reversed flow on 37 faces (1.3% area) of pressure-outlet 21.
  4921  2.8169e-06  1.0743e-08  1.2766e-08  2.8325e-08  0:01:43   79

 Reversed flow on 37 faces (1.3% area) of pressure-outlet 21.
  4922  2.8430e-06  1.0832e-08  1.2354e-08  2.8590e-08  0:01:41   78

 Reversed flow on 37 faces (1.3% area) of pressure-outlet 21.
  4923  2.8964e-06  1.0839e-08  1.2844e-08  2.8587e-08  0:01:40   77

 Reversed flow on 37 faces (1.3% area) of pressure-outlet 21.
  4924  2.9836e-06  1.0819e-08  1.3454e-08  2.8248e-08  0:01:39   76

 Reversed flow on 37 faces (1.3% area) of pressure-outlet 21.
  4925  3.0731e-06  1.1035e-08  1.4160e-08  2.7448e-08  0:01:37   75

 Reversed flow on 37 faces (1.3% area) of pressure-outlet 21.
  4926  3.1772e-06  1.1308e-08  1.4821e-08  2.6851e-08  0:01:36   74

 Reversed flow on 37 faces (1.3% area) of pressure-outlet 21.
  4927  3.2611e-06  1.1648e-08  1.5300e-08  2.7258e-08  0:01:35   73

 Reversed flow on 37 faces (1.3% area) of pressure-outlet 21.
  4928  3.3265e-06  1.2162e-08  1.5554e-08  2.7714e-08  0:01:33   72

 Reversed flow on 37 faces (1.3% area) of pressure-outlet 21.

  iter  continuity  x-velocity  y-velocity  z-velocity     time/iter
  4929  3.3871e-06  1.2577e-08  1.5510e-08  2.8403e-08  0:01:32   71

 Reversed flow on 37 faces (1.3% area) of pressure-outlet 21.
  4930  3.4270e-06  1.2589e-08  1.5008e-08  2.9614e-08  0:01:31   70

 Reversed flow on 37 faces (1.3% area) of pressure-outlet 21.
  4931  3.4114e-06  1.2529e-08  1.4380e-08  3.0543e-08  0:01:30   69

 Reversed flow on 37 faces (1.3% area) of pressure-outlet 21.
  4932  3.3357e-06  1.2329e-08  1.3724e-08  3.0772e-08  0:01:28   68

 Reversed flow on 37 faces (1.3% area) of pressure-outlet 21.
  4933  3.1939e-06  1.2004e-08  1.3602e-08  3.0973e-08  0:01:27   67

 Reversed flow on 37 faces (1.3% area) of pressure-outlet 21.
  4934  3.0222e-06  1.1518e-08  1.3612e-08  3.0577e-08  0:01:26   66

 Reversed flow on 37 faces (1.3% area) of pressure-outlet 21.
  4935  2.8892e-06  1.1142e-08  1.3596e-08  3.0022e-08  0:01:24   65

 Reversed flow on 37 faces (1.3% area) of pressure-outlet 21.
  4936  2.8525e-06  1.0913e-08  1.3758e-08  2.9465e-08  0:01:23   64

 Reversed flow on 37 faces (1.3% area) of pressure-outlet 21.
  4937  2.8435e-06  1.0946e-08  1.4135e-08  2.8389e-08  0:01:22   63

 Reversed flow on 37 faces (1.3% area) of pressure-outlet 21.
  4938  2.8671e-06  1.1157e-08  1.4334e-08  2.7970e-08  0:01:20   62

 Reversed flow on 37 faces (1.3% area) of pressure-outlet 21.
  4939  2.9484e-06  1.1401e-08  1.4189e-08  2.8064e-08  0:01:19   61

 Reversed flow on 37 faces (1.3% area) of pressure-outlet 21.

  iter  continuity  x-velocity  y-velocity  z-velocity     time/iter
  4940  3.0487e-06  1.1559e-08  1.3963e-08  2.8266e-08  0:01:18   60

 Reversed flow on 37 faces (1.3% area) of pressure-outlet 21.
  4941  3.1344e-06  1.1499e-08  1.3626e-08  2.8912e-08  0:01:17   59

 Reversed flow on 37 faces (1.3% area) of pressure-outlet 21.
  4942  3.2082e-06  1.1441e-08  1.3302e-08  2.9569e-08  0:01:15   58

 Reversed flow on 37 faces (1.3% area) of pressure-outlet 21.
  4943  3.2891e-06  1.1334e-08  1.3269e-08  3.0040e-08  0:01:14   57

 Reversed flow on 37 faces (1.3% area) of pressure-outlet 21.
  4944  3.3338e-06  1.1226e-08  1.3893e-08  2.9301e-08  0:01:13   56

 Reversed flow on 37 faces (1.3% area) of pressure-outlet 21.
  4945  3.3431e-06  1.1102e-08  1.4526e-08  2.9343e-08  0:01:12   55

 Reversed flow on 37 faces (1.3% area) of pressure-outlet 21.
  4946  3.3161e-06  1.1077e-08  1.5108e-08  2.8764e-08  0:01:10   54

 Reversed flow on 37 faces (1.3% area) of pressure-outlet 21.
  4947  3.2940e-06  1.1100e-08  1.5467e-08  2.8417e-08  0:01:09   53

 Reversed flow on 37 faces (1.3% area) of pressure-outlet 21.
  4948  3.2325e-06  1.1280e-08  1.5654e-08  2.8495e-08  0:01:08   52

 Reversed flow on 37 faces (1.3% area) of pressure-outlet 21.
  4949  3.1689e-06  1.1665e-08  1.5559e-08  2.9318e-08  0:01:06   51

 Reversed flow on 37 faces (1.3% area) of pressure-outlet 21.
  4950  3.1149e-06  1.2071e-08  1.5192e-08  3.0066e-08  0:01:05   50

 Reversed flow on 37 faces (1.3% area) of pressure-outlet 21.

  iter  continuity  x-velocity  y-velocity  z-velocity     time/iter
  4951  3.0448e-06  1.2396e-08  1.4595e-08  2.9913e-08  0:01:04   49

 Reversed flow on 37 faces (1.3% area) of pressure-outlet 21.
  4952  2.9972e-06  1.2521e-08  1.3931e-08  2.9620e-08  0:01:02   48

 Reversed flow on 37 faces (1.3% area) of pressure-outlet 21.
  4953  3.0059e-06  1.2392e-08  1.3413e-08  2.9442e-08  0:01:01   47

 Reversed flow on 37 faces (1.3% area) of pressure-outlet 21.
  4954  3.0367e-06  1.2090e-08  1.3408e-08  2.8829e-08  0:01:00   46

 Reversed flow on 37 faces (1.3% area) of pressure-outlet 21.
  4955  3.0704e-06  1.1734e-08  1.3713e-08  2.7885e-08  0:00:58   45

 Reversed flow on 37 faces (1.3% area) of pressure-outlet 21.
  4956  3.1012e-06  1.1497e-08  1.4146e-08  2.7234e-08  0:00:57   44

 Reversed flow on 37 faces (1.3% area) of pressure-outlet 21.
  4957  3.1236e-06  1.1350e-08  1.4609e-08  2.6732e-08  0:00:56   43

 Reversed flow on 37 faces (1.3% area) of pressure-outlet 21.
  4958  3.1319e-06  1.1415e-08  1.5055e-08  2.6174e-08  0:00:55   42

 Reversed flow on 37 faces (1.3% area) of pressure-outlet 21.
  4959  3.1520e-06  1.1701e-08  1.5287e-08  2.6070e-08  0:00:53   41

 Reversed flow on 37 faces (1.3% area) of pressure-outlet 21.
  4960  3.1813e-06  1.1750e-08  1.5110e-08  2.7188e-08  0:00:52   40

 Reversed flow on 37 faces (1.3% area) of pressure-outlet 21.
  4961  3.1703e-06  1.1719e-08  1.4707e-08  2.7879e-08  0:00:51   39

 Reversed flow on 37 faces (1.3% area) of pressure-outlet 21.

  iter  continuity  x-velocity  y-velocity  z-velocity     time/iter
  4962  3.1159e-06  1.1584e-08  1.4038e-08  2.8052e-08  0:00:52   38

 Reversed flow on 37 faces (1.3% area) of pressure-outlet 21.
  4963  2.9850e-06  1.1305e-08  1.3306e-08  2.8485e-08  0:00:50   37

 Reversed flow on 37 faces (1.3% area) of pressure-outlet 21.
  4964  2.8257e-06  1.0875e-08  1.2779e-08  2.8362e-08  0:00:48   36

 Reversed flow on 37 faces (1.3% area) of pressure-outlet 21.
  4965  2.6918e-06  1.0447e-08  1.2726e-08  2.7860e-08  0:00:47   35

 Reversed flow on 37 faces (1.3% area) of pressure-outlet 21.
  4966  2.6399e-06  1.0163e-08  1.2894e-08  2.7367e-08  0:00:45   34

 Reversed flow on 37 faces (1.3% area) of pressure-outlet 21.
  4967  2.5816e-06  1.0005e-08  1.3303e-08  2.5862e-08  0:00:44   33

 Reversed flow on 37 faces (1.3% area) of pressure-outlet 21.
  4968  2.5919e-06  9.8248e-09  1.3444e-08  2.4966e-08  0:00:42   32

 Reversed flow on 37 faces (1.3% area) of pressure-outlet 21.
  4969  2.6286e-06  9.9408e-09  1.3382e-08  2.4751e-08  0:00:41   31

 Reversed flow on 37 faces (1.3% area) of pressure-outlet 21.
  4970  2.7256e-06  1.0310e-08  1.3344e-08  2.5022e-08  0:00:39   30

 Reversed flow on 37 faces (1.3% area) of pressure-outlet 21.
  4971  2.7957e-06  1.0498e-08  1.3244e-08  2.5928e-08  0:00:38   29

 Reversed flow on 37 faces (1.3% area) of pressure-outlet 21.
  4972  2.9161e-06  1.0636e-08  1.3030e-08  2.6852e-08  0:00:37   28

 Reversed flow on 37 faces (1.3% area) of pressure-outlet 21.

  iter  continuity  x-velocity  y-velocity  z-velocity     time/iter
  4973  3.0526e-06  1.0735e-08  1.2781e-08  2.7703e-08  0:00:35   27

 Reversed flow on 37 faces (1.3% area) of pressure-outlet 21.
  4974  3.1611e-06  1.0865e-08  1.2729e-08  2.7386e-08  0:00:34   26

 Reversed flow on 37 faces (1.3% area) of pressure-outlet 21.
  4975  3.2192e-06  1.0934e-08  1.3264e-08  2.7785e-08  0:00:33   25

 Reversed flow on 37 faces (1.3% area) of pressure-outlet 21.
  4976  3.2379e-06  1.0892e-08  1.3875e-08  2.7667e-08  0:00:31   24

 Reversed flow on 37 faces (1.3% area) of pressure-outlet 21.
  4977  3.2283e-06  1.0994e-08  1.4439e-08  2.7432e-08  0:00:30   23

 Reversed flow on 37 faces (1.3% area) of pressure-outlet 21.
  4978  3.1759e-06  1.1120e-08  1.4940e-08  2.6921e-08  0:00:29   22

 Reversed flow on 37 faces (1.3% area) of pressure-outlet 21.
  4979  3.0882e-06  1.1403e-08  1.5208e-08  2.7176e-08  0:00:27   21

 Reversed flow on 37 faces (1.3% area) of pressure-outlet 21.
  4980  3.0065e-06  1.1807e-08  1.5148e-08  2.7875e-08  0:00:26   20

 Reversed flow on 37 faces (1.3% area) of pressure-outlet 21.
  4981  2.9548e-06  1.2062e-08  1.4755e-08  2.8840e-08  0:00:25   19

 Reversed flow on 37 faces (1.3% area) of pressure-outlet 21.
  4982  2.9445e-06  1.2147e-08  1.4186e-08  2.9533e-08  0:00:23   18

 Reversed flow on 37 faces (1.3% area) of pressure-outlet 21.
  4983  2.9850e-06  1.2065e-08  1.3511e-08  3.0165e-08  0:00:22   17

 Reversed flow on 37 faces (1.3% area) of pressure-outlet 21.

  iter  continuity  x-velocity  y-velocity  z-velocity     time/iter
  4984  3.0546e-06  1.1842e-08  1.2818e-08  3.0349e-08  0:00:21   16

 Reversed flow on 37 faces (1.3% area) of pressure-outlet 21.
  4985  3.1234e-06  1.1650e-08  1.2719e-08  3.0043e-08  0:00:19   15

 Reversed flow on 37 faces (1.3% area) of pressure-outlet 21.
  4986  3.1654e-06  1.1423e-08  1.3207e-08  2.9504e-08  0:00:18   14

 Reversed flow on 37 faces (1.3% area) of pressure-outlet 21.
  4987  3.1829e-06  1.1312e-08  1.3811e-08  2.8974e-08  0:00:17   13

 Reversed flow on 37 faces (1.3% area) of pressure-outlet 21.
  4988  3.1856e-06  1.1228e-08  1.4448e-08  2.7942e-08  0:00:16   12

 Reversed flow on 37 faces (1.3% area) of pressure-outlet 21.
  4989  3.2359e-06  1.1222e-08  1.4890e-08  2.7556e-08  0:00:14   11

 Reversed flow on 37 faces (1.3% area) of pressure-outlet 21.
  4990  3.2705e-06  1.1313e-08  1.5050e-08  2.8189e-08  0:00:13   10

 Reversed flow on 37 faces (1.3% area) of pressure-outlet 21.
  4991  3.2913e-06  1.1605e-08  1.5065e-08  2.8873e-08  0:00:12    9

 Reversed flow on 37 faces (1.3% area) of pressure-outlet 21.
  4992  3.2498e-06  1.1726e-08  1.4806e-08  2.9255e-08  0:00:10    8

 Reversed flow on 37 faces (1.3% area) of pressure-outlet 21.
  4993  3.1690e-06  1.1599e-08  1.4276e-08  3.0057e-08  0:00:09    7

 Reversed flow on 37 faces (1.3% area) of pressure-outlet 21.
  4994  3.0456e-06  1.1288e-08  1.3457e-08  3.0345e-08  0:00:08    6

 Reversed flow on 37 faces (1.3% area) of pressure-outlet 21.

  iter  continuity  x-velocity  y-velocity  z-velocity     time/iter
  4995  2.9484e-06  1.0984e-08  1.2723e-08  3.0241e-08  0:00:07    5

 Reversed flow on 37 faces (1.3% area) of pressure-outlet 21.
  4996  2.9089e-06  1.0720e-08  1.2800e-08  2.9635e-08  0:00:05    4

 Reversed flow on 37 faces (1.3% area) of pressure-outlet 21.
  4997  2.8676e-06  1.0462e-08  1.3176e-08  2.8535e-08  0:00:04    3

 Reversed flow on 37 faces (1.3% area) of pressure-outlet 21.
  4998  2.8727e-06  1.0313e-08  1.3483e-08  2.7749e-08  0:00:03    2

 Reversed flow on 37 faces (1.3% area) of pressure-outlet 21.
  4999  2.9136e-06  1.0345e-08  1.3721e-08  2.7077e-08  0:00:01    1

 Reversed flow on 37 faces (1.3% area) of pressure-outlet 21.
  5000  2.9888e-06  1.0679e-08  1.4081e-08  2.6954e-08  0:00:00    0

> 
adjoint/                parallel/               server/
define/                 parametric-study/       solve/
display/                plot/                   surface/
exit                    preferences/            turbo-setup/
file/                   print-license-usage     views/
mesh/                   report/

> ; ===========================================================
; DATA EXPORT
; ===========================================================

adjoint/                parallel/               server/
define/                 parametric-study/       solve/
display/                plot/                   surface/
exit                    preferences/            turbo-setup/
file/                   print-license-usage     views/
mesh/                   report/

> /surface/zone-surface interior-data fluid_domain

> 
adjoint/                parallel/               server/
define/                 parametric-study/       solve/
display/                plot/                   surface/
exit                    preferences/            turbo-setup/
file/                   print-license-usage     views/
mesh/                   report/

> ; Save case and data
/file/write-case-data "results/coronary_extracted_vessel/Re700/bifurcation_Re700.cas.h5"Fast-loading "C:\PROGRA~1\ANSYSI~1\v252\fluent\fluent25.2.0\\addons\afd\lib\hdfio.bin"
Done.

Writing to DESKTOP-BBN4MI6:"C:\Users\radie\Desktop\1_TrainingSIMS\realbifurcationSIM\results/coronary_extracted_vessel/Re700/bifurcation_Re700.cas.h5" in NODE0 mode and compression level 1 ...
Grouping cells for Laplace smoothing ...
      567668 cells,     1 zone  ...
     1279652 faces,     5 zones ...
      211243 nodes,     1 zone  ...
  Done.
Done.

Writing to DESKTOP-BBN4MI6:"C:\Users\radie\Desktop\1_TrainingSIMS\realbifurcationSIM\results/coronary_extracted_vessel/Re700/bifurcation_Re700.dat.h5" in NODE0 mode and compression level 1 ...
  Writing results.
Done.


> 
adjoint/                parallel/               server/
define/                 parametric-study/       solve/
display/                plot/                   surface/
exit                    preferences/            turbo-setup/
file/                   print-license-usage     views/
mesh/                   report/

> ; Export interior field data
/file/export/ascii "results/coronary_extracted_vessel/Re700/interior_full_Re700.csv" interior-data () no x-coordinate y-coordinate z-coordinate pressure x-velocity y-velocity z-velocity velocity-magnitude ()

Location/Cell-Centered?,
if Cell-Centered not chosen, node values of scalars are reported [no] ; Respond to the single prompt:
; Location/Cell-Centered? [no]
no

Writing "results/coronary_extracted_vessel/Re700/interior_full_Re700.csv"...

Writing information to ascii file ...
Done.


> 
adjoint/                parallel/               server/
define/                 parametric-study/       solve/
display/                plot/                   surface/
exit                    preferences/            turbo-setup/
file/                   print-license-usage     views/
mesh/                   report/

> ; Export wall data
/file/export/ascii "results/coronary_extracted_vessel/Re700/wall_data_Re700.csv" wall-fluid_domain () no x-coordinate y-coordinate z-coordinate pressure wall-shear x-wall-shear y-wall-shear z-wall-shear ()

Location/Cell-Centered?,
if Cell-Centered not chosen, node values of scalars are reported [no] ; Location/Cell-Centered? [no]
no

Writing "results/coronary_extracted_vessel/Re700/wall_data_Re700.csv"...

Writing information to ascii file ...
Done.


> 
adjoint/                parallel/               server/
define/                 parametric-study/       solve/
display/                plot/                   surface/
exit                    preferences/            turbo-setup/
file/                   print-license-usage     views/
mesh/                   report/

> ; Export outlet data
/file/export/ascii "results/coronary_extracted_vessel/Re700/outlets_Re700.csv" outlet_1 outlet_2 () no x-coordinate y-coordinate z-coordinate pressure velocity-magnitude ()

Location/Cell-Centered?,
if Cell-Centered not chosen, node values of scalars are reported [no] ; Location/Cell-Centered? [no]
no

Writing "results/coronary_extracted_vessel/Re700/outlets_Re700.csv"...

Writing information to ascii file ...
Done.


> 
adjoint/                parallel/               server/
define/                 parametric-study/       solve/
display/                plot/                   surface/
exit                    preferences/            turbo-setup/
file/                   print-license-usage     views/
mesh/                   report/

> /exit 
Posting ANSYS Product Improvement Program performance data 
Done.
Auto-Transcript Stop Time:  23:59:32, 22 Feb 2026 E. Australia Standard Time 
Total Transcript Time: 1 Hour 49 Minute 29 Second.

Automatic transcript closed.
