
Opening input/output transcript to file "C:\Users\radie\Desktop\1_TrainingSIMS\realbifurcationSIM\\fluent-20260222-193929-9184.trn".
Auto-Transcript Start Time:  19:39:29, 22 Feb 2026 E. Australia Standard Time 

              Welcome to ANSYS Fluent 2025 R2.04

              Copyright 1987-2025 ANSYS, Inc. All Rights Reserved.
              Unauthorized use, distribution or duplication is prohibited.
              This product is subject to U.S. laws governing export and re-export.
              For full Legal Notice, see documentation.

Build Time: Oct  7 2025 15:34:38 EDT  Build Id: 10205  
 
Connected License Server List:	1055@localhost

     --------------------------------------------------------------
     This is an academic version of ANSYS FLUENT. Usage of this product
     license is limited to the terms and conditions specified in your ANSYS
     license form, additional terms section.
     --------------------------------------------------------------
Host spawning Node 0 on machine "DESKTOP-BBN4MI6" (win64).

-----------------------------------------------------------------------------------
ID    Hostname         Core  O.S.         PID    Vendor                           
-----------------------------------------------------------------------------------
n3    DESKTOP-BBN4MI6  4/12  Windows-x64  18164  Intel(R) Core(TM) i5-10400F      
n2    DESKTOP-BBN4MI6  3/12  Windows-x64  27716  Intel(R) Core(TM) i5-10400F      
n1    DESKTOP-BBN4MI6  2/12  Windows-x64  25796  Intel(R) Core(TM) i5-10400F      
n0*   DESKTOP-BBN4MI6  1/12  Windows-x64  28684  Intel(R) Core(TM) i5-10400F      
host  DESKTOP-BBN4MI6        Windows-x64  16004  Intel(R) Core(TM) i5-10400F      

MPI Option Selected: intel
Selected system interconnect: default
-----------------------------------------------------------------------------------

Cleanup script file is C:\\Users\\radie\\Desktop\\1_TrainingSIMS\\realbifurcationSIM\\cleanup-fluent-DESKTOP-BBN4MI6-16004.bat

Posting ANSYS Product Improvement Program startup data
Done.

Reading journal file results/coronary_extracted_vessel/Re50/run_coronary_extracted_vessel_Re50.jou...

> ; ===========================================================
; bifurcation_template_robust.jou  (BATCH-SAFE EXPORT FIX)
; Validated for ANSYS Fluent 2025 R2 (25.2)
; Mesh -> laminar -> water-liquid -> BCs -> iterate -> export
; ===========================================================

/file/set-tui-version "25.2"

> /file/set-batch-options yes no yes

> ; overwrite files? yes
; hide questions?  no   (keep no because BC sections still use scripted responses)
; exit on error?   yes

define/                 parametric-study/       solve/
display/                plot/                   surface/
exit                    preferences/            switch-to-meshing-mode
file/                   print-license-usage     turbo-setup/
mesh/                   report/                 views/
parallel/               server/

> ; Prevent overwrite prompts during export/write
/file/confirm-overwrite? no

> 
define/                 parametric-study/       solve/
display/                plot/                   surface/
exit                    preferences/            switch-to-meshing-mode
file/                   print-license-usage     turbo-setup/
mesh/                   report/                 views/
parallel/               server/

> /file/read-case "coronary_extracted_vessel.msh"Multicore SMT processors detected. Processor affinity set!

Reading "coronary_extracted_vessel.msh"...

Buffering for file scan...

Warning: Skipping edges zones section(s).
   24258 nodes.
   30106 nodes.
  156879 nodes.
   57325 triangular wall faces, zone 19.
    1031 mixed velocity-inlet faces, zone 20.
     709 mixed pressure-outlet faces, zone 21.
     267 mixed pressure-outlet faces, zone 22.
 1220320 mixed interior faces, zone 3117.
  567668 mixed cells, zone 3115.

Building...
     mesh
	auto partitioning mesh by Metis (fast),
	distributing mesh
		parts....,
		faces....,
		nodes....,
		cells....,
        bandwidth reduction using Reverse Cuthill-McKee: 140694/1073 = 131.122
     materials,
     interface,
     domains,
     zones,
	Skipping thread 11 of domain 1 (not referenced by grid).
	Skipping thread 14 of domain 1 (not referenced by grid).
	Skipping thread 15 of domain 1 (not referenced by grid).
	Skipping thread 16 of domain 1 (not referenced by grid).
	Skipping thread 17 of domain 1 (not referenced by grid).
	Skipping thread 18 of domain 1 (not referenced by grid).
	wall-fluid_domain
	inlet
	outlet_1
	outlet_2
	interior--fluid_domain
	fluid_domain
     parallel,
Done.
Mesh is now scaled to meters.


> 
adjoint/                parallel/               server/
define/                 parametric-study/       solve/
display/                plot/                   surface/
exit                    preferences/            turbo-setup/
file/                   print-license-usage     views/
mesh/                   report/

> ; ---------- Models ----------
/define/models/solver/pressure-based yes

> /define/models/viscous/laminar yes

> 
adjoint/                parallel/               server/
define/                 parametric-study/       solve/
display/                plot/                   surface/
exit                    preferences/            turbo-setup/
file/                   print-license-usage     views/
mesh/                   report/

> ; ---------- Materials ----------
/define/materials/copy fluid water-liquid

Material "water-liquid" copied from database: fluent-database.


> /define/boundary-conditions/fluid (fluid_domain)
fluid_domain yes water-liquid
Specify source terms? [no] no
Specify fixed values? [no] no
Frame Motion? [no] no
Use Profile for Reference Frame X-Origin of Rotation-Axis? [no] no
Reference Frame X-Origin of Rotation-Axis (constant or expression) (in [m]) [0] 0
Use Profile for Reference Frame Y-Origin of Rotation-Axis? [no] no
Reference Frame Y-Origin of Rotation-Axis (constant or expression) (in [m]) [0] 0
Use Profile for Reference Frame Z-Origin of Rotation-Axis? [no] no
Reference Frame Z-Origin of Rotation-Axis (constant or expression) (in [m]) [0] 0
Use Profile for Reference Frame X-Component of Rotation-Axis? [no] no
Reference Frame X-Component of Rotation-Axis (constant or expression) [0] 0
Use Profile for Reference Frame Y-Component of Rotation-Axis? [no] no
Reference Frame Y-Component of Rotation-Axis (constant or expression) [0] 0
Use Profile for Reference Frame Z-Component of Rotation-Axis? [no] no
Reference Frame Z-Component of Rotation-Axis (constant or expression) [1] 1
Mesh Motion? [no] no
Enter yes or no to continue [no] no
Porous zone? [no] no
3D Fan Zone? [no] no

> 
adjoint/                parallel/               server/
define/                 parametric-study/       solve/
display/                plot/                   surface/
exit                    preferences/            turbo-setup/
file/                   print-license-usage     views/
mesh/                   report/

> ; ---------- Boundary Conditions ----------
; INLET
/define/boundary-conditions/velocity-inlet (inlet)
inlet
Velocity Specification Method: Magnitude and Direction [no] no
Velocity Specification Method: Components [no] no
Velocity Specification Method: Magnitude, Normal to Boundary [yes] yes
Reference Frame: Absolute [yes] yes
Use Profile for Velocity Magnitude? [no] no
Velocity Magnitude (constant or expression) (in [m/s]) [0] 0.014992083971134874
Use Profile for Supersonic/Initial Gauge Pressure? [no] no
Supersonic/Initial Gauge Pressure (constant or expression) (in [Pa]) [0] 0

> 
adjoint/                parallel/               server/
define/                 parametric-study/       solve/
display/                plot/                   surface/
exit                    preferences/            turbo-setup/
file/                   print-license-usage     views/
mesh/                   report/

> ; OUTLETS
/define/boundary-conditions/pressure-outlet (outlet_2 outlet_1)
outlet_1
Backflow Reference Frame: Absolute [yes] yes
Use Profile for Gauge Pressure? [no] no
Gauge Pressure (constant or expression) (in [Pa]) [0] 0
Backflow Direction Specification Method: Direction Vector [no] no
Backflow Direction Specification Method: Normal to Boundary [yes] yes
Backflow Pressure Specification: Total Pressure [yes] yes
Radial Equilibrium Pressure Distribution [no] no
Average Pressure Specification? [no] no
Specify targeted mass flow rate [no] no

> 
adjoint/                parallel/               server/
define/                 parametric-study/       solve/
display/                plot/                   surface/
exit                    preferences/            turbo-setup/
file/                   print-license-usage     views/
mesh/                   report/

> /define/boundary-conditions/pressure-outlet (outlet_2 outlet_1)
outlet_2
Backflow Reference Frame: Absolute [yes] yes
Use Profile for Gauge Pressure? [no] no
Gauge Pressure (constant or expression) (in [Pa]) [0] 0
Backflow Direction Specification Method: Direction Vector [no] no
Backflow Direction Specification Method: Normal to Boundary [yes] yes
Backflow Pressure Specification: Total Pressure [yes] yes
Radial Equilibrium Pressure Distribution [no] no
Average Pressure Specification? [no] no
Specify targeted mass flow rate [no] no

> 
adjoint/                parallel/               server/
define/                 parametric-study/       solve/
display/                plot/                   surface/
exit                    preferences/            turbo-setup/
file/                   print-license-usage     views/
mesh/                   report/

> ; WALLS
/define/boundary-conditions/wall (wall-fluid_domain)
wall-fluid_domain
Wall Motion [motion-bc-stationary]: Change current value? [no] no
Shear Boundary Condition [shear-bc-noslip]: Change current value? [no] no

> 
adjoint/                parallel/               server/
define/                 parametric-study/       solve/
display/                plot/                   surface/
exit                    preferences/            turbo-setup/
file/                   print-license-usage     views/
mesh/                   report/

> ; ---------- Solution Methods ----------
/solve/set/p-v-coupling 24

> /solve/set/discretization-scheme/pressure 12

> /solve/set/discretization-scheme/mom 4

> 
adjoint/                parallel/               server/
define/                 parametric-study/       solve/
display/                plot/                   surface/
exit                    preferences/            turbo-setup/
file/                   print-license-usage     views/
mesh/                   report/

> ; ---------- Solution Controls ----------
/solve/monitors/residual/convergence-criteria 1e-6 1e-5 1e-5 1e-5

> /solve/monitors/residual/print? yes

> 
adjoint/                parallel/               server/
define/                 parametric-study/       solve/
display/                plot/                   surface/
exit                    preferences/            turbo-setup/
file/                   print-license-usage     views/
mesh/                   report/

> ; ---------- Initialization ----------
/solve/initialize/compute-defaults/velocity-inlet (inlet)
inlet

> /solve/initialize/initialize-flow

> 
adjoint/                parallel/               server/
define/                 parametric-study/       solve/
display/                plot/                   surface/
exit                    preferences/            turbo-setup/
file/                   print-license-usage     views/
mesh/                   report/

> ; ---------- Solve ----------
/solve/iterate 2500

  iter  continuity  x-velocity  y-velocity  z-velocity     time/iter

 Reversed flow on 709 faces (100.0% area) of pressure-outlet 21.
     1  1.0000e+00  1.3726e-02  1.7572e-02  4.3438e-03  1:49:37 2499

 Reversed flow on 127 faces (5.5% area) of pressure-outlet 21.
     2  7.2201e-01  1.2962e-02  1.6819e-02  5.1358e-03  1:41:33 2498

 Reversed flow on 379 faces (23.1% area) of pressure-outlet 21.
     3  3.7053e-01  5.4079e-03  6.4343e-03  3.1397e-03  1:31:54 2497

 Reversed flow on 303 faces (16.5% area) of pressure-outlet 21.
     4  2.4240e-01  2.7500e-03  3.0813e-03  2.0112e-03  1:24:33 2496

 Reversed flow on 218 faces (10.9% area) of pressure-outlet 21.
     5  1.7520e-01  1.4669e-03  1.5579e-03  1.2996e-03  1:18:20 2495

 Reversed flow on 167 faces (7.9% area) of pressure-outlet 21.
     6  1.3685e-01  8.4848e-04  8.5833e-04  8.8279e-04  1:16:07 2494

 Reversed flow on 123 faces (5.4% area) of pressure-outlet 21.
     7  1.0921e-01  5.3394e-04  5.2285e-04  6.2137e-04  1:11:30 2493

 Reversed flow on 99 faces (4.5% area) of pressure-outlet 21.
     8  8.4642e-02  3.5995e-04  3.4120e-04  4.4980e-04  1:10:35 2492

 Reversed flow on 68 faces (3.2% area) of pressure-outlet 21.
     9  6.5701e-02  2.5737e-04  2.4144e-04  3.3239e-04  1:09:56 2491

 Reversed flow on 58 faces (2.6% area) of pressure-outlet 21.
    10  5.0528e-02  1.9010e-04  1.7651e-04  2.5090e-04  1:09:23 2490

 Reversed flow on 40 faces (1.6% area) of pressure-outlet 21.
    11  3.8573e-02  1.4303e-04  1.3152e-04  1.9047e-04  1:14:40 2489

 Reversed flow on 27 faces (1.1% area) of pressure-outlet 21.

  iter  continuity  x-velocity  y-velocity  z-velocity     time/iter
    12  2.9416e-02  1.1038e-04  1.0159e-04  1.4930e-04  1:10:18 2488

 Reversed flow on 20 faces (0.9% area) of pressure-outlet 21.
    13  2.1985e-02  8.0746e-05  7.2060e-05  1.0904e-04  1:12:37 2487

 Reversed flow on 13 faces (0.5% area) of pressure-outlet 21.
    14  1.7079e-02  6.4216e-05  5.6973e-05  8.6300e-05  1:14:23 2486

 Reversed flow on 8 faces (0.2% area) of pressure-outlet 21.
    15  1.3432e-02  5.1292e-05  4.4871e-05  6.8690e-05  1:15:44 2485

 Reversed flow on 6 faces (0.1% area) of pressure-outlet 21.
    16  1.0742e-02  4.1736e-05  3.6278e-05  5.5847e-05  1:13:56 2484

 Reversed flow on 6 faces (0.1% area) of pressure-outlet 21.
    17  8.5180e-03  3.3456e-05  2.8753e-05  4.4729e-05  1:12:27 2483

 Reversed flow on 6 faces (0.1% area) of pressure-outlet 21.
    18  6.7505e-03  2.6792e-05  2.2862e-05  3.5544e-05  1:11:18 2482

 Reversed flow on 4 faces (0.1% area) of pressure-outlet 21.
    19  5.3944e-03  2.1617e-05  1.8422e-05  2.8475e-05  1:10:20 2481

 Reversed flow on 4 faces (0.1% area) of pressure-outlet 21.
    20  4.3125e-03  1.7393e-05  1.4808e-05  2.2727e-05  1:09:33 2480

 Reversed flow on 7 faces (0.3% area) of pressure-outlet 21.
    21  3.4476e-03  1.4094e-05  1.1891e-05  1.8028e-05  1:06:07 2479

 Reversed flow on 12 faces (0.6% area) of pressure-outlet 21.
    22  2.7173e-03  1.1106e-05  9.3043e-06  1.4045e-05  1:03:25 2478

 Reversed flow on 10 faces (0.5% area) of pressure-outlet 21.

  iter  continuity  x-velocity  y-velocity  z-velocity     time/iter
    23  2.1566e-03  8.8038e-06  7.3142e-06  1.1100e-05  1:01:11 2477

 Reversed flow on 1 face (0.0% area) of pressure-outlet 21.
    24  1.7157e-03  7.0335e-06  5.8006e-06  8.7784e-06  1:02:15 2476
    25  1.3853e-03  5.7369e-06  4.6934e-06  7.1131e-06  1:03:06 2475
    26  1.1316e-03  4.7027e-06  3.7674e-06  5.8020e-06  1:03:47 2474
    27  9.3008e-04  3.8456e-06  3.0109e-06  4.7440e-06  1:04:20 2473
    28  7.6262e-04  3.1819e-06  2.4739e-06  3.8821e-06  1:04:45 2472
    29  6.2239e-04  2.6144e-06  2.0474e-06  3.1971e-06  1:05:05 2471

 Reversed flow on 3 faces (0.2% area) of pressure-outlet 21.
    30  5.1703e-04  2.2965e-06  1.7802e-06  2.7227e-06  1:05:20 2470

 Reversed flow on 8 faces (0.4% area) of pressure-outlet 21.
    31  4.3772e-04  1.9585e-06  1.5042e-06  2.2967e-06  1:05:31 2469

 Reversed flow on 8 faces (0.3% area) of pressure-outlet 21.
    32  3.6886e-04  1.6124e-06  1.2151e-06  1.9179e-06  1:05:41 2468
    33  3.0796e-04  1.3478e-06  1.0315e-06  1.5907e-06  1:05:50 2467

  iter  continuity  x-velocity  y-velocity  z-velocity     time/iter
    34  2.5431e-04  1.1519e-06  9.1307e-07  1.3551e-06  1:05:55 2466
    35  2.1880e-04  1.0281e-06  8.0197e-07  1.1841e-06  1:06:04 2465
    36  1.9205e-04  8.9413e-07  6.7062e-07  1.0080e-06  1:03:23 2464
    37  1.5957e-04  7.5207e-07  5.8484e-07  8.2022e-07  1:01:06 2463
    38  1.2865e-04  6.1883e-07  5.1269e-07  6.7928e-07  1:02:06 2462

 Reversed flow on 2 faces (0.1% area) of pressure-outlet 21.
    39  1.0985e-04  6.7192e-07  5.6010e-07  6.3551e-07  1:02:52 2461

 Reversed flow on 7 faces (0.3% area) of pressure-outlet 21.
    40  1.0219e-04  5.9323e-07  4.9346e-07  5.6300e-07  1:03:29 2460

 Reversed flow on 6 faces (0.3% area) of pressure-outlet 21.
    41  9.1729e-05  4.9370e-07  3.9126e-07  4.7742e-07  1:01:11 2459
    42  7.6377e-05  4.1548e-07  3.3850e-07  3.7782e-07  1:02:12 2458
    43  6.1531e-05  3.7304e-07  3.3759e-07  3.4477e-07  1:02:57 2457
    44  5.7859e-05  3.7515e-07  3.2049e-07  3.4003e-07  1:03:33 2456

  iter  continuity  x-velocity  y-velocity  z-velocity     time/iter
    45  5.7977e-05  3.5100e-07  2.7823e-07  3.0838e-07  1:04:01 2455
    46  5.0678e-05  3.0953e-07  2.6461e-07  2.5727e-07  1:01:36 2454
    47  3.9251e-05  2.5747e-07  2.5082e-07  2.1476e-07  1:02:27 2453

 Reversed flow on 2 faces (0.1% area) of pressure-outlet 21.
    48  3.4560e-05  3.5937e-07  3.3292e-07  2.3888e-07  1:03:09 2452

 Reversed flow on 6 faces (0.3% area) of pressure-outlet 21.
    49  3.9438e-05  3.3540e-07  3.1165e-07  2.3636e-07  1:03:41 2451

 Reversed flow on 5 faces (0.2% area) of pressure-outlet 21.
    50  3.9617e-05  2.7987e-07  2.4044e-07  2.0823e-07  1:01:18 2450
    51  3.3184e-05  2.3915e-07  2.1339e-07  1.5718e-07  1:02:12 2449
    52  2.4609e-05  2.2143e-07  2.2932e-07  1.5513e-07  1:05:47 2448
    53  2.6898e-05  2.5510e-07  2.3970e-07  1.8396e-07  1:05:44 2447
    54  3.2457e-05  2.4996e-07  2.0835e-07  1.7871e-07  1:05:44 2446
    55  2.9094e-05  2.2592e-07  2.0727e-07  1.4835e-07  1:05:46 2445

  iter  continuity  x-velocity  y-velocity  z-velocity     time/iter
    56  2.0989e-05  1.9327e-07  2.1182e-07  1.2730e-07  1:08:30 2444

 Reversed flow on 4 faces (0.2% area) of pressure-outlet 21.
    57  1.9918e-05  3.1112e-07  2.9405e-07  1.6960e-07  1:08:05 2443

 Reversed flow on 8 faces (0.4% area) of pressure-outlet 21.
    58  2.7046e-05  3.0858e-07  2.8846e-07  1.7371e-07  1:07:36 2442

 Reversed flow on 6 faces (0.3% area) of pressure-outlet 21.
    59  2.9701e-05  2.5005e-07  2.1459e-07  1.6322e-07  1:04:22 2441

 Reversed flow on 1 face (0.0% area) of pressure-outlet 21.
    60  2.4904e-05  2.0749e-07  1.9019e-07  1.1879e-07  1:04:36 2440
    61  1.7567e-05  1.9307e-07  2.0055e-07  1.1638e-07  1:07:38 2439
    62  1.9595e-05  2.2305e-07  2.2015e-07  1.4566e-07  1:10:01 2438
    63  2.7318e-05  2.3021e-07  1.9592e-07  1.5864e-07  1:09:06 2437
    64  2.6290e-05  2.1466e-07  1.9137e-07  1.3365e-07  1:05:34 2436
    65  1.8797e-05  1.7428e-07  1.8893e-07  1.0453e-07  1:08:17 2435
    66  1.5433e-05  1.7713e-07  1.9216e-07  1.1655e-07  1:10:29 2434

 Reversed flow on 4 faces (0.2% area) of pressure-outlet 21.

  iter  continuity  x-velocity  y-velocity  z-velocity     time/iter
    67  2.0440e-05  2.4334e-07  2.0353e-07  1.4301e-07  1:09:26 2433

 Reversed flow on 4 faces (0.2% area) of pressure-outlet 21.
    68  2.4175e-05  2.0709e-07  1.7864e-07  1.3719e-07  1:08:37 2432

 Reversed flow on 1 face (0.0% area) of pressure-outlet 21.
    69  2.0937e-05  1.9120e-07  1.7810e-07  1.0066e-07  1:08:00 2431
    70  1.5216e-05  1.7611e-07  1.9538e-07  1.0615e-07  1:10:16 2430
    71  1.7455e-05  2.1118e-07  2.1587e-07  1.3844e-07  1:12:01 2429
    72  2.5393e-05  2.1995e-07  1.9188e-07  1.4996e-07  1:10:39 2428
    73  2.3757e-05  2.0756e-07  1.9452e-07  1.2582e-07  1:09:32 2427
    74  1.6518e-05  1.7873e-07  2.0262e-07  1.0850e-07  1:11:26 2426

 Reversed flow on 4 faces (0.2% area) of pressure-outlet 21.
    75  1.6150e-05  2.8722e-07  2.7329e-07  1.4800e-07  1:12:57 2425

 Reversed flow on 8 faces (0.4% area) of pressure-outlet 21.
    76  2.3950e-05  3.0291e-07  2.8310e-07  1.6259e-07  1:11:22 2424

 Reversed flow on 7 faces (0.3% area) of pressure-outlet 21.
    77  2.7948e-05  2.4554e-07  2.1079e-07  1.5524e-07  1:07:20 2423

 Reversed flow on 1 face (0.0% area) of pressure-outlet 21.

  iter  continuity  x-velocity  y-velocity  z-velocity     time/iter
    78  2.3576e-05  2.0461e-07  1.8911e-07  1.1210e-07  1:06:59 2422
    79  1.6287e-05  1.9178e-07  2.0192e-07  1.1199e-07  1:09:29 2421
    80  1.8516e-05  2.2425e-07  2.2322e-07  1.4268e-07  1:11:23 2420
    81  2.6963e-05  2.3195e-07  1.9837e-07  1.5843e-07  1:10:03 2419
    82  2.6251e-05  2.1989e-07  1.9610e-07  1.3403e-07  1:09:00 2418
    83  1.8604e-05  1.8096e-07  2.0009e-07  1.0743e-07  1:10:58 2417

 Reversed flow on 1 face (0.1% area) of pressure-outlet 21.
    84  1.5554e-05  2.6117e-07  2.6837e-07  1.3846e-07  1:12:31 2416

 Reversed flow on 6 faces (0.3% area) of pressure-outlet 21.
    85  2.2683e-05  2.9984e-07  2.8820e-07  1.6172e-07  1:10:58 2415

 Reversed flow on 6 faces (0.3% area) of pressure-outlet 21.
    86  2.7745e-05  2.7069e-07  2.3789e-07  1.5948e-07  1:09:46 2414

 Reversed flow on 1 face (0.0% area) of pressure-outlet 21.
    87  2.4660e-05  2.1528e-07  1.9947e-07  1.2150e-07  1:08:45 2413
    88  1.6953e-05  1.9627e-07  2.0560e-07  1.1406e-07  1:10:41 2412

  iter  continuity  x-velocity  y-velocity  z-velocity     time/iter
    89  1.8249e-05  2.2227e-07  2.2520e-07  1.4220e-07  1:12:14 2411
    90  2.6437e-05  2.3234e-07  2.0657e-07  1.5861e-07  1:11:57 2410
    91  2.5995e-05  2.2082e-07  1.9884e-07  1.3622e-07  1:10:28 2409
    92  1.8754e-05  1.8421e-07  2.0307e-07  1.0794e-07  1:12:00 2408

 Reversed flow on 1 face (0.1% area) of pressure-outlet 21.
    93  1.5650e-05  2.5856e-07  2.6572e-07  1.3557e-07  1:13:18 2407

 Reversed flow on 7 faces (0.4% area) of pressure-outlet 21.
    94  2.2471e-05  3.3573e-07  3.2167e-07  1.6273e-07  1:11:33 2406

 Reversed flow on 7 faces (0.3% area) of pressure-outlet 21.
    95  2.8962e-05  2.7432e-07  2.3838e-07  1.7514e-07  1:07:24 2405

 Reversed flow on 1 face (0.0% area) of pressure-outlet 21.
    96  2.4825e-05  2.2141e-07  2.0324e-07  1.2141e-07  1:06:48 2404
    97  1.7166e-05  2.0330e-07  2.1544e-07  1.1750e-07  1:09:06 2403
    98  1.8837e-05  2.3145e-07  2.3570e-07  1.4738e-07  1:10:55 2402
    99  2.7522e-05  2.4135e-07  2.1362e-07  1.6550e-07  1:09:36 2401

  iter  continuity  x-velocity  y-velocity  z-velocity     time/iter
   100  2.7046e-05  2.3137e-07  2.0852e-07  1.4081e-07  1:08:36 2400
   101  1.9326e-05  1.9312e-07  2.1349e-07  1.1273e-07  1:10:30 2399

 Reversed flow on 2 faces (0.1% area) of pressure-outlet 21.
   102  1.6396e-05  3.0389e-07  3.0805e-07  1.4831e-07  1:12:00 2398

 Reversed flow on 8 faces (0.4% area) of pressure-outlet 21.
   103  2.4829e-05  3.2300e-07  3.1347e-07  1.7556e-07  1:10:27 2397

 Reversed flow on 8 faces (0.3% area) of pressure-outlet 21.
   104  2.9103e-05  2.6382e-07  2.2845e-07  1.6902e-07  1:09:14 2396

 Reversed flow on 1 face (0.0% area) of pressure-outlet 21.
   105  2.5516e-05  2.2484e-07  2.0885e-07  1.2503e-07  1:08:15 2395
   106  1.7810e-05  2.0570e-07  2.1855e-07  1.1898e-07  1:13:05 2394
   107  1.9024e-05  2.3366e-07  2.3542e-07  1.4750e-07  1:14:02 2393
   108  2.7574e-05  2.4308e-07  2.0889e-07  1.6396e-07  1:12:02 2392
   109  2.7108e-05  2.2872e-07  2.0507e-07  1.3825e-07  1:10:27 2391
   110  1.9245e-05  1.8835e-07  2.0863e-07  1.0975e-07  1:11:57 2390

 Reversed flow on 2 faces (0.1% area) of pressure-outlet 21.

  iter  continuity  x-velocity  y-velocity  z-velocity     time/iter
   111  1.6069e-05  3.0954e-07  3.1363e-07  1.4870e-07  1:13:06 2389

 Reversed flow on 8 faces (0.4% area) of pressure-outlet 21.
   112  2.4862e-05  3.2517e-07  3.1829e-07  1.7404e-07  1:11:21 2388

 Reversed flow on 8 faces (0.3% area) of pressure-outlet 21.
   113  2.8925e-05  2.6340e-07  2.2752e-07  1.6772e-07  1:07:15 2387

 Reversed flow on 1 face (0.0% area) of pressure-outlet 21.
   114  2.4711e-05  2.1940e-07  2.0304e-07  1.2091e-07  1:06:36 2386
   115  1.7081e-05  2.0151e-07  2.1385e-07  1.1637e-07  1:08:50 2385
   116  1.8840e-05  2.2999e-07  2.2976e-07  1.4588e-07  1:10:34 2384
   117  2.7217e-05  2.3841e-07  2.0302e-07  1.6070e-07  1:09:14 2383
   118  2.6494e-05  2.2321e-07  2.0058e-07  1.3502e-07  1:08:10 2382
   119  1.8677e-05  1.8362e-07  2.0419e-07  1.0725e-07  1:10:03 2381

 Reversed flow on 2 faces (0.1% area) of pressure-outlet 21.
   120  1.5692e-05  3.0525e-07  3.0807e-07  1.4671e-07  1:11:31 2380

 Reversed flow on 8 faces (0.4% area) of pressure-outlet 21.
   121  2.4559e-05  3.2314e-07  3.1547e-07  1.7177e-07  1:09:58 2379

 Reversed flow on 8 faces (0.3% area) of pressure-outlet 21.

  iter  continuity  x-velocity  y-velocity  z-velocity     time/iter
   122  2.8613e-05  2.6036e-07  2.2446e-07  1.6620e-07  1:06:00 2378

 Reversed flow on 1 face (0.0% area) of pressure-outlet 21.
   123  2.4409e-05  2.1676e-07  2.0058e-07  1.1947e-07  1:05:33 2377
   124  1.6853e-05  1.9935e-07  2.1127e-07  1.1509e-07  1:07:54 2376
   125  1.8681e-05  2.2774e-07  2.2775e-07  1.4473e-07  1:09:47 2375
   126  2.7002e-05  2.3623e-07  2.0202e-07  1.5963e-07  1:08:33 2374
   127  2.6313e-05  2.2161e-07  1.9923e-07  1.3430e-07  1:07:34 2373
   128  1.8595e-05  1.8273e-07  2.0278e-07  1.0678e-07  1:09:31 2372

 Reversed flow on 2 faces (0.1% area) of pressure-outlet 21.
   129  1.5590e-05  3.0437e-07  3.0762e-07  1.4571e-07  1:11:03 2371

 Reversed flow on 8 faces (0.4% area) of pressure-outlet 21.
   130  2.4398e-05  3.2240e-07  3.1599e-07  1.7124e-07  1:09:33 2370

 Reversed flow on 8 faces (0.3% area) of pressure-outlet 21.
   131  2.8507e-05  2.5998e-07  2.2445e-07  1.6633e-07  1:05:38 2369

 Reversed flow on 1 face (0.0% area) of pressure-outlet 21.
   132  2.4386e-05  2.1684e-07  2.0055e-07  1.1958e-07  1:05:15 2368

  iter  continuity  x-velocity  y-velocity  z-velocity     time/iter
   133  1.6859e-05  1.9923e-07  2.1106e-07  1.1501e-07  1:07:35 2367
   134  1.8620e-05  2.2717e-07  2.2776e-07  1.4439e-07  1:09:28 2366
   135  2.6939e-05  2.3606e-07  2.0254e-07  1.5967e-07  1:08:15 2365
   136  2.6327e-05  2.2199e-07  1.9953e-07  1.3454e-07  1:07:18 2364
   137  1.8648e-05  1.8325e-07  2.0310e-07  1.0698e-07  1:09:14 2363

 Reversed flow on 2 faces (0.1% area) of pressure-outlet 21.
   138  1.5604e-05  3.0525e-07  3.0894e-07  1.4576e-07  1:10:45 2362

 Reversed flow on 8 faces (0.4% area) of pressure-outlet 21.
   139  2.4422e-05  3.2275e-07  3.1694e-07  1.7171e-07  1:09:15 2361

 Reversed flow on 8 faces (0.3% area) of pressure-outlet 21.
   140  2.8556e-05  2.6065e-07  2.2524e-07  1.6677e-07  1:08:05 2360

 Reversed flow on 1 face (0.0% area) of pressure-outlet 21.
   141  2.4904e-05  2.2067e-07  2.0496e-07  1.2237e-07  1:07:07 2359
   142  1.7349e-05  2.0156e-07  2.1366e-07  1.1641e-07  1:09:03 2358
   143  1.8769e-05  2.2921e-07  2.3020e-07  1.4528e-07  1:10:35 2357

  iter  continuity  x-velocity  y-velocity  z-velocity     time/iter
   144  2.7103e-05  2.3850e-07  2.0548e-07  1.6085e-07  1:09:06 2356
   145  2.6535e-05  2.2386e-07  2.0114e-07  1.3572e-07  1:07:55 2355
   146  1.8880e-05  1.8455e-07  2.0445e-07  1.0790e-07  1:09:40 2354

 Reversed flow on 1 face (0.1% area) of pressure-outlet 21.
   147  1.5796e-05  2.6914e-07  2.7618e-07  1.3953e-07  1:11:08 2353

 Reversed flow on 7 faces (0.4% area) of pressure-outlet 21.
   148  2.3257e-05  3.3389e-07  3.1893e-07  1.6625e-07  1:09:32 2352

 Reversed flow on 7 faces (0.3% area) of pressure-outlet 21.
   149  2.9170e-05  2.7328e-07  2.3533e-07  1.7362e-07  1:05:32 2351

 Reversed flow on 1 face (0.0% area) of pressure-outlet 21.
   150  2.4778e-05  2.2075e-07  2.0324e-07  1.2114e-07  1:05:06 2350
   151  1.7096e-05  2.0224e-07  2.1485e-07  1.1719e-07  1:07:26 2349
   152  1.8960e-05  2.3131e-07  2.3303e-07  1.4750e-07  1:09:14 2348
   153  2.7490e-05  2.4036e-07  2.0938e-07  1.6353e-07  1:08:00 2347
   154  2.6719e-05  2.2726e-07  2.0492e-07  1.3792e-07  1:07:00 2346

  iter  continuity  x-velocity  y-velocity  z-velocity     time/iter
   155  1.8918e-05  1.8844e-07  2.0940e-07  1.1016e-07  1:08:53 2345

 Reversed flow on 2 faces (0.1% area) of pressure-outlet 21.
   156  1.6111e-05  3.0127e-07  3.0378e-07  1.4694e-07  1:10:45 2344

 Reversed flow on 8 faces (0.4% area) of pressure-outlet 21.
   157  2.4603e-05  3.2166e-07  3.1114e-07  1.7282e-07  1:09:11 2343

 Reversed flow on 8 faces (0.3% area) of pressure-outlet 21.
   158  2.8771e-05  2.6075e-07  2.2486e-07  1.6668e-07  1:07:53 2342

 Reversed flow on 1 face (0.0% area) of pressure-outlet 21.
   159  2.5069e-05  2.2116e-07  2.0553e-07  1.2263e-07  1:06:52 2341
   160  1.7443e-05  2.0269e-07  2.1498e-07  1.1714e-07  1:08:43 2340
   161  1.8884e-05  2.3103e-07  2.3214e-07  1.4635e-07  1:10:11 2339
   162  2.7341e-05  2.4017e-07  2.0639e-07  1.6214e-07  1:08:40 2338
   163  2.6783e-05  2.2556e-07  2.0237e-07  1.3668e-07  1:07:30 2337
   164  1.9015e-05  1.8593e-07  2.0585e-07  1.0858e-07  1:09:14 2336

 Reversed flow on 2 faces (0.1% area) of pressure-outlet 21.
   165  1.5879e-05  3.0665e-07  3.1031e-07  1.4696e-07  1:10:35 2335

 Reversed flow on 8 faces (0.4% area) of pressure-outlet 21.

  iter  continuity  x-velocity  y-velocity  z-velocity     time/iter
   166  2.4579e-05  3.2362e-07  3.1725e-07  1.7245e-07  1:08:59 2334

 Reversed flow on 8 faces (0.3% area) of pressure-outlet 21.
   167  2.8695e-05  2.6170e-07  2.2596e-07  1.6709e-07  1:05:03 2333

 Reversed flow on 1 face (0.0% area) of pressure-outlet 21.
   168  2.4546e-05  2.1820e-07  2.0178e-07  1.2026e-07  1:04:34 2332
   169  1.6972e-05  2.0040e-07  2.1250e-07  1.1566e-07  1:06:53 2331
   170  1.8715e-05  2.2853e-07  2.2894e-07  1.4510e-07  1:08:40 2330
   171  2.7082e-05  2.3739e-07  2.0300e-07  1.6035e-07  1:08:16 2329
   172  2.6440e-05  2.2291e-07  2.0026e-07  1.3495e-07  1:08:02 2328
   173  1.8688e-05  1.8370e-07  2.0388e-07  1.0721e-07  1:10:03 2327

 Reversed flow on 2 faces (0.1% area) of pressure-outlet 21.
   174  1.5665e-05  3.0569e-07  3.0907e-07  1.4641e-07  1:11:10 2326

 Reversed flow on 8 faces (0.4% area) of pressure-outlet 21.
   175  2.4523e-05  3.2313e-07  3.1647e-07  1.7199e-07  1:09:24 2325

 Reversed flow on 8 faces (0.3% area) of pressure-outlet 21.
   176  2.8614e-05  2.6078e-07  2.2508e-07  1.6662e-07  1:05:20 2324

 Reversed flow on 1 face (0.0% area) of pressure-outlet 21.

  iter  continuity  x-velocity  y-velocity  z-velocity     time/iter
   177  2.4461e-05  2.1743e-07  2.0113e-07  1.1987e-07  1:04:49 2323
   178  1.6910e-05  1.9976e-07  2.1174e-07  1.1533e-07  1:06:58 2322
   179  1.8679e-05  2.2782e-07  2.2817e-07  1.4477e-07  1:08:41 2321
   180  2.7007e-05  2.3659e-07  2.0253e-07  1.5987e-07  1:07:23 2320
   181  2.6355e-05  2.2217e-07  1.9972e-07  1.3458e-07  1:06:24 2319
   182  1.8638e-05  1.8320e-07  2.0327e-07  1.0698e-07  1:08:13 2318

 Reversed flow on 2 faces (0.1% area) of pressure-outlet 21.
   183  1.5620e-05  3.0501e-07  3.0840e-07  1.4594e-07  1:09:39 2317

 Reversed flow on 8 faces (0.4% area) of pressure-outlet 21.
   184  2.4445e-05  3.2273e-07  3.1636e-07  1.7161e-07  1:08:09 2316

 Reversed flow on 8 faces (0.3% area) of pressure-outlet 21.
   185  2.8557e-05  2.6043e-07  2.2486e-07  1.6652e-07  1:04:18 2315

 Reversed flow on 1 face (0.0% area) of pressure-outlet 21.
   186  2.4430e-05  2.1723e-07  2.0092e-07  1.1978e-07  1:03:54 2314
   187  1.6893e-05  1.9957e-07  2.1148e-07  1.1521e-07  1:06:18 2313

  iter  continuity  x-velocity  y-velocity  z-velocity     time/iter
   188  1.8649e-05  2.2753e-07  2.2804e-07  1.4459e-07  1:08:05 2312
   189  2.6975e-05  2.3638e-07  2.0264e-07  1.5982e-07  1:06:51 2311
   190  2.6349e-05  2.2219e-07  1.9972e-07  1.3461e-07  1:05:55 2310
   191  1.8651e-05  1.8332e-07  2.0329e-07  1.0702e-07  1:07:50 2309

 Reversed flow on 2 faces (0.1% area) of pressure-outlet 21.
   192  1.5619e-05  3.0523e-07  3.0880e-07  1.4589e-07  1:09:19 2308

 Reversed flow on 8 faces (0.4% area) of pressure-outlet 21.
   193  2.4441e-05  3.2278e-07  3.1671e-07  1.7173e-07  1:07:50 2307

 Reversed flow on 8 faces (0.3% area) of pressure-outlet 21.
   194  2.8565e-05  2.6062e-07  2.2513e-07  1.6668e-07  1:04:01 2306

 Reversed flow on 1 face (0.0% area) of pressure-outlet 21.
   195  2.4453e-05  2.1748e-07  2.0113e-07  1.1993e-07  1:03:37 2305
   196  1.6915e-05  1.9975e-07  2.1169e-07  1.1531e-07  1:05:52 2304
   197  1.8653e-05  2.2763e-07  2.2823e-07  1.4463e-07  1:07:40 2303
   198  2.6982e-05  2.3654e-07  2.0284e-07  1.5993e-07  1:06:28 2302

  iter  continuity  x-velocity  y-velocity  z-velocity     time/iter
   199  2.6367e-05  2.2240e-07  1.9991e-07  1.3472e-07  1:05:33 2301
   200  1.8667e-05  1.8349e-07  2.0348e-07  1.0710e-07  1:07:24 2300

 Reversed flow on 2 faces (0.1% area) of pressure-outlet 21.
   201  1.5631e-05  3.0545e-07  3.0906e-07  1.4599e-07  1:08:55 2299

 Reversed flow on 8 faces (0.4% area) of pressure-outlet 21.
   202  2.4460e-05  3.2290e-07  3.1681e-07  1.7186e-07  1:07:27 2298

 Reversed flow on 8 faces (0.3% area) of pressure-outlet 21.
   203  2.8584e-05  2.6077e-07  2.2526e-07  1.6674e-07  1:03:41 2297

 Reversed flow on 1 face (0.0% area) of pressure-outlet 21.
   204  2.4468e-05  2.1761e-07  2.0125e-07  1.1999e-07  1:03:19 2296
   205  1.6926e-05  1.9986e-07  2.1184e-07  1.1539e-07  1:05:37 2295
   206  1.8664e-05  2.2776e-07  2.2833e-07  1.4471e-07  1:07:29 2294
   207  2.6996e-05  2.3666e-07  2.0286e-07  1.5998e-07  1:06:17 2293
   208  2.6375e-05  2.2246e-07  1.9996e-07  1.3474e-07  1:05:22 2292
   209  1.8668e-05  1.8351e-07  2.0354e-07  1.0711e-07  1:07:11 2291

 Reversed flow on 2 faces (0.1% area) of pressure-outlet 21.

  iter  continuity  x-velocity  y-velocity  z-velocity     time/iter
   210  1.5635e-05  3.0543e-07  3.0899e-07  1.4603e-07  1:08:48 2290

 Reversed flow on 8 faces (0.4% area) of pressure-outlet 21.
   211  2.4466e-05  3.2291e-07  3.1672e-07  1.7186e-07  1:07:27 2289

 Reversed flow on 8 faces (0.3% area) of pressure-outlet 21.
   212  2.8586e-05  2.6075e-07  2.2521e-07  1.6671e-07  1:03:44 2288

 Reversed flow on 1 face (0.0% area) of pressure-outlet 21.
   213  2.4464e-05  2.1756e-07  2.0122e-07  1.1996e-07  1:03:16 2287
   214  1.6922e-05  1.9984e-07  2.1181e-07  1.1537e-07  1:05:29 2286
   215  1.8666e-05  2.2776e-07  2.2830e-07  1.4472e-07  1:07:17 2285
   216  2.6998e-05  2.3664e-07  2.0281e-07  1.5996e-07  1:06:07 2284
   217  2.6371e-05  2.2241e-07  1.9992e-07  1.3472e-07  1:05:07 2283
   218  1.8663e-05  1.8346e-07  2.0349e-07  1.0709e-07  1:06:56 2282

 Reversed flow on 2 faces (0.1% area) of pressure-outlet 21.
   219  1.5633e-05  3.0536e-07  3.0889e-07  1.4601e-07  1:08:24 2281

 Reversed flow on 8 faces (0.4% area) of pressure-outlet 21.
   220  2.4462e-05  3.2288e-07  3.1666e-07  1.7182e-07  1:06:56 2280

 Reversed flow on 8 faces (0.3% area) of pressure-outlet 21.

  iter  continuity  x-velocity  y-velocity  z-velocity     time/iter
   221  2.8581e-05  2.6070e-07  2.2515e-07  1.6668e-07  1:03:10 2279

 Reversed flow on 1 face (0.0% area) of pressure-outlet 21.
   222  2.4459e-05  2.1751e-07  2.0117e-07  1.1994e-07  1:02:49 2278
   223  1.6918e-05  1.9979e-07  2.1176e-07  1.1535e-07  1:05:04 2277
   224  1.8663e-05  2.2772e-07  2.2826e-07  1.4469e-07  1:06:51 2276
   225  2.6994e-05  2.3660e-07  2.0278e-07  1.5994e-07  1:05:41 2275
   226  2.6368e-05  2.2238e-07  1.9989e-07  1.3470e-07  1:04:45 2274
   227  1.8661e-05  1.8344e-07  2.0346e-07  1.0708e-07  1:06:36 2273

 Reversed flow on 2 faces (0.1% area) of pressure-outlet 21.
   228  1.5631e-05  3.0535e-07  3.0889e-07  1.4600e-07  1:08:04 2272

 Reversed flow on 8 faces (0.4% area) of pressure-outlet 21.
   229  2.4459e-05  3.2287e-07  3.1667e-07  1.7181e-07  1:06:38 2271

 Reversed flow on 8 faces (0.3% area) of pressure-outlet 21.
   230  2.8579e-05  2.6069e-07  2.2515e-07  1.6668e-07  1:02:53 2270

 Reversed flow on 1 face (0.0% area) of pressure-outlet 21.
   231  2.4458e-05  2.1751e-07  2.0117e-07  1.1994e-07  1:02:27 2269

  iter  continuity  x-velocity  y-velocity  z-velocity     time/iter
   232  1.6918e-05  1.9979e-07  2.1175e-07  1.1534e-07  1:04:43 2268
   233  1.8662e-05  2.2771e-07  2.2825e-07  1.4469e-07  1:06:32 2267
   234  2.6992e-05  2.3659e-07  2.0279e-07  1.5994e-07  1:05:22 2266
   235  2.6368e-05  2.2239e-07  1.9990e-07  1.3471e-07  1:04:26 2265
   236  1.8662e-05  1.8345e-07  2.0347e-07  1.0708e-07  1:06:19 2264

 Reversed flow on 2 faces (0.1% area) of pressure-outlet 21.
   237  1.5631e-05  3.0537e-07  3.0892e-07  1.4600e-07  1:07:48 2263

 Reversed flow on 8 faces (0.4% area) of pressure-outlet 21.
   238  2.4459e-05  3.2287e-07  3.1670e-07  1.7182e-07  1:06:22 2262

 Reversed flow on 8 faces (0.3% area) of pressure-outlet 21.
   239  2.8580e-05  2.6071e-07  2.2517e-07  1.6669e-07  1:02:38 2261

 Reversed flow on 1 face (0.0% area) of pressure-outlet 21.
   240  2.4460e-05  2.1752e-07  2.0118e-07  1.1995e-07  1:02:16 2260
   241  1.6919e-05  1.9980e-07  2.1176e-07  1.1535e-07  1:04:29 2259
   242  1.8662e-05  2.2772e-07  2.2827e-07  1.4469e-07  1:06:18 2258

  iter  continuity  x-velocity  y-velocity  z-velocity     time/iter
   243  2.6993e-05  2.3660e-07  2.0280e-07  1.5994e-07  1:05:08 2257
   244  2.6369e-05  2.2240e-07  1.9991e-07  1.3471e-07  1:04:12 2256
   245  1.8663e-05  1.8346e-07  2.0348e-07  1.0708e-07  1:06:05 2255

 Reversed flow on 2 faces (0.1% area) of pressure-outlet 21.
   246  1.5632e-05  3.0538e-07  3.0893e-07  1.4600e-07  1:07:33 2254

 Reversed flow on 8 faces (0.4% area) of pressure-outlet 21.
   247  2.4460e-05  3.2288e-07  3.1670e-07  1.7182e-07  1:06:06 2253

 Reversed flow on 8 faces (0.3% area) of pressure-outlet 21.
   248  2.8581e-05  2.6071e-07  2.2517e-07  1.6669e-07  1:02:23 2252

 Reversed flow on 1 face (0.0% area) of pressure-outlet 21.
   249  2.4461e-05  2.1753e-07  2.0119e-07  1.1995e-07  1:01:58 2251
   250  1.6920e-05  1.9981e-07  2.1177e-07  1.1535e-07  1:04:18 2250
   251  1.8663e-05  2.2773e-07  2.2827e-07  1.4469e-07  1:06:05 2249
   252  2.6993e-05  2.3661e-07  2.0280e-07  1.5994e-07  1:04:57 2248
   253  2.6369e-05  2.2240e-07  1.9991e-07  1.3471e-07  1:03:59 2247

  iter  continuity  x-velocity  y-velocity  z-velocity     time/iter
   254  1.8663e-05  1.8346e-07  2.0348e-07  1.0709e-07  1:05:49 2246

 Reversed flow on 2 faces (0.1% area) of pressure-outlet 21.
   255  1.5632e-05  3.0537e-07  3.0892e-07  1.4600e-07  1:07:16 2245

 Reversed flow on 8 faces (0.4% area) of pressure-outlet 21.
   256  2.4461e-05  3.2288e-07  3.1669e-07  1.7182e-07  1:05:50 2244

 Reversed flow on 8 faces (0.3% area) of pressure-outlet 21.
   257  2.8581e-05  2.6071e-07  2.2517e-07  1.6669e-07  1:02:14 2243

 Reversed flow on 1 face (0.0% area) of pressure-outlet 21.
   258  2.4460e-05  2.1753e-07  2.0118e-07  1.1995e-07  1:01:51 2242
   259  1.6919e-05  1.9980e-07  2.1177e-07  1.1535e-07  1:04:04 2241
   260  1.8663e-05  2.2772e-07  2.2827e-07  1.4469e-07  1:05:53 2240
   261  2.6993e-05  2.3661e-07  2.0280e-07  1.5994e-07  1:04:43 2239
   262  2.6369e-05  2.2240e-07  1.9991e-07  1.3471e-07  1:03:47 2238
   263  1.8663e-05  1.8346e-07  2.0348e-07  1.0708e-07  1:08:22 2237

 Reversed flow on 2 faces (0.1% area) of pressure-outlet 21.
   264  1.5632e-05  3.0537e-07  3.0891e-07  1.4600e-07  1:09:13 2236

 Reversed flow on 8 faces (0.4% area) of pressure-outlet 21.

  iter  continuity  x-velocity  y-velocity  z-velocity     time/iter
   265  2.4460e-05  3.2288e-07  3.1669e-07  1.7182e-07  1:07:20 2235

 Reversed flow on 8 faces (0.3% area) of pressure-outlet 21.
   266  2.8581e-05  2.6071e-07  2.2517e-07  1.6669e-07  1:03:17 2234

 Reversed flow on 1 face (0.0% area) of pressure-outlet 21.
   267  2.4460e-05  2.1752e-07  2.0118e-07  1.1995e-07  1:02:36 2233
   268  1.6919e-05  1.9980e-07  2.1176e-07  1.1535e-07  1:04:38 2232
   269  1.8663e-05  2.2772e-07  2.2827e-07  1.4469e-07  1:06:14 2231
   270  2.6993e-05  2.3660e-07  2.0280e-07  1.5994e-07  1:04:56 2230
   271  2.6369e-05  2.2239e-07  1.9990e-07  1.3471e-07  1:03:54 2229
   272  1.8663e-05  1.8346e-07  2.0348e-07  1.0708e-07  1:05:38 2228

 Reversed flow on 2 faces (0.1% area) of pressure-outlet 21.
   273  1.5631e-05  3.0537e-07  3.0891e-07  1.4600e-07  1:06:59 2227

 Reversed flow on 8 faces (0.4% area) of pressure-outlet 21.
   274  2.4460e-05  3.2288e-07  3.1669e-07  1.7182e-07  1:05:33 2226

 Reversed flow on 8 faces (0.3% area) of pressure-outlet 21.
   275  2.8581e-05  2.6071e-07  2.2517e-07  1.6669e-07  1:01:54 2225

 Reversed flow on 1 face (0.0% area) of pressure-outlet 21.

  iter  continuity  x-velocity  y-velocity  z-velocity     time/iter
   276  2.4460e-05  2.1752e-07  2.0118e-07  1.1995e-07  1:01:29 2224
   277  1.6919e-05  1.9980e-07  2.1176e-07  1.1535e-07  1:03:45 2223
   278  1.8663e-05  2.2772e-07  2.2827e-07  1.4469e-07  1:05:45 2222
   279  2.6993e-05  2.3660e-07  2.0280e-07  1.5994e-07  1:04:31 2221
   280  2.6369e-05  2.2240e-07  1.9990e-07  1.3471e-07  1:03:31 2220
   281  1.8663e-05  1.8346e-07  2.0348e-07  1.0708e-07  1:05:15 2219

 Reversed flow on 2 faces (0.1% area) of pressure-outlet 21.
   282  1.5632e-05  3.0537e-07  3.0892e-07  1.4600e-07  1:06:41 2218

 Reversed flow on 8 faces (0.4% area) of pressure-outlet 21.
   283  2.4460e-05  3.2288e-07  3.1669e-07  1.7182e-07  1:05:31 2217

 Reversed flow on 8 faces (0.3% area) of pressure-outlet 21.
   284  2.8581e-05  2.6071e-07  2.2517e-07  1.6669e-07  1:01:57 2216

 Reversed flow on 1 face (0.0% area) of pressure-outlet 21.
   285  2.4460e-05  2.1752e-07  2.0118e-07  1.1995e-07  1:01:32 2215
   286  1.6919e-05  1.9980e-07  2.1177e-07  1.1535e-07  1:03:43 2214

  iter  continuity  x-velocity  y-velocity  z-velocity     time/iter
   287  1.8663e-05  2.2772e-07  2.2827e-07  1.4469e-07  1:05:22 2213
   288  2.6993e-05  2.3660e-07  2.0280e-07  1.5994e-07  1:04:08 2212
   289  2.6369e-05  2.2240e-07  1.9991e-07  1.3471e-07  1:03:11 2211
   290  1.8663e-05  1.8346e-07  2.0348e-07  1.0708e-07  1:04:57 2210

 Reversed flow on 2 faces (0.1% area) of pressure-outlet 21.
   291  1.5632e-05  3.0537e-07  3.0892e-07  1.4600e-07  1:06:21 2209

 Reversed flow on 8 faces (0.4% area) of pressure-outlet 21.
   292  2.4460e-05  3.2288e-07  3.1669e-07  1.7182e-07  1:04:57 2208

 Reversed flow on 8 faces (0.3% area) of pressure-outlet 21.
   293  2.8581e-05  2.6071e-07  2.2517e-07  1.6669e-07  1:01:18 2207

 Reversed flow on 1 face (0.0% area) of pressure-outlet 21.
   294  2.4460e-05  2.1752e-07  2.0118e-07  1.1995e-07  1:00:52 2206
   295  1.6919e-05  1.9980e-07  2.1177e-07  1.1535e-07  1:03:02 2205
   296  1.8663e-05  2.2772e-07  2.2827e-07  1.4469e-07  1:04:46 2204
   297  2.6993e-05  2.3660e-07  2.0280e-07  1.5994e-07  1:03:38 2203

  iter  continuity  x-velocity  y-velocity  z-velocity     time/iter
   298  2.6369e-05  2.2240e-07  1.9991e-07  1.3471e-07  1:02:42 2202
   299  1.8663e-05  1.8346e-07  2.0348e-07  1.0708e-07  1:04:29 2201

 Reversed flow on 2 faces (0.1% area) of pressure-outlet 21.
   300  1.5632e-05  3.0537e-07  3.0892e-07  1.4600e-07  1:05:55 2200

 Reversed flow on 8 faces (0.4% area) of pressure-outlet 21.
   301  2.4460e-05  3.2288e-07  3.1669e-07  1.7182e-07  1:04:32 2199

 Reversed flow on 8 faces (0.3% area) of pressure-outlet 21.
   302  2.8581e-05  2.6071e-07  2.2517e-07  1.6669e-07  1:00:54 2198

 Reversed flow on 1 face (0.0% area) of pressure-outlet 21.
   303  2.4460e-05  2.1752e-07  2.0118e-07  1.1995e-07  1:00:30 2197
   304  1.6919e-05  1.9980e-07  2.1177e-07  1.1535e-07  1:02:40 2196
   305  1.8663e-05  2.2772e-07  2.2827e-07  1.4469e-07  1:04:26 2195
   306  2.6993e-05  2.3660e-07  2.0280e-07  1.5994e-07  1:03:17 2194
   307  2.6369e-05  2.2240e-07  1.9991e-07  1.3471e-07  1:02:23 2193
   308  1.8663e-05  1.8346e-07  2.0348e-07  1.0708e-07  1:04:12 2192

 Reversed flow on 2 faces (0.1% area) of pressure-outlet 21.

  iter  continuity  x-velocity  y-velocity  z-velocity     time/iter
   309  1.5632e-05  3.0537e-07  3.0892e-07  1.4600e-07  1:05:40 2191

 Reversed flow on 8 faces (0.4% area) of pressure-outlet 21.
   310  2.4460e-05  3.2288e-07  3.1669e-07  1.7182e-07  1:04:18 2190

 Reversed flow on 8 faces (0.3% area) of pressure-outlet 21.
   311  2.8581e-05  2.6071e-07  2.2517e-07  1.6669e-07  1:00:41 2189

 Reversed flow on 1 face (0.0% area) of pressure-outlet 21.
   312  2.4460e-05  2.1752e-07  2.0118e-07  1.1995e-07  1:01:25 2188
   313  1.6919e-05  1.9980e-07  2.1177e-07  1.1535e-07  1:03:23 2187
   314  1.8663e-05  2.2772e-07  2.2827e-07  1.4469e-07  1:04:57 2186
   315  2.6993e-05  2.3660e-07  2.0280e-07  1.5994e-07  1:03:41 2185
   316  2.6369e-05  2.2240e-07  1.9990e-07  1.3471e-07  1:02:40 2184
   317  1.8663e-05  1.8346e-07  2.0348e-07  1.0708e-07  1:04:21 2183

 Reversed flow on 2 faces (0.1% area) of pressure-outlet 21.
   318  1.5632e-05  3.0537e-07  3.0892e-07  1.4600e-07  1:05:39 2182

 Reversed flow on 8 faces (0.4% area) of pressure-outlet 21.
   319  2.4460e-05  3.2288e-07  3.1669e-07  1.7182e-07  1:04:15 2181

 Reversed flow on 8 faces (0.3% area) of pressure-outlet 21.

  iter  continuity  x-velocity  y-velocity  z-velocity     time/iter
   320  2.8581e-05  2.6071e-07  2.2517e-07  1.6669e-07  1:00:36 2180

 Reversed flow on 1 face (0.0% area) of pressure-outlet 21.
   321  2.4460e-05  2.1752e-07  2.0118e-07  1.1995e-07  1:00:11 2179
   322  1.6919e-05  1.9980e-07  2.1177e-07  1.1535e-07  1:02:19 2178
   323  1.8663e-05  2.2772e-07  2.2827e-07  1.4469e-07  1:04:17 2177
   324  2.6993e-05  2.3660e-07  2.0280e-07  1.5994e-07  1:03:06 2176
   325  2.6369e-05  2.2240e-07  1.9991e-07  1.3471e-07  1:02:09 2175
   326  1.8663e-05  1.8346e-07  2.0348e-07  1.0708e-07  1:03:52 2174

 Reversed flow on 2 faces (0.1% area) of pressure-outlet 21.
   327  1.5632e-05  3.0537e-07  3.0892e-07  1.4600e-07  1:05:14 2173

 Reversed flow on 8 faces (0.4% area) of pressure-outlet 21.
   328  2.4460e-05  3.2288e-07  3.1669e-07  1.7182e-07  1:03:51 2172

 Reversed flow on 8 faces (0.3% area) of pressure-outlet 21.
   329  2.8581e-05  2.6071e-07  2.2517e-07  1.6669e-07  1:00:15 2171

 Reversed flow on 1 face (0.0% area) of pressure-outlet 21.
   330  2.4460e-05  2.1752e-07  2.0118e-07  1.1995e-07  0:59:50 2170

  iter  continuity  x-velocity  y-velocity  z-velocity     time/iter
   331  1.6919e-05  1.9980e-07  2.1177e-07  1.1535e-07  1:01:59 2169
   332  1.8663e-05  2.2772e-07  2.2827e-07  1.4469e-07  1:03:42 2168
   333  2.6993e-05  2.3660e-07  2.0280e-07  1.5994e-07  1:02:36 2167
   334  2.6369e-05  2.2240e-07  1.9991e-07  1.3471e-07  1:01:42 2166
   335  1.8663e-05  1.8346e-07  2.0348e-07  1.0708e-07  1:03:30 2165

 Reversed flow on 2 faces (0.1% area) of pressure-outlet 21.
   336  1.5632e-05  3.0537e-07  3.0892e-07  1.4600e-07  1:04:54 2164

 Reversed flow on 8 faces (0.4% area) of pressure-outlet 21.
   337  2.4460e-05  3.2288e-07  3.1669e-07  1.7182e-07  1:03:30 2163

 Reversed flow on 8 faces (0.3% area) of pressure-outlet 21.
   338  2.8581e-05  2.6071e-07  2.2517e-07  1.6669e-07  0:59:54 2162

 Reversed flow on 1 face (0.0% area) of pressure-outlet 21.
   339  2.4460e-05  2.1752e-07  2.0118e-07  1.1995e-07  0:59:30 2161
   340  1.6919e-05  1.9980e-07  2.1177e-07  1.1535e-07  1:01:40 2160
   341  1.8663e-05  2.2772e-07  2.2827e-07  1.4469e-07  1:03:23 2159

  iter  continuity  x-velocity  y-velocity  z-velocity     time/iter
   342  2.6993e-05  2.3660e-07  2.0280e-07  1.5994e-07  1:02:17 2158
   343  2.6369e-05  2.2240e-07  1.9991e-07  1.3471e-07  1:01:26 2157
   344  1.8663e-05  1.8346e-07  2.0348e-07  1.0708e-07  1:03:10 2156

 Reversed flow on 2 faces (0.1% area) of pressure-outlet 21.
   345  1.5632e-05  3.0537e-07  3.0892e-07  1.4600e-07  1:04:35 2155

 Reversed flow on 8 faces (0.4% area) of pressure-outlet 21.
   346  2.4460e-05  3.2288e-07  3.1669e-07  1.7182e-07  1:03:13 2154

 Reversed flow on 8 faces (0.3% area) of pressure-outlet 21.
   347  2.8581e-05  2.6071e-07  2.2517e-07  1.6669e-07  0:59:40 2153

 Reversed flow on 1 face (0.0% area) of pressure-outlet 21.
   348  2.4460e-05  2.1752e-07  2.0118e-07  1.1995e-07  0:59:18 2152
   349  1.6919e-05  1.9980e-07  2.1177e-07  1.1535e-07  1:01:49 2151
   350  1.8663e-05  2.2772e-07  2.2827e-07  1.4469e-07  1:03:36 2150
   351  2.6993e-05  2.3660e-07  2.0280e-07  1.5994e-07  1:02:22 2149
   352  2.6369e-05  2.2240e-07  1.9991e-07  1.3471e-07  1:01:24 2148

  iter  continuity  x-velocity  y-velocity  z-velocity     time/iter
   353  1.8663e-05  1.8346e-07  2.0348e-07  1.0708e-07  1:03:09 2147

 Reversed flow on 2 faces (0.1% area) of pressure-outlet 21.
   354  1.5632e-05  3.0537e-07  3.0892e-07  1.4600e-07  1:04:33 2146

 Reversed flow on 8 faces (0.4% area) of pressure-outlet 21.
   355  2.4460e-05  3.2288e-07  3.1669e-07  1.7182e-07  1:03:09 2145

 Reversed flow on 8 faces (0.3% area) of pressure-outlet 21.
   356  2.8581e-05  2.6071e-07  2.2517e-07  1.6669e-07  0:59:35 2144

 Reversed flow on 1 face (0.0% area) of pressure-outlet 21.
   357  2.4460e-05  2.1752e-07  2.0118e-07  1.1995e-07  0:59:10 2143
   358  1.6919e-05  1.9980e-07  2.1177e-07  1.1535e-07  1:01:40 2142
   359  1.8663e-05  2.2772e-07  2.2827e-07  1.4469e-07  1:05:14 2141
   360  2.6993e-05  2.3660e-07  2.0280e-07  1.5994e-07  1:04:57 2140
   361  2.6369e-05  2.2240e-07  1.9991e-07  1.3471e-07  1:03:48 2139
   362  1.8663e-05  1.8346e-07  2.0348e-07  1.0708e-07  1:05:20 2138

 Reversed flow on 2 faces (0.1% area) of pressure-outlet 21.
   363  1.5632e-05  3.0537e-07  3.0892e-07  1.4600e-07  1:06:32 2137

 Reversed flow on 8 faces (0.4% area) of pressure-outlet 21.

  iter  continuity  x-velocity  y-velocity  z-velocity     time/iter
   364  2.4460e-05  3.2288e-07  3.1669e-07  1.7182e-07  1:05:51 2136

 Reversed flow on 8 faces (0.3% area) of pressure-outlet 21.
   365  2.8581e-05  2.6071e-07  2.2517e-07  1.6669e-07  1:02:03 2135

 Reversed flow on 1 face (0.0% area) of pressure-outlet 21.
   366  2.4460e-05  2.1752e-07  2.0118e-07  1.1995e-07  1:01:19 2134
   367  1.6919e-05  1.9980e-07  2.1177e-07  1.1535e-07  1:03:10 2133
   368  1.8663e-05  2.2772e-07  2.2827e-07  1.4469e-07  1:04:37 2132
   369  2.6993e-05  2.3660e-07  2.0280e-07  1.5994e-07  1:03:17 2131
   370  2.6369e-05  2.2240e-07  1.9991e-07  1.3471e-07  1:02:13 2130
   371  1.8663e-05  1.8346e-07  2.0348e-07  1.0708e-07  1:03:50 2129

 Reversed flow on 2 faces (0.1% area) of pressure-outlet 21.
   372  1.5632e-05  3.0537e-07  3.0892e-07  1.4600e-07  1:05:06 2128

 Reversed flow on 8 faces (0.4% area) of pressure-outlet 21.
   373  2.4460e-05  3.2288e-07  3.1669e-07  1.7182e-07  1:03:38 2127

 Reversed flow on 8 faces (0.3% area) of pressure-outlet 21.
   374  2.8581e-05  2.6071e-07  2.2517e-07  1.6669e-07  1:00:01 2126

 Reversed flow on 1 face (0.0% area) of pressure-outlet 21.

  iter  continuity  x-velocity  y-velocity  z-velocity     time/iter
   375  2.4460e-05  2.1752e-07  2.0118e-07  1.1995e-07  0:59:35 2125
   376  1.6919e-05  1.9980e-07  2.1177e-07  1.1535e-07  1:01:50 2124
   377  1.8663e-05  2.2772e-07  2.2827e-07  1.4469e-07  1:03:31 2123
   378  2.6993e-05  2.3660e-07  2.0280e-07  1.5994e-07  1:02:23 2122
   379  2.6369e-05  2.2240e-07  1.9991e-07  1.3471e-07  1:01:29 2121
   380  1.8663e-05  1.8346e-07  2.0348e-07  1.0708e-07  1:03:12 2120

 Reversed flow on 2 faces (0.1% area) of pressure-outlet 21.
   381  1.5632e-05  3.0537e-07  3.0892e-07  1.4600e-07  1:04:35 2119

 Reversed flow on 8 faces (0.4% area) of pressure-outlet 21.
   382  2.4460e-05  3.2288e-07  3.1669e-07  1.7182e-07  1:03:12 2118

 Reversed flow on 8 faces (0.3% area) of pressure-outlet 21.
   383  2.8581e-05  2.6071e-07  2.2517e-07  1.6669e-07  0:59:39 2117

 Reversed flow on 1 face (0.0% area) of pressure-outlet 21.
   384  2.4460e-05  2.1752e-07  2.0118e-07  1.1995e-07  0:59:27 2116
   385  1.6919e-05  1.9980e-07  2.1177e-07  1.1535e-07  1:03:30 2115

  iter  continuity  x-velocity  y-velocity  z-velocity     time/iter
   386  1.8663e-05  2.2772e-07  2.2827e-07  1.4469e-07  1:05:01 2114
   387  2.6993e-05  2.3660e-07  2.0280e-07  1.5994e-07  1:03:36 2113
   388  2.6369e-05  2.2240e-07  1.9991e-07  1.3471e-07  1:02:28 2112
   389  1.8663e-05  1.8346e-07  2.0348e-07  1.0708e-07  1:03:57 2111

 Reversed flow on 2 faces (0.1% area) of pressure-outlet 21.
   390  1.5632e-05  3.0537e-07  3.0892e-07  1.4600e-07  1:05:08 2110

 Reversed flow on 8 faces (0.4% area) of pressure-outlet 21.
   391  2.4460e-05  3.2288e-07  3.1669e-07  1.7182e-07  1:03:36 2109

 Reversed flow on 8 faces (0.3% area) of pressure-outlet 21.
   392  2.8581e-05  2.6071e-07  2.2517e-07  1.6669e-07  0:59:57 2108

 Reversed flow on 1 face (0.0% area) of pressure-outlet 21.
   393  2.4460e-05  2.1752e-07  2.0118e-07  1.1995e-07  0:59:27 2107
   394  1.6919e-05  1.9980e-07  2.1177e-07  1.1535e-07  1:01:30 2106
   395  1.8663e-05  2.2772e-07  2.2827e-07  1.4469e-07  1:03:07 2105
   396  2.6993e-05  2.3660e-07  2.0280e-07  1.5994e-07  1:01:58 2104

  iter  continuity  x-velocity  y-velocity  z-velocity     time/iter
   397  2.6369e-05  2.2240e-07  1.9991e-07  1.3471e-07  1:01:03 2103
   398  1.8663e-05  1.8346e-07  2.0348e-07  1.0708e-07  1:02:45 2102

 Reversed flow on 2 faces (0.1% area) of pressure-outlet 21.
   399  1.5632e-05  3.0537e-07  3.0892e-07  1.4600e-07  1:04:07 2101

 Reversed flow on 8 faces (0.4% area) of pressure-outlet 21.
   400  2.4460e-05  3.2288e-07  3.1669e-07  1.7182e-07  1:02:43 2100

 Reversed flow on 8 faces (0.3% area) of pressure-outlet 21.
   401  2.8581e-05  2.6071e-07  2.2517e-07  1.6669e-07  0:59:13 2099

 Reversed flow on 1 face (0.0% area) of pressure-outlet 21.
   402  2.4460e-05  2.1752e-07  2.0118e-07  1.1995e-07  0:58:49 2098
   403  1.6919e-05  1.9980e-07  2.1177e-07  1.1535e-07  1:00:55 2097
   404  1.8663e-05  2.2772e-07  2.2827e-07  1.4469e-07  1:02:40 2096
   405  2.6993e-05  2.3660e-07  2.0280e-07  1.5994e-07  1:01:49 2095
   406  2.6369e-05  2.2240e-07  1.9991e-07  1.3471e-07  1:00:53 2094
   407  1.8663e-05  1.8346e-07  2.0348e-07  1.0708e-07  1:02:33 2093

 Reversed flow on 2 faces (0.1% area) of pressure-outlet 21.

  iter  continuity  x-velocity  y-velocity  z-velocity     time/iter
   408  1.5632e-05  3.0537e-07  3.0892e-07  1.4600e-07  1:03:52 2092

 Reversed flow on 8 faces (0.4% area) of pressure-outlet 21.
   409  2.4460e-05  3.2288e-07  3.1669e-07  1.7182e-07  1:02:29 2091

 Reversed flow on 8 faces (0.3% area) of pressure-outlet 21.
   410  2.8581e-05  2.6071e-07  2.2517e-07  1.6669e-07  0:58:57 2090

 Reversed flow on 1 face (0.0% area) of pressure-outlet 21.
   411  2.4460e-05  2.1752e-07  2.0118e-07  1.1995e-07  0:58:32 2089
   412  1.6919e-05  1.9980e-07  2.1177e-07  1.1535e-07  1:00:44 2088
   413  1.8663e-05  2.2772e-07  2.2827e-07  1.4469e-07  1:02:22 2087
   414  2.6993e-05  2.3660e-07  2.0280e-07  1.5994e-07  1:01:14 2086
   415  2.6369e-05  2.2240e-07  1.9991e-07  1.3471e-07  1:00:22 2085
   416  1.8663e-05  1.8346e-07  2.0348e-07  1.0708e-07  1:02:05 2084

 Reversed flow on 2 faces (0.1% area) of pressure-outlet 21.
   417  1.5632e-05  3.0537e-07  3.0892e-07  1.4600e-07  1:03:27 2083

 Reversed flow on 8 faces (0.4% area) of pressure-outlet 21.
   418  2.4460e-05  3.2288e-07  3.1669e-07  1.7182e-07  1:02:07 2082

 Reversed flow on 8 faces (0.3% area) of pressure-outlet 21.

  iter  continuity  x-velocity  y-velocity  z-velocity     time/iter
   419  2.8581e-05  2.6071e-07  2.2517e-07  1.6669e-07  1:01:06 2081

 Reversed flow on 1 face (0.0% area) of pressure-outlet 21.
   420  2.4460e-05  2.1752e-07  2.0118e-07  1.1995e-07  1:00:14 2080
   421  1.6919e-05  1.9980e-07  2.1177e-07  1.1535e-07  1:01:59 2079
   422  1.8663e-05  2.2772e-07  2.2827e-07  1.4469e-07  1:03:23 2078
   423  2.6993e-05  2.3660e-07  2.0280e-07  1.5994e-07  1:02:00 2077
   424  2.6369e-05  2.2240e-07  1.9991e-07  1.3471e-07  1:00:57 2076
   425  1.8663e-05  1.8346e-07  2.0348e-07  1.0708e-07  1:02:26 2075

 Reversed flow on 2 faces (0.1% area) of pressure-outlet 21.
   426  1.5632e-05  3.0537e-07  3.0892e-07  1.4600e-07  1:03:38 2074

 Reversed flow on 8 faces (0.4% area) of pressure-outlet 21.
   427  2.4460e-05  3.2288e-07  3.1669e-07  1.7182e-07  1:02:12 2073

 Reversed flow on 8 faces (0.3% area) of pressure-outlet 21.
   428  2.8581e-05  2.6071e-07  2.2517e-07  1.6669e-07  0:58:40 2072

 Reversed flow on 1 face (0.0% area) of pressure-outlet 21.
   429  2.4460e-05  2.1752e-07  2.0118e-07  1.1995e-07  0:58:12 2071

  iter  continuity  x-velocity  y-velocity  z-velocity     time/iter
   430  1.6919e-05  1.9980e-07  2.1177e-07  1.1535e-07  1:00:14 2070
   431  1.8663e-05  2.2772e-07  2.2827e-07  1.4469e-07  1:01:51 2069
   432  2.6993e-05  2.3660e-07  2.0280e-07  1.5994e-07  1:00:45 2068
   433  2.6369e-05  2.2240e-07  1.9991e-07  1.3471e-07  0:59:52 2067
   434  1.8663e-05  1.8346e-07  2.0348e-07  1.0708e-07  1:01:34 2066

 Reversed flow on 2 faces (0.1% area) of pressure-outlet 21.
   435  1.5632e-05  3.0537e-07  3.0892e-07  1.4600e-07  1:02:53 2065

 Reversed flow on 8 faces (0.4% area) of pressure-outlet 21.
   436  2.4460e-05  3.2288e-07  3.1669e-07  1.7182e-07  1:01:32 2064

 Reversed flow on 8 faces (0.3% area) of pressure-outlet 21.
   437  2.8581e-05  2.6071e-07  2.2517e-07  1.6669e-07  0:58:03 2063

 Reversed flow on 1 face (0.0% area) of pressure-outlet 21.
   438  2.4460e-05  2.1752e-07  2.0118e-07  1.1995e-07  0:57:42 2062
   439  1.6919e-05  1.9980e-07  2.1177e-07  1.1535e-07  0:59:50 2061
   440  1.8663e-05  2.2772e-07  2.2827e-07  1.4469e-07  1:01:29 2060

  iter  continuity  x-velocity  y-velocity  z-velocity     time/iter
   441  2.6993e-05  2.3660e-07  2.0280e-07  1.5994e-07  1:00:23 2059
   442  2.6369e-05  2.2240e-07  1.9991e-07  1.3471e-07  0:59:40 2058
   443  1.8663e-05  1.8346e-07  2.0348e-07  1.0708e-07  1:01:20 2057

 Reversed flow on 2 faces (0.1% area) of pressure-outlet 21.
   444  1.5632e-05  3.0537e-07  3.0892e-07  1.4600e-07  1:02:38 2056

 Reversed flow on 8 faces (0.4% area) of pressure-outlet 21.
   445  2.4460e-05  3.2288e-07  3.1669e-07  1.7182e-07  1:01:17 2055

 Reversed flow on 8 faces (0.3% area) of pressure-outlet 21.
   446  2.8581e-05  2.6071e-07  2.2517e-07  1.6669e-07  0:57:49 2054

 Reversed flow on 1 face (0.0% area) of pressure-outlet 21.
   447  2.4460e-05  2.1752e-07  2.0118e-07  1.1995e-07  0:57:28 2053
   448  1.6919e-05  1.9980e-07  2.1177e-07  1.1535e-07  0:59:30 2052
   449  1.8663e-05  2.2772e-07  2.2827e-07  1.4469e-07  1:01:08 2051
   450  2.6993e-05  2.3660e-07  2.0280e-07  1.5994e-07  1:00:05 2050
   451  2.6369e-05  2.2240e-07  1.9991e-07  1.3471e-07  0:59:15 2049

  iter  continuity  x-velocity  y-velocity  z-velocity     time/iter
   452  1.8663e-05  1.8346e-07  2.0348e-07  1.0708e-07  1:01:00 2048

 Reversed flow on 2 faces (0.1% area) of pressure-outlet 21.
   453  1.5632e-05  3.0537e-07  3.0892e-07  1.4600e-07  1:02:20 2047

 Reversed flow on 8 faces (0.4% area) of pressure-outlet 21.
   454  2.4460e-05  3.2288e-07  3.1669e-07  1.7182e-07  1:01:01 2046

 Reversed flow on 8 faces (0.3% area) of pressure-outlet 21.
   455  2.8581e-05  2.6071e-07  2.2517e-07  1.6669e-07  0:57:35 2045

 Reversed flow on 1 face (0.0% area) of pressure-outlet 21.
   456  2.4460e-05  2.1752e-07  2.0118e-07  1.1995e-07  0:57:15 2044
   457  1.6919e-05  1.9980e-07  2.1177e-07  1.1535e-07  0:59:18 2043
   458  1.8663e-05  2.2772e-07  2.2827e-07  1.4469e-07  1:00:56 2042
   459  2.6993e-05  2.3660e-07  2.0280e-07  1.5994e-07  0:59:52 2041
   460  2.6369e-05  2.2240e-07  1.9991e-07  1.3471e-07  0:59:01 2040
   461  1.8663e-05  1.8346e-07  2.0348e-07  1.0708e-07  1:00:40 2039

 Reversed flow on 2 faces (0.1% area) of pressure-outlet 21.
   462  1.5632e-05  3.0537e-07  3.0892e-07  1.4600e-07  1:02:00 2038

 Reversed flow on 8 faces (0.4% area) of pressure-outlet 21.

  iter  continuity  x-velocity  y-velocity  z-velocity     time/iter
   463  2.4460e-05  3.2288e-07  3.1669e-07  1.7182e-07  1:00:40 2037

 Reversed flow on 8 faces (0.3% area) of pressure-outlet 21.
   464  2.8581e-05  2.6071e-07  2.2517e-07  1.6669e-07  0:57:17 2036

 Reversed flow on 1 face (0.0% area) of pressure-outlet 21.
   465  2.4460e-05  2.1752e-07  2.0118e-07  1.1995e-07  0:56:55 2035
   466  1.6919e-05  1.9980e-07  2.1177e-07  1.1535e-07  0:58:58 2034
   467  1.8663e-05  2.2772e-07  2.2827e-07  1.4469e-07  1:00:37 2033
   468  2.6993e-05  2.3660e-07  2.0280e-07  1.5994e-07  0:59:35 2032
   469  2.6369e-05  2.2240e-07  1.9991e-07  1.3471e-07  0:58:44 2031
   470  1.8663e-05  1.8346e-07  2.0348e-07  1.0708e-07  1:00:25 2030

 Reversed flow on 2 faces (0.1% area) of pressure-outlet 21.
   471  1.5632e-05  3.0537e-07  3.0892e-07  1.4600e-07  1:01:45 2029

 Reversed flow on 8 faces (0.4% area) of pressure-outlet 21.
   472  2.4460e-05  3.2288e-07  3.1669e-07  1.7182e-07  1:00:29 2028

 Reversed flow on 8 faces (0.3% area) of pressure-outlet 21.
   473  2.8581e-05  2.6071e-07  2.2517e-07  1.6669e-07  0:57:10 2027

 Reversed flow on 1 face (0.0% area) of pressure-outlet 21.

  iter  continuity  x-velocity  y-velocity  z-velocity     time/iter
   474  2.4460e-05  2.1752e-07  2.0118e-07  1.1995e-07  0:56:48 2026
   475  1.6919e-05  1.9980e-07  2.1177e-07  1.1535e-07  0:58:52 2025
   476  1.8663e-05  2.2772e-07  2.2827e-07  1.4469e-07  1:00:27 2024
   477  2.6993e-05  2.3660e-07  2.0280e-07  1.5994e-07  0:59:23 2023
   478  2.6369e-05  2.2240e-07  1.9991e-07  1.3471e-07  0:58:32 2022
   479  1.8663e-05  1.8346e-07  2.0348e-07  1.0708e-07  1:00:11 2021

 Reversed flow on 2 faces (0.1% area) of pressure-outlet 21.
   480  1.5632e-05  3.0537e-07  3.0892e-07  1.4600e-07  1:01:29 2020

 Reversed flow on 8 faces (0.4% area) of pressure-outlet 21.
   481  2.4460e-05  3.2288e-07  3.1669e-07  1.7182e-07  1:00:12 2019

 Reversed flow on 8 faces (0.3% area) of pressure-outlet 21.
   482  2.8581e-05  2.6071e-07  2.2517e-07  1.6669e-07  0:56:51 2018

 Reversed flow on 1 face (0.0% area) of pressure-outlet 21.
   483  2.4460e-05  2.1752e-07  2.0118e-07  1.1995e-07  0:56:29 2017
   484  1.6919e-05  1.9980e-07  2.1177e-07  1.1535e-07  0:58:32 2016

  iter  continuity  x-velocity  y-velocity  z-velocity     time/iter
   485  1.8663e-05  2.2772e-07  2.2827e-07  1.4469e-07  1:00:08 2015
   486  2.6993e-05  2.3660e-07  2.0280e-07  1.5994e-07  0:59:06 2014
   487  2.6369e-05  2.2240e-07  1.9991e-07  1.3471e-07  0:58:17 2013
   488  1.8663e-05  1.8346e-07  2.0348e-07  1.0708e-07  0:59:56 2012

 Reversed flow on 2 faces (0.1% area) of pressure-outlet 21.
   489  1.5632e-05  3.0537e-07  3.0892e-07  1.4600e-07  1:01:15 2011

 Reversed flow on 8 faces (0.4% area) of pressure-outlet 21.
   490  2.4460e-05  3.2288e-07  3.1669e-07  1.7182e-07  1:00:00 2010

 Reversed flow on 8 faces (0.3% area) of pressure-outlet 21.
   491  2.8581e-05  2.6071e-07  2.2517e-07  1.6669e-07  0:56:39 2009

 Reversed flow on 1 face (0.0% area) of pressure-outlet 21.
   492  2.4460e-05  2.1752e-07  2.0118e-07  1.1995e-07  0:56:15 2008
   493  1.6919e-05  1.9980e-07  2.1177e-07  1.1535e-07  0:58:17 2007
   494  1.8663e-05  2.2772e-07  2.2827e-07  1.4469e-07  0:59:51 2006
   495  2.6993e-05  2.3660e-07  2.0280e-07  1.5994e-07  0:58:47 2005

  iter  continuity  x-velocity  y-velocity  z-velocity     time/iter
   496  2.6369e-05  2.2240e-07  1.9991e-07  1.3471e-07  0:58:00 2004
   497  1.8663e-05  1.8346e-07  2.0348e-07  1.0708e-07  0:59:38 2003

 Reversed flow on 2 faces (0.1% area) of pressure-outlet 21.
   498  1.5632e-05  3.0537e-07  3.0892e-07  1.4600e-07  1:00:55 2002

 Reversed flow on 8 faces (0.4% area) of pressure-outlet 21.
   499  2.4460e-05  3.2288e-07  3.1669e-07  1.7182e-07  0:59:38 2001

 Reversed flow on 8 faces (0.3% area) of pressure-outlet 21.
   500  2.8581e-05  2.6071e-07  2.2517e-07  1.6669e-07  0:56:17 2000

 Reversed flow on 1 face (0.0% area) of pressure-outlet 21.
   501  2.4460e-05  2.1752e-07  2.0118e-07  1.1995e-07  0:55:55 1999
   502  1.6919e-05  1.9980e-07  2.1177e-07  1.1535e-07  0:58:28 1998
   503  1.8663e-05  2.2772e-07  2.2827e-07  1.4469e-07  0:59:59 1997
   504  2.6993e-05  2.3660e-07  2.0280e-07  1.5994e-07  0:58:51 1996
   505  2.6369e-05  2.2240e-07  1.9991e-07  1.3471e-07  0:57:57 1995
   506  1.8663e-05  1.8346e-07  2.0348e-07  1.0708e-07  0:59:34 1994

 Reversed flow on 2 faces (0.1% area) of pressure-outlet 21.

  iter  continuity  x-velocity  y-velocity  z-velocity     time/iter
   507  1.5632e-05  3.0537e-07  3.0892e-07  1.4600e-07  1:00:49 1993

 Reversed flow on 8 faces (0.4% area) of pressure-outlet 21.
   508  2.4460e-05  3.2288e-07  3.1669e-07  1.7182e-07  0:59:29 1992

 Reversed flow on 8 faces (0.3% area) of pressure-outlet 21.
   509  2.8581e-05  2.6071e-07  2.2517e-07  1.6669e-07  0:56:09 1991

 Reversed flow on 1 face (0.0% area) of pressure-outlet 21.
   510  2.4460e-05  2.1752e-07  2.0118e-07  1.1995e-07  0:55:44 1990
   511  1.6919e-05  1.9980e-07  2.1177e-07  1.1535e-07  0:57:44 1989
   512  1.8663e-05  2.2772e-07  2.2827e-07  1.4469e-07  0:59:21 1988
   513  2.6993e-05  2.3660e-07  2.0280e-07  1.5994e-07  0:58:17 1987
   514  2.6369e-05  2.2240e-07  1.9991e-07  1.3471e-07  0:57:26 1986
   515  1.8663e-05  1.8346e-07  2.0348e-07  1.0708e-07  0:59:05 1985

 Reversed flow on 2 faces (0.1% area) of pressure-outlet 21.
   516  1.5632e-05  3.0537e-07  3.0892e-07  1.4600e-07  1:00:21 1984

 Reversed flow on 8 faces (0.4% area) of pressure-outlet 21.
   517  2.4460e-05  3.2288e-07  3.1669e-07  1.7182e-07  0:59:04 1983

 Reversed flow on 8 faces (0.3% area) of pressure-outlet 21.

  iter  continuity  x-velocity  y-velocity  z-velocity     time/iter
   518  2.8581e-05  2.6071e-07  2.2517e-07  1.6669e-07  0:55:50 1982

 Reversed flow on 1 face (0.0% area) of pressure-outlet 21.
   519  2.4460e-05  2.1752e-07  2.0118e-07  1.1995e-07  0:55:26 1981
   520  1.6919e-05  1.9980e-07  2.1177e-07  1.1535e-07  0:57:24 1980
   521  1.8663e-05  2.2772e-07  2.2827e-07  1.4469e-07  0:59:45 1979
   522  2.6993e-05  2.3660e-07  2.0280e-07  1.5994e-07  0:58:34 1978
   523  2.6369e-05  2.2240e-07  1.9991e-07  1.3471e-07  0:57:37 1977
   524  1.8663e-05  1.8346e-07  2.0348e-07  1.0708e-07  0:59:09 1976

 Reversed flow on 2 faces (0.1% area) of pressure-outlet 21.
   525  1.5632e-05  3.0537e-07  3.0892e-07  1.4600e-07  1:00:22 1975

 Reversed flow on 8 faces (0.4% area) of pressure-outlet 21.
   526  2.4460e-05  3.2288e-07  3.1669e-07  1.7182e-07  0:59:02 1974

 Reversed flow on 8 faces (0.3% area) of pressure-outlet 21.
   527  2.8581e-05  2.6071e-07  2.2517e-07  1.6669e-07  0:55:41 1973

 Reversed flow on 1 face (0.0% area) of pressure-outlet 21.
   528  2.4460e-05  2.1752e-07  2.0118e-07  1.1995e-07  0:55:17 1972

  iter  continuity  x-velocity  y-velocity  z-velocity     time/iter
   529  1.6919e-05  1.9980e-07  2.1177e-07  1.1535e-07  0:57:13 1971
   530  1.8663e-05  2.2772e-07  2.2827e-07  1.4469e-07  0:58:48 1970
   531  2.6993e-05  2.3660e-07  2.0280e-07  1.5994e-07  0:57:47 1969
   532  2.6369e-05  2.2240e-07  1.9991e-07  1.3471e-07  0:56:55 1968
   533  1.8663e-05  1.8346e-07  2.0348e-07  1.0708e-07  0:58:30 1967

 Reversed flow on 2 faces (0.1% area) of pressure-outlet 21.
   534  1.5632e-05  3.0537e-07  3.0892e-07  1.4600e-07  0:59:45 1966

 Reversed flow on 8 faces (0.4% area) of pressure-outlet 21.
   535  2.4460e-05  3.2288e-07  3.1669e-07  1.7182e-07  0:59:31 1965

 Reversed flow on 8 faces (0.3% area) of pressure-outlet 21.
   536  2.8581e-05  2.6071e-07  2.2517e-07  1.6669e-07  0:56:12 1964

 Reversed flow on 1 face (0.0% area) of pressure-outlet 21.
   537  2.4460e-05  2.1752e-07  2.0118e-07  1.1995e-07  0:55:40 1963
   538  1.6919e-05  1.9980e-07  2.1177e-07  1.1535e-07  0:57:29 1962
   539  1.8663e-05  2.2772e-07  2.2827e-07  1.4469e-07  0:58:54 1961

  iter  continuity  x-velocity  y-velocity  z-velocity     time/iter
   540  2.6993e-05  2.3660e-07  2.0280e-07  1.5994e-07  0:57:49 1960
   541  2.6369e-05  2.2240e-07  1.9991e-07  1.3471e-07  0:56:54 1959
   542  1.8663e-05  1.8346e-07  2.0348e-07  1.0708e-07  0:58:26 1958

 Reversed flow on 2 faces (0.1% area) of pressure-outlet 21.
   543  1.5632e-05  3.0537e-07  3.0892e-07  1.4600e-07  0:59:42 1957

 Reversed flow on 8 faces (0.4% area) of pressure-outlet 21.
   544  2.4460e-05  3.2288e-07  3.1669e-07  1.7182e-07  0:58:24 1956

 Reversed flow on 8 faces (0.3% area) of pressure-outlet 21.
   545  2.8581e-05  2.6071e-07  2.2517e-07  1.6669e-07  0:55:06 1955

 Reversed flow on 1 face (0.0% area) of pressure-outlet 21.
   546  2.4460e-05  2.1752e-07  2.0118e-07  1.1995e-07  0:54:43 1954
   547  1.6919e-05  1.9980e-07  2.1177e-07  1.1535e-07  0:56:42 1953
   548  1.8663e-05  2.2772e-07  2.2827e-07  1.4469e-07  0:58:14 1952
   549  2.6993e-05  2.3660e-07  2.0280e-07  1.5994e-07  0:57:11 1951
   550  2.6369e-05  2.2240e-07  1.9991e-07  1.3471e-07  0:56:23 1950

  iter  continuity  x-velocity  y-velocity  z-velocity     time/iter
   551  1.8663e-05  1.8346e-07  2.0348e-07  1.0708e-07  0:57:58 1949

 Reversed flow on 2 faces (0.1% area) of pressure-outlet 21.
   552  1.5632e-05  3.0537e-07  3.0892e-07  1.4600e-07  0:59:12 1948

 Reversed flow on 8 faces (0.4% area) of pressure-outlet 21.
   553  2.4460e-05  3.2288e-07  3.1669e-07  1.7182e-07  0:57:58 1947

 Reversed flow on 8 faces (0.3% area) of pressure-outlet 21.
   554  2.8581e-05  2.6071e-07  2.2517e-07  1.6669e-07  0:54:43 1946

 Reversed flow on 1 face (0.0% area) of pressure-outlet 21.
   555  2.4460e-05  2.1752e-07  2.0118e-07  1.1995e-07  0:54:22 1945
   556  1.6919e-05  1.9980e-07  2.1177e-07  1.1535e-07  0:56:23 1944
   557  1.8663e-05  2.2772e-07  2.2827e-07  1.4469e-07  0:58:05 1943
   558  2.6993e-05  2.3660e-07  2.0280e-07  1.5994e-07  0:57:05 1942
   559  2.6369e-05  2.2240e-07  1.9991e-07  1.3471e-07  0:56:15 1941
   560  1.8663e-05  1.8346e-07  2.0348e-07  1.0708e-07  0:57:50 1940

 Reversed flow on 2 faces (0.1% area) of pressure-outlet 21.
   561  1.5632e-05  3.0537e-07  3.0892e-07  1.4600e-07  0:59:04 1939

 Reversed flow on 8 faces (0.4% area) of pressure-outlet 21.

  iter  continuity  x-velocity  y-velocity  z-velocity     time/iter
   562  2.4460e-05  3.2288e-07  3.1669e-07  1.7182e-07  0:57:47 1938

 Reversed flow on 8 faces (0.3% area) of pressure-outlet 21.
   563  2.8581e-05  2.6071e-07  2.2517e-07  1.6669e-07  0:54:31 1937

 Reversed flow on 1 face (0.0% area) of pressure-outlet 21.
   564  2.4460e-05  2.1752e-07  2.0118e-07  1.1995e-07  0:54:08 1936
   565  1.6919e-05  1.9980e-07  2.1177e-07  1.1535e-07  0:56:05 1935
   566  1.8663e-05  2.2772e-07  2.2827e-07  1.4469e-07  0:57:38 1934
   567  2.6993e-05  2.3660e-07  2.0280e-07  1.5994e-07  0:56:36 1933
   568  2.6369e-05  2.2240e-07  1.9991e-07  1.3471e-07  0:55:48 1932
   569  1.8663e-05  1.8346e-07  2.0348e-07  1.0708e-07  0:57:24 1931

 Reversed flow on 2 faces (0.1% area) of pressure-outlet 21.
   570  1.5632e-05  3.0537e-07  3.0892e-07  1.4600e-07  0:58:41 1930

 Reversed flow on 8 faces (0.4% area) of pressure-outlet 21.
   571  2.4460e-05  3.2288e-07  3.1669e-07  1.7182e-07  0:57:26 1929

 Reversed flow on 8 faces (0.3% area) of pressure-outlet 21.
   572  2.8581e-05  2.6071e-07  2.2517e-07  1.6669e-07  0:54:12 1928

 Reversed flow on 1 face (0.0% area) of pressure-outlet 21.

  iter  continuity  x-velocity  y-velocity  z-velocity     time/iter
   573  2.4460e-05  2.1752e-07  2.0118e-07  1.1995e-07  0:53:51 1927
   574  1.6919e-05  1.9980e-07  2.1177e-07  1.1535e-07  0:55:49 1926
   575  1.8663e-05  2.2772e-07  2.2827e-07  1.4469e-07  0:57:22 1925
   576  2.6993e-05  2.3660e-07  2.0280e-07  1.5994e-07  0:58:44 1924
   577  2.6369e-05  2.2240e-07  1.9991e-07  1.3471e-07  0:57:28 1923
   578  1.8663e-05  1.8346e-07  2.0348e-07  1.0708e-07  0:58:47 1922

 Reversed flow on 2 faces (0.1% area) of pressure-outlet 21.
   579  1.5632e-05  3.0537e-07  3.0892e-07  1.4600e-07  0:59:40 1921

 Reversed flow on 8 faces (0.4% area) of pressure-outlet 21.
   580  2.4460e-05  3.2288e-07  3.1669e-07  1.7182e-07  0:58:12 1920

 Reversed flow on 8 faces (0.3% area) of pressure-outlet 21.
   581  2.8581e-05  2.6071e-07  2.2517e-07  1.6669e-07  0:54:47 1919

 Reversed flow on 1 face (0.0% area) of pressure-outlet 21.
   582  2.4460e-05  2.1752e-07  2.0118e-07  1.1995e-07  0:54:17 1918
   583  1.6919e-05  1.9980e-07  2.1177e-07  1.1535e-07  0:56:04 1917

  iter  continuity  x-velocity  y-velocity  z-velocity     time/iter
   584  1.8663e-05  2.2772e-07  2.2827e-07  1.4469e-07  0:57:30 1916
   585  2.6993e-05  2.3660e-07  2.0280e-07  1.5994e-07  0:56:26 1915
   586  2.6369e-05  2.2240e-07  1.9991e-07  1.3471e-07  0:55:37 1914
   587  1.8663e-05  1.8346e-07  2.0348e-07  1.0708e-07  0:57:07 1913

 Reversed flow on 2 faces (0.1% area) of pressure-outlet 21.
   588  1.5632e-05  3.0537e-07  3.0892e-07  1.4600e-07  0:58:17 1912

 Reversed flow on 8 faces (0.4% area) of pressure-outlet 21.
   589  2.4460e-05  3.2288e-07  3.1669e-07  1.7182e-07  0:57:02 1911

 Reversed flow on 8 faces (0.3% area) of pressure-outlet 21.
   590  2.8581e-05  2.6071e-07  2.2517e-07  1.6669e-07  0:53:49 1910

 Reversed flow on 1 face (0.0% area) of pressure-outlet 21.
   591  2.4460e-05  2.1752e-07  2.0118e-07  1.1995e-07  0:53:27 1909
   592  1.6919e-05  1.9980e-07  2.1177e-07  1.1535e-07  0:55:30 1908
   593  1.8663e-05  2.2772e-07  2.2827e-07  1.4469e-07  0:57:00 1907
   594  2.6993e-05  2.3660e-07  2.0280e-07  1.5994e-07  0:55:57 1906

  iter  continuity  x-velocity  y-velocity  z-velocity     time/iter
   595  2.6369e-05  2.2240e-07  1.9991e-07  1.3471e-07  0:55:10 1905
   596  1.8663e-05  1.8346e-07  2.0348e-07  1.0708e-07  0:56:43 1904

 Reversed flow on 2 faces (0.1% area) of pressure-outlet 21.
   597  1.5632e-05  3.0537e-07  3.0892e-07  1.4600e-07  0:57:55 1903

 Reversed flow on 8 faces (0.4% area) of pressure-outlet 21.
   598  2.4460e-05  3.2288e-07  3.1669e-07  1.7182e-07  0:56:42 1902

 Reversed flow on 8 faces (0.3% area) of pressure-outlet 21.
   599  2.8581e-05  2.6071e-07  2.2517e-07  1.6669e-07  0:53:34 1901

 Reversed flow on 1 face (0.0% area) of pressure-outlet 21.
   600  2.4460e-05  2.1752e-07  2.0118e-07  1.1995e-07  0:53:11 1900
   601  1.6919e-05  1.9980e-07  2.1177e-07  1.1535e-07  0:55:07 1899
   602  1.8663e-05  2.2772e-07  2.2827e-07  1.4469e-07  0:56:38 1898
   603  2.6993e-05  2.3660e-07  2.0280e-07  1.5994e-07  0:55:38 1897
   604  2.6369e-05  2.2240e-07  1.9991e-07  1.3471e-07  0:54:49 1896
   605  1.8663e-05  1.8346e-07  2.0348e-07  1.0708e-07  0:56:22 1895

 Reversed flow on 2 faces (0.1% area) of pressure-outlet 21.

  iter  continuity  x-velocity  y-velocity  z-velocity     time/iter
   606  1.5632e-05  3.0537e-07  3.0892e-07  1.4600e-07  0:57:35 1894

 Reversed flow on 8 faces (0.4% area) of pressure-outlet 21.
   607  2.4460e-05  3.2288e-07  3.1669e-07  1.7182e-07  0:56:25 1893

 Reversed flow on 8 faces (0.3% area) of pressure-outlet 21.
   608  2.8581e-05  2.6071e-07  2.2517e-07  1.6669e-07  0:53:15 1892

 Reversed flow on 1 face (0.0% area) of pressure-outlet 21.
   609  2.4460e-05  2.1752e-07  2.0118e-07  1.1995e-07  0:52:55 1891
   610  1.6919e-05  1.9980e-07  2.1177e-07  1.1535e-07  0:54:49 1890
   611  1.8663e-05  2.2772e-07  2.2827e-07  1.4469e-07  0:56:19 1889
   612  2.6993e-05  2.3660e-07  2.0280e-07  1.5994e-07  0:55:20 1888
   613  2.6369e-05  2.2240e-07  1.9991e-07  1.3471e-07  0:54:33 1887
   614  1.8663e-05  1.8346e-07  2.0348e-07  1.0708e-07  0:56:06 1886

 Reversed flow on 2 faces (0.1% area) of pressure-outlet 21.
   615  1.5632e-05  3.0537e-07  3.0892e-07  1.4600e-07  0:57:21 1885

 Reversed flow on 8 faces (0.4% area) of pressure-outlet 21.
   616  2.4460e-05  3.2288e-07  3.1669e-07  1.7182e-07  0:56:08 1884

 Reversed flow on 8 faces (0.3% area) of pressure-outlet 21.

  iter  continuity  x-velocity  y-velocity  z-velocity     time/iter
   617  2.8581e-05  2.6071e-07  2.2517e-07  1.6669e-07  0:53:00 1883

 Reversed flow on 1 face (0.0% area) of pressure-outlet 21.
   618  2.4460e-05  2.1752e-07  2.0118e-07  1.1995e-07  0:52:38 1882
   619  1.6919e-05  1.9980e-07  2.1177e-07  1.1535e-07  0:54:30 1881
   620  1.8663e-05  2.2772e-07  2.2827e-07  1.4469e-07  0:56:00 1880
   621  2.6993e-05  2.3660e-07  2.0280e-07  1.5994e-07  0:55:01 1879
   622  2.6369e-05  2.2240e-07  1.9991e-07  1.3471e-07  0:54:13 1878
   623  1.8663e-05  1.8346e-07  2.0348e-07  1.0708e-07  0:55:45 1877

 Reversed flow on 2 faces (0.1% area) of pressure-outlet 21.
   624  1.5632e-05  3.0537e-07  3.0892e-07  1.4600e-07  0:57:00 1876

 Reversed flow on 8 faces (0.4% area) of pressure-outlet 21.
   625  2.4460e-05  3.2288e-07  3.1669e-07  1.7182e-07  0:55:48 1875

 Reversed flow on 8 faces (0.3% area) of pressure-outlet 21.
   626  2.8581e-05  2.6071e-07  2.2517e-07  1.6669e-07  0:52:41 1874

 Reversed flow on 1 face (0.0% area) of pressure-outlet 21.
   627  2.4460e-05  2.1752e-07  2.0118e-07  1.1995e-07  0:52:22 1873

  iter  continuity  x-velocity  y-velocity  z-velocity     time/iter
   628  1.6919e-05  1.9980e-07  2.1177e-07  1.1535e-07  0:54:17 1872
   629  1.8663e-05  2.2772e-07  2.2827e-07  1.4469e-07  0:55:47 1871
   630  2.6993e-05  2.3660e-07  2.0280e-07  1.5994e-07  0:54:47 1870
   631  2.6369e-05  2.2240e-07  1.9991e-07  1.3471e-07  0:53:59 1869
   632  1.8663e-05  1.8346e-07  2.0348e-07  1.0708e-07  0:55:31 1868

 Reversed flow on 2 faces (0.1% area) of pressure-outlet 21.
   633  1.5632e-05  3.0537e-07  3.0892e-07  1.4600e-07  0:56:44 1867

 Reversed flow on 8 faces (0.4% area) of pressure-outlet 21.
   634  2.4460e-05  3.2288e-07  3.1669e-07  1.7182e-07  0:55:33 1866

 Reversed flow on 8 faces (0.3% area) of pressure-outlet 21.
   635  2.8581e-05  2.6071e-07  2.2517e-07  1.6669e-07  0:52:27 1865

 Reversed flow on 1 face (0.0% area) of pressure-outlet 21.
   636  2.4460e-05  2.1752e-07  2.0118e-07  1.1995e-07  0:52:07 1864
   637  1.6919e-05  1.9980e-07  2.1177e-07  1.1535e-07  0:53:59 1863
   638  1.8663e-05  2.2772e-07  2.2827e-07  1.4469e-07  0:55:28 1862

  iter  continuity  x-velocity  y-velocity  z-velocity     time/iter
   639  2.6993e-05  2.3660e-07  2.0280e-07  1.5994e-07  0:54:29 1861
   640  2.6369e-05  2.2240e-07  1.9991e-07  1.3471e-07  0:53:43 1860
   641  1.8663e-05  1.8346e-07  2.0348e-07  1.0708e-07  0:55:14 1859

 Reversed flow on 2 faces (0.1% area) of pressure-outlet 21.
   642  1.5632e-05  3.0537e-07  3.0892e-07  1.4600e-07  0:56:26 1858

 Reversed flow on 8 faces (0.4% area) of pressure-outlet 21.
   643  2.4460e-05  3.2288e-07  3.1669e-07  1.7182e-07  0:55:15 1857

 Reversed flow on 8 faces (0.3% area) of pressure-outlet 21.
   644  2.8581e-05  2.6071e-07  2.2517e-07  1.6669e-07  0:52:14 1856

 Reversed flow on 1 face (0.0% area) of pressure-outlet 21.
   645  2.4460e-05  2.1752e-07  2.0118e-07  1.1995e-07  0:51:52 1855
   646  1.6919e-05  1.9980e-07  2.1177e-07  1.1535e-07  0:53:45 1854
   647  1.8663e-05  2.2772e-07  2.2827e-07  1.4469e-07  0:55:12 1853
   648  2.6993e-05  2.3660e-07  2.0280e-07  1.5994e-07  0:54:14 1852
   649  2.6369e-05  2.2240e-07  1.9991e-07  1.3471e-07  0:53:28 1851

  iter  continuity  x-velocity  y-velocity  z-velocity     time/iter
   650  1.8663e-05  1.8346e-07  2.0348e-07  1.0708e-07  0:55:05 1850

 Reversed flow on 2 faces (0.1% area) of pressure-outlet 21.
   651  1.5632e-05  3.0537e-07  3.0892e-07  1.4600e-07  0:56:15 1849

 Reversed flow on 8 faces (0.4% area) of pressure-outlet 21.
   652  2.4460e-05  3.2288e-07  3.1669e-07  1.7182e-07  0:55:04 1848

 Reversed flow on 8 faces (0.3% area) of pressure-outlet 21.
   653  2.8581e-05  2.6071e-07  2.2517e-07  1.6669e-07  0:51:58 1847

 Reversed flow on 1 face (0.0% area) of pressure-outlet 21.
   654  2.4460e-05  2.1752e-07  2.0118e-07  1.1995e-07  0:51:36 1846
   655  1.6919e-05  1.9980e-07  2.1177e-07  1.1535e-07  0:53:29 1845
   656  1.8663e-05  2.2772e-07  2.2827e-07  1.4469e-07  0:54:56 1844
   657  2.6993e-05  2.3660e-07  2.0280e-07  1.5994e-07  0:53:58 1843
   658  2.6369e-05  2.2240e-07  1.9991e-07  1.3471e-07  0:53:11 1842
   659  1.8663e-05  1.8346e-07  2.0348e-07  1.0708e-07  0:54:42 1841

 Reversed flow on 2 faces (0.1% area) of pressure-outlet 21.
   660  1.5632e-05  3.0537e-07  3.0892e-07  1.4600e-07  0:55:54 1840

 Reversed flow on 8 faces (0.4% area) of pressure-outlet 21.

  iter  continuity  x-velocity  y-velocity  z-velocity     time/iter
   661  2.4460e-05  3.2288e-07  3.1669e-07  1.7182e-07  0:54:46 1839

 Reversed flow on 8 faces (0.3% area) of pressure-outlet 21.
   662  2.8581e-05  2.6071e-07  2.2517e-07  1.6669e-07  0:51:41 1838

 Reversed flow on 1 face (0.0% area) of pressure-outlet 21.
   663  2.4460e-05  2.1752e-07  2.0118e-07  1.1995e-07  0:51:20 1837
   664  1.6919e-05  1.9980e-07  2.1177e-07  1.1535e-07  0:53:13 1836
   665  1.8663e-05  2.2772e-07  2.2827e-07  1.4469e-07  0:54:40 1835
   666  2.6993e-05  2.3660e-07  2.0280e-07  1.5994e-07  0:53:42 1834
   667  2.6369e-05  2.2240e-07  1.9991e-07  1.3471e-07  0:52:58 1833
   668  1.8663e-05  1.8346e-07  2.0348e-07  1.0708e-07  0:54:28 1832

 Reversed flow on 2 faces (0.1% area) of pressure-outlet 21.
   669  1.5632e-05  3.0537e-07  3.0892e-07  1.4600e-07  0:55:40 1831

 Reversed flow on 8 faces (0.4% area) of pressure-outlet 21.
   670  2.4460e-05  3.2288e-07  3.1669e-07  1.7182e-07  0:54:28 1830

 Reversed flow on 8 faces (0.3% area) of pressure-outlet 21.
   671  2.8581e-05  2.6071e-07  2.2517e-07  1.6669e-07  0:51:25 1829

 Reversed flow on 1 face (0.0% area) of pressure-outlet 21.

  iter  continuity  x-velocity  y-velocity  z-velocity     time/iter
   672  2.4460e-05  2.1752e-07  2.0118e-07  1.1995e-07  0:51:06 1828
   673  1.6919e-05  1.9980e-07  2.1177e-07  1.1535e-07  0:52:56 1827
   674  1.8663e-05  2.2772e-07  2.2827e-07  1.4469e-07  0:54:22 1826
   675  2.6993e-05  2.3660e-07  2.0280e-07  1.5994e-07  0:53:26 1825
   676  2.6369e-05  2.2240e-07  1.9991e-07  1.3471e-07  0:52:40 1824
   677  1.8663e-05  1.8346e-07  2.0348e-07  1.0708e-07  0:54:10 1823

 Reversed flow on 2 faces (0.1% area) of pressure-outlet 21.
   678  1.5632e-05  3.0537e-07  3.0892e-07  1.4600e-07  0:55:21 1822

 Reversed flow on 8 faces (0.4% area) of pressure-outlet 21.
   679  2.4460e-05  3.2288e-07  3.1669e-07  1.7182e-07  0:54:11 1821

 Reversed flow on 8 faces (0.3% area) of pressure-outlet 21.
   680  2.8581e-05  2.6071e-07  2.2517e-07  1.6669e-07  0:51:10 1820

 Reversed flow on 1 face (0.0% area) of pressure-outlet 21.
   681  2.4460e-05  2.1752e-07  2.0118e-07  1.1995e-07  0:50:49 1819
   682  1.6919e-05  1.9980e-07  2.1177e-07  1.1535e-07  0:52:41 1818

  iter  continuity  x-velocity  y-velocity  z-velocity     time/iter
   683  1.8663e-05  2.2772e-07  2.2827e-07  1.4469e-07  0:54:11 1817
   684  2.6993e-05  2.3660e-07  2.0280e-07  1.5994e-07  0:53:15 1816
   685  2.6369e-05  2.2240e-07  1.9991e-07  1.3471e-07  0:52:28 1815
   686  1.8663e-05  1.8346e-07  2.0348e-07  1.0708e-07  0:53:59 1814

 Reversed flow on 2 faces (0.1% area) of pressure-outlet 21.
   687  1.5632e-05  3.0537e-07  3.0892e-07  1.4600e-07  0:55:38 1813

 Reversed flow on 8 faces (0.4% area) of pressure-outlet 21.
   688  2.4460e-05  3.2288e-07  3.1669e-07  1.7182e-07  0:55:09 1812

 Reversed flow on 8 faces (0.3% area) of pressure-outlet 21.
   689  2.8581e-05  2.6071e-07  2.2517e-07  1.6669e-07  0:52:09 1811

 Reversed flow on 1 face (0.0% area) of pressure-outlet 21.
   690  2.4460e-05  2.1752e-07  2.0118e-07  1.1995e-07  0:51:34 1810
   691  1.6919e-05  1.9980e-07  2.1177e-07  1.1535e-07  0:53:12 1809
   692  1.8663e-05  2.2772e-07  2.2827e-07  1.4469e-07  0:54:53 1808
   693  2.6993e-05  2.3660e-07  2.0280e-07  1.5994e-07  0:53:43 1807

  iter  continuity  x-velocity  y-velocity  z-velocity     time/iter
   694  2.6369e-05  2.2240e-07  1.9991e-07  1.3471e-07  0:52:51 1806
   695  1.8663e-05  1.8346e-07  2.0348e-07  1.0708e-07  0:54:15 1805

 Reversed flow on 2 faces (0.1% area) of pressure-outlet 21.
   696  1.5632e-05  3.0537e-07  3.0892e-07  1.4600e-07  0:55:23 1804

 Reversed flow on 8 faces (0.4% area) of pressure-outlet 21.
   697  2.4460e-05  3.2288e-07  3.1669e-07  1.7182e-07  0:54:06 1803

 Reversed flow on 8 faces (0.3% area) of pressure-outlet 21.
   698  2.8581e-05  2.6071e-07  2.2517e-07  1.6669e-07  0:51:08 1802

 Reversed flow on 1 face (0.0% area) of pressure-outlet 21.
   699  2.4460e-05  2.1752e-07  2.0118e-07  1.1995e-07  0:50:43 1801
   700  1.6919e-05  1.9980e-07  2.1177e-07  1.1535e-07  0:52:28 1800
   701  1.8663e-05  2.2772e-07  2.2827e-07  1.4469e-07  0:54:01 1799
   702  2.6993e-05  2.3660e-07  2.0280e-07  1.5994e-07  0:52:59 1798
   703  2.6369e-05  2.2240e-07  1.9991e-07  1.3471e-07  0:52:12 1797
   704  1.8663e-05  1.8346e-07  2.0348e-07  1.0708e-07  0:53:36 1796

 Reversed flow on 2 faces (0.1% area) of pressure-outlet 21.

  iter  continuity  x-velocity  y-velocity  z-velocity     time/iter
   705  1.5632e-05  3.0537e-07  3.0892e-07  1.4600e-07  0:54:43 1795

 Reversed flow on 8 faces (0.4% area) of pressure-outlet 21.
   706  2.4460e-05  3.2288e-07  3.1669e-07  1.7182e-07  0:53:42 1794

 Reversed flow on 8 faces (0.3% area) of pressure-outlet 21.
   707  2.8581e-05  2.6071e-07  2.2517e-07  1.6669e-07  0:50:39 1793

 Reversed flow on 1 face (0.0% area) of pressure-outlet 21.
   708  2.4460e-05  2.1752e-07  2.0118e-07  1.1995e-07  0:50:18 1792
   709  1.6919e-05  1.9980e-07  2.1177e-07  1.1535e-07  0:52:05 1791
   710  1.8663e-05  2.2772e-07  2.2827e-07  1.4469e-07  0:53:28 1790
   711  2.6993e-05  2.3660e-07  2.0280e-07  1.5994e-07  0:52:39 1789
   712  2.6369e-05  2.2240e-07  1.9991e-07  1.3471e-07  0:51:53 1788
   713  1.8663e-05  1.8346e-07  2.0348e-07  1.0708e-07  0:53:18 1787

 Reversed flow on 2 faces (0.1% area) of pressure-outlet 21.
   714  1.5632e-05  3.0537e-07  3.0892e-07  1.4600e-07  0:54:24 1786

 Reversed flow on 8 faces (0.4% area) of pressure-outlet 21.
   715  2.4460e-05  3.2288e-07  3.1669e-07  1.7182e-07  0:53:14 1785

 Reversed flow on 8 faces (0.3% area) of pressure-outlet 21.

  iter  continuity  x-velocity  y-velocity  z-velocity     time/iter
   716  2.8581e-05  2.6071e-07  2.2517e-07  1.6669e-07  0:50:15 1784

 Reversed flow on 1 face (0.0% area) of pressure-outlet 21.
   717  2.4460e-05  2.1752e-07  2.0118e-07  1.1995e-07  0:49:55 1783
   718  1.6919e-05  1.9980e-07  2.1177e-07  1.1535e-07  0:51:44 1782
   719  1.8663e-05  2.2772e-07  2.2827e-07  1.4469e-07  0:53:10 1781
   720  2.6993e-05  2.3660e-07  2.0280e-07  1.5994e-07  0:52:12 1780
   721  2.6369e-05  2.2240e-07  1.9991e-07  1.3471e-07  0:51:30 1779
   722  1.8663e-05  1.8346e-07  2.0348e-07  1.0708e-07  0:52:57 1778

 Reversed flow on 2 faces (0.1% area) of pressure-outlet 21.
   723  1.5632e-05  3.0537e-07  3.0892e-07  1.4600e-07  0:54:04 1777

 Reversed flow on 8 faces (0.4% area) of pressure-outlet 21.
   724  2.4460e-05  3.2288e-07  3.1669e-07  1.7182e-07  0:52:54 1776

 Reversed flow on 8 faces (0.3% area) of pressure-outlet 21.
   725  2.8581e-05  2.6071e-07  2.2517e-07  1.6669e-07  0:49:58 1775

 Reversed flow on 1 face (0.0% area) of pressure-outlet 21.
   726  2.4460e-05  2.1752e-07  2.0118e-07  1.1995e-07  0:49:58 1774

  iter  continuity  x-velocity  y-velocity  z-velocity     time/iter
   727  1.6919e-05  1.9980e-07  2.1177e-07  1.1535e-07  0:51:44 1773
   728  1.8663e-05  2.2772e-07  2.2827e-07  1.4469e-07  0:53:16 1772
   729  2.6993e-05  2.3660e-07  2.0280e-07  1.5994e-07  0:52:22 1771
   730  2.6369e-05  2.2240e-07  1.9991e-07  1.3471e-07  0:51:32 1770
   731  1.8663e-05  1.8346e-07  2.0348e-07  1.0708e-07  0:52:53 1769

 Reversed flow on 2 faces (0.1% area) of pressure-outlet 21.
   732  1.5632e-05  3.0537e-07  3.0892e-07  1.4600e-07  0:56:04 1768

 Reversed flow on 8 faces (0.4% area) of pressure-outlet 21.
   733  2.4460e-05  3.2288e-07  3.1669e-07  1.7182e-07  0:54:29 1767

 Reversed flow on 8 faces (0.3% area) of pressure-outlet 21.
   734  2.8581e-05  2.6071e-07  2.2517e-07  1.6669e-07  0:51:11 1766

 Reversed flow on 1 face (0.0% area) of pressure-outlet 21.
   735  2.4460e-05  2.1752e-07  2.0118e-07  1.1995e-07  0:50:34 1765
   736  1.6919e-05  1.9980e-07  2.1177e-07  1.1535e-07  0:52:04 1764
   737  1.8663e-05  2.2772e-07  2.2827e-07  1.4469e-07  0:53:16 1763

  iter  continuity  x-velocity  y-velocity  z-velocity     time/iter
   738  2.6993e-05  2.3660e-07  2.0280e-07  1.5994e-07  0:52:12 1762
   739  2.6369e-05  2.2240e-07  1.9991e-07  1.3471e-07  0:51:21 1761
   740  1.8663e-05  1.8346e-07  2.0348e-07  1.0708e-07  0:52:42 1760

 Reversed flow on 2 faces (0.1% area) of pressure-outlet 21.
   741  1.5632e-05  3.0537e-07  3.0892e-07  1.4600e-07  0:53:45 1759

 Reversed flow on 8 faces (0.4% area) of pressure-outlet 21.
   742  2.4460e-05  3.2288e-07  3.1669e-07  1.7182e-07  0:52:35 1758

 Reversed flow on 8 faces (0.3% area) of pressure-outlet 21.
   743  2.8581e-05  2.6071e-07  2.2517e-07  1.6669e-07  0:49:36 1757

 Reversed flow on 1 face (0.0% area) of pressure-outlet 21.
   744  2.4460e-05  2.1752e-07  2.0118e-07  1.1995e-07  0:49:14 1756
   745  1.6919e-05  1.9980e-07  2.1177e-07  1.1535e-07  0:50:58 1755
   746  1.8663e-05  2.2772e-07  2.2827e-07  1.4469e-07  0:52:22 1754
   747  2.6993e-05  2.3660e-07  2.0280e-07  1.5994e-07  0:51:25 1753
   748  2.6369e-05  2.2240e-07  1.9991e-07  1.3471e-07  0:50:43 1752

  iter  continuity  x-velocity  y-velocity  z-velocity     time/iter
   749  1.8663e-05  1.8346e-07  2.0348e-07  1.0708e-07  0:52:08 1751

 Reversed flow on 2 faces (0.1% area) of pressure-outlet 21.
   750  1.5632e-05  3.0537e-07  3.0892e-07  1.4600e-07  0:53:14 1750

 Reversed flow on 8 faces (0.4% area) of pressure-outlet 21.
   751  2.4460e-05  3.2288e-07  3.1669e-07  1.7182e-07  0:52:08 1749

 Reversed flow on 8 faces (0.3% area) of pressure-outlet 21.
   752  2.8581e-05  2.6071e-07  2.2517e-07  1.6669e-07  0:49:15 1748

 Reversed flow on 1 face (0.0% area) of pressure-outlet 21.
   753  2.4460e-05  2.1752e-07  2.0118e-07  1.1995e-07  0:48:54 1747
   754  1.6919e-05  1.9980e-07  2.1177e-07  1.1535e-07  0:50:46 1746
   755  1.8663e-05  2.2772e-07  2.2827e-07  1.4469e-07  0:52:09 1745
   756  2.6993e-05  2.3660e-07  2.0280e-07  1.5994e-07  0:51:14 1744
   757  2.6369e-05  2.2240e-07  1.9991e-07  1.3471e-07  0:50:30 1743
   758  1.8663e-05  1.8346e-07  2.0348e-07  1.0708e-07  0:52:44 1742

 Reversed flow on 2 faces (0.1% area) of pressure-outlet 21.
   759  1.5632e-05  3.0537e-07  3.0892e-07  1.4600e-07  0:53:42 1741

 Reversed flow on 8 faces (0.4% area) of pressure-outlet 21.

  iter  continuity  x-velocity  y-velocity  z-velocity     time/iter
   760  2.4460e-05  3.2288e-07  3.1669e-07  1.7182e-07  0:52:25 1740

 Reversed flow on 8 faces (0.3% area) of pressure-outlet 21.
   761  2.8581e-05  2.6071e-07  2.2517e-07  1.6669e-07  0:49:22 1739

 Reversed flow on 1 face (0.0% area) of pressure-outlet 21.
   762  2.4460e-05  2.1752e-07  2.0118e-07  1.1995e-07  0:48:57 1738
   763  1.6919e-05  1.9980e-07  2.1177e-07  1.1535e-07  0:50:49 1737
   764  1.8663e-05  2.2772e-07  2.2827e-07  1.4469e-07  0:52:09 1736
   765  2.6993e-05  2.3660e-07  2.0280e-07  1.5994e-07  0:51:08 1735
   766  2.6369e-05  2.2240e-07  1.9991e-07  1.3471e-07  0:50:21 1734
   767  1.8663e-05  1.8346e-07  2.0348e-07  1.0708e-07  0:51:42 1733

 Reversed flow on 2 faces (0.1% area) of pressure-outlet 21.
   768  1.5632e-05  3.0537e-07  3.0892e-07  1.4600e-07  0:52:48 1732

 Reversed flow on 8 faces (0.4% area) of pressure-outlet 21.
   769  2.4460e-05  3.2288e-07  3.1669e-07  1.7182e-07  0:51:41 1731

 Reversed flow on 8 faces (0.3% area) of pressure-outlet 21.
   770  2.8581e-05  2.6071e-07  2.2517e-07  1.6669e-07  0:48:48 1730

 Reversed flow on 1 face (0.0% area) of pressure-outlet 21.

  iter  continuity  x-velocity  y-velocity  z-velocity     time/iter
   771  2.4460e-05  2.1752e-07  2.0118e-07  1.1995e-07  0:48:27 1729
   772  1.6919e-05  1.9980e-07  2.1177e-07  1.1535e-07  0:50:11 1728
   773  1.8663e-05  2.2772e-07  2.2827e-07  1.4469e-07  0:52:08 1727
   774  2.6993e-05  2.3660e-07  2.0280e-07  1.5994e-07  0:51:05 1726
   775  2.6369e-05  2.2240e-07  1.9991e-07  1.3471e-07  0:50:15 1725
   776  1.8663e-05  1.8346e-07  2.0348e-07  1.0708e-07  0:52:06 1724

 Reversed flow on 2 faces (0.1% area) of pressure-outlet 21.
   777  1.5632e-05  3.0537e-07  3.0892e-07  1.4600e-07  0:53:15 1723

 Reversed flow on 8 faces (0.4% area) of pressure-outlet 21.
   778  2.4460e-05  3.2288e-07  3.1669e-07  1.7182e-07  0:52:11 1722

 Reversed flow on 8 faces (0.3% area) of pressure-outlet 21.
   779  2.8581e-05  2.6071e-07  2.2517e-07  1.6669e-07  0:49:08 1721

 Reversed flow on 1 face (0.0% area) of pressure-outlet 21.
   780  2.4460e-05  2.1752e-07  2.0118e-07  1.1995e-07  0:48:40 1720
   781  1.6919e-05  1.9980e-07  2.1177e-07  1.1535e-07  0:50:24 1719

  iter  continuity  x-velocity  y-velocity  z-velocity     time/iter
   782  1.8663e-05  2.2772e-07  2.2827e-07  1.4469e-07  0:51:44 1718
   783  2.6993e-05  2.3660e-07  2.0280e-07  1.5994e-07  0:50:43 1717
   784  2.6369e-05  2.2240e-07  1.9991e-07  1.3471e-07  0:49:54 1716
   785  1.8663e-05  1.8346e-07  2.0348e-07  1.0708e-07  0:51:14 1715

 Reversed flow on 2 faces (0.1% area) of pressure-outlet 21.
   786  1.5632e-05  3.0537e-07  3.0892e-07  1.4600e-07  0:52:19 1714

 Reversed flow on 8 faces (0.4% area) of pressure-outlet 21.
   787  2.4460e-05  3.2288e-07  3.1669e-07  1.7182e-07  0:51:12 1713

 Reversed flow on 8 faces (0.3% area) of pressure-outlet 21.
   788  2.8581e-05  2.6071e-07  2.2517e-07  1.6669e-07  0:48:17 1712

 Reversed flow on 1 face (0.0% area) of pressure-outlet 21.
   789  2.4460e-05  2.1752e-07  2.0118e-07  1.1995e-07  0:47:56 1711
   790  1.6919e-05  1.9980e-07  2.1177e-07  1.1535e-07  0:49:38 1710
   791  1.8663e-05  2.2772e-07  2.2827e-07  1.4469e-07  0:50:59 1709
   792  2.6993e-05  2.3660e-07  2.0280e-07  1.5994e-07  0:50:04 1708

  iter  continuity  x-velocity  y-velocity  z-velocity     time/iter
   793  2.6369e-05  2.2240e-07  1.9991e-07  1.3471e-07  0:49:20 1707
   794  1.8663e-05  1.8346e-07  2.0348e-07  1.0708e-07  0:50:43 1706

 Reversed flow on 2 faces (0.1% area) of pressure-outlet 21.
   795  1.5632e-05  3.0537e-07  3.0892e-07  1.4600e-07  0:51:50 1705

 Reversed flow on 8 faces (0.4% area) of pressure-outlet 21.
   796  2.4460e-05  3.2288e-07  3.1669e-07  1.7182e-07  0:50:50 1704

 Reversed flow on 8 faces (0.3% area) of pressure-outlet 21.
   797  2.8581e-05  2.6071e-07  2.2517e-07  1.6669e-07  0:48:01 1703

 Reversed flow on 1 face (0.0% area) of pressure-outlet 21.
   798  2.4460e-05  2.1752e-07  2.0118e-07  1.1995e-07  0:47:41 1702
   799  1.6919e-05  1.9980e-07  2.1177e-07  1.1535e-07  0:49:22 1701
   800  1.8663e-05  2.2772e-07  2.2827e-07  1.4469e-07  0:50:41 1700
   801  2.6993e-05  2.3660e-07  2.0280e-07  1.5994e-07  0:49:47 1699
   802  2.6369e-05  2.2240e-07  1.9991e-07  1.3471e-07  0:49:06 1698
   803  1.8663e-05  1.8346e-07  2.0348e-07  1.0708e-07  0:50:30 1697

 Reversed flow on 2 faces (0.1% area) of pressure-outlet 21.

  iter  continuity  x-velocity  y-velocity  z-velocity     time/iter
   804  1.5632e-05  3.0537e-07  3.0892e-07  1.4600e-07  0:51:36 1696

 Reversed flow on 8 faces (0.4% area) of pressure-outlet 21.
   805  2.4460e-05  3.2288e-07  3.1669e-07  1.7182e-07  0:50:30 1695

 Reversed flow on 8 faces (0.3% area) of pressure-outlet 21.
   806  2.8581e-05  2.6071e-07  2.2517e-07  1.6669e-07  0:47:44 1694

 Reversed flow on 1 face (0.0% area) of pressure-outlet 21.
   807  2.4460e-05  2.1752e-07  2.0118e-07  1.1995e-07  0:47:25 1693
   808  1.6919e-05  1.9980e-07  2.1177e-07  1.1535e-07  0:49:07 1692
   809  1.8663e-05  2.2772e-07  2.2827e-07  1.4469e-07  0:50:26 1691
   810  2.6993e-05  2.3660e-07  2.0280e-07  1.5994e-07  0:49:34 1690
   811  2.6369e-05  2.2240e-07  1.9991e-07  1.3471e-07  0:48:52 1689
   812  1.8663e-05  1.8346e-07  2.0348e-07  1.0708e-07  0:50:12 1688

 Reversed flow on 2 faces (0.1% area) of pressure-outlet 21.
   813  1.5632e-05  3.0537e-07  3.0892e-07  1.4600e-07  0:51:17 1687

 Reversed flow on 8 faces (0.4% area) of pressure-outlet 21.
   814  2.4460e-05  3.2288e-07  3.1669e-07  1.7182e-07  0:50:12 1686

 Reversed flow on 8 faces (0.3% area) of pressure-outlet 21.

  iter  continuity  x-velocity  y-velocity  z-velocity     time/iter
   815  2.8581e-05  2.6071e-07  2.2517e-07  1.6669e-07  0:47:24 1685

 Reversed flow on 1 face (0.0% area) of pressure-outlet 21.
   816  2.4460e-05  2.1752e-07  2.0118e-07  1.1995e-07  0:47:04 1684
   817  1.6919e-05  1.9980e-07  2.1177e-07  1.1535e-07  0:48:45 1683
   818  1.8663e-05  2.2772e-07  2.2827e-07  1.4469e-07  0:50:04 1682
   819  2.6993e-05  2.3660e-07  2.0280e-07  1.5994e-07  0:49:11 1681
   820  2.6369e-05  2.2240e-07  1.9991e-07  1.3471e-07  0:48:32 1680
   821  1.8663e-05  1.8346e-07  2.0348e-07  1.0708e-07  0:49:59 1679

 Reversed flow on 2 faces (0.1% area) of pressure-outlet 21.
   822  1.5632e-05  3.0537e-07  3.0892e-07  1.4600e-07  0:51:05 1678

 Reversed flow on 8 faces (0.4% area) of pressure-outlet 21.
   823  2.4460e-05  3.2288e-07  3.1669e-07  1.7182e-07  0:50:00 1677

 Reversed flow on 8 faces (0.3% area) of pressure-outlet 21.
   824  2.8581e-05  2.6071e-07  2.2517e-07  1.6669e-07  0:47:11 1676

 Reversed flow on 1 face (0.0% area) of pressure-outlet 21.
   825  2.4460e-05  2.1752e-07  2.0118e-07  1.1995e-07  0:46:50 1675

  iter  continuity  x-velocity  y-velocity  z-velocity     time/iter
   826  1.6919e-05  1.9980e-07  2.1177e-07  1.1535e-07  0:48:33 1674
   827  1.8663e-05  2.2772e-07  2.2827e-07  1.4469e-07  0:49:51 1673
   828  2.6993e-05  2.3660e-07  2.0280e-07  1.5994e-07  0:48:58 1672
   829  2.6369e-05  2.2240e-07  1.9991e-07  1.3471e-07  0:48:15 1671
   830  1.8663e-05  1.8346e-07  2.0348e-07  1.0708e-07  0:49:37 1670

 Reversed flow on 2 faces (0.1% area) of pressure-outlet 21.
   831  1.5632e-05  3.0537e-07  3.0892e-07  1.4600e-07  0:50:51 1669

 Reversed flow on 8 faces (0.4% area) of pressure-outlet 21.
   832  2.4460e-05  3.2288e-07  3.1669e-07  1.7182e-07  0:49:45 1668

 Reversed flow on 8 faces (0.3% area) of pressure-outlet 21.
   833  2.8581e-05  2.6071e-07  2.2517e-07  1.6669e-07  0:46:55 1667

 Reversed flow on 1 face (0.0% area) of pressure-outlet 21.
   834  2.4460e-05  2.1752e-07  2.0118e-07  1.1995e-07  0:46:35 1666
   835  1.6919e-05  1.9980e-07  2.1177e-07  1.1535e-07  0:48:23 1665
   836  1.8663e-05  2.2772e-07  2.2827e-07  1.4469e-07  0:49:40 1664

  iter  continuity  x-velocity  y-velocity  z-velocity     time/iter
   837  2.6993e-05  2.3660e-07  2.0280e-07  1.5994e-07  0:48:46 1663
   838  2.6369e-05  2.2240e-07  1.9991e-07  1.3471e-07  0:48:03 1662
   839  1.8663e-05  1.8346e-07  2.0348e-07  1.0708e-07  0:49:25 1661

 Reversed flow on 2 faces (0.1% area) of pressure-outlet 21.
   840  1.5632e-05  3.0537e-07  3.0892e-07  1.4600e-07  0:50:30 1660

 Reversed flow on 8 faces (0.4% area) of pressure-outlet 21.
   841  2.4460e-05  3.2288e-07  3.1669e-07  1.7182e-07  0:49:25 1659

 Reversed flow on 8 faces (0.3% area) of pressure-outlet 21.
   842  2.8581e-05  2.6071e-07  2.2517e-07  1.6669e-07  0:46:40 1658

 Reversed flow on 1 face (0.0% area) of pressure-outlet 21.
   843  2.4460e-05  2.1752e-07  2.0118e-07  1.1995e-07  0:46:21 1657
   844  1.6919e-05  1.9980e-07  2.1177e-07  1.1535e-07  0:48:03 1656
   845  1.8663e-05  2.2772e-07  2.2827e-07  1.4469e-07  0:49:21 1655
   846  2.6993e-05  2.3660e-07  2.0280e-07  1.5994e-07  0:48:29 1654
   847  2.6369e-05  2.2240e-07  1.9991e-07  1.3471e-07  0:47:46 1653

  iter  continuity  x-velocity  y-velocity  z-velocity     time/iter
   848  1.8663e-05  1.8346e-07  2.0348e-07  1.0708e-07  0:49:07 1652

 Reversed flow on 2 faces (0.1% area) of pressure-outlet 21.
   849  1.5632e-05  3.0537e-07  3.0892e-07  1.4600e-07  0:50:11 1651

 Reversed flow on 8 faces (0.4% area) of pressure-outlet 21.
   850  2.4460e-05  3.2288e-07  3.1669e-07  1.7182e-07  0:49:06 1650

 Reversed flow on 8 faces (0.3% area) of pressure-outlet 21.
   851  2.8581e-05  2.6071e-07  2.2517e-07  1.6669e-07  0:46:27 1649

 Reversed flow on 1 face (0.0% area) of pressure-outlet 21.
   852  2.4460e-05  2.1752e-07  2.0118e-07  1.1995e-07  0:46:06 1648
   853  1.6919e-05  1.9980e-07  2.1177e-07  1.1535e-07  0:47:45 1647
   854  1.8663e-05  2.2772e-07  2.2827e-07  1.4469e-07  0:49:04 1646
   855  2.6993e-05  2.3660e-07  2.0280e-07  1.5994e-07  0:48:13 1645
   856  2.6369e-05  2.2240e-07  1.9991e-07  1.3471e-07  0:47:30 1644
   857  1.8663e-05  1.8346e-07  2.0348e-07  1.0708e-07  0:48:50 1643

 Reversed flow on 2 faces (0.1% area) of pressure-outlet 21.
   858  1.5632e-05  3.0537e-07  3.0892e-07  1.4600e-07  0:49:54 1642

 Reversed flow on 8 faces (0.4% area) of pressure-outlet 21.

  iter  continuity  x-velocity  y-velocity  z-velocity     time/iter
   859  2.4460e-05  3.2288e-07  3.1669e-07  1.7182e-07  0:48:50 1641

 Reversed flow on 8 faces (0.3% area) of pressure-outlet 21.
   860  2.8581e-05  2.6071e-07  2.2517e-07  1.6669e-07  0:46:05 1640

 Reversed flow on 1 face (0.0% area) of pressure-outlet 21.
   861  2.4460e-05  2.1752e-07  2.0118e-07  1.1995e-07  0:45:45 1639
   862  1.6919e-05  1.9980e-07  2.1177e-07  1.1535e-07  0:47:26 1638
   863  1.8663e-05  2.2772e-07  2.2827e-07  1.4469e-07  0:48:44 1637
   864  2.6993e-05  2.3660e-07  2.0280e-07  1.5994e-07  0:47:53 1636
   865  2.6369e-05  2.2240e-07  1.9991e-07  1.3471e-07  0:47:17 1635
   866  1.8663e-05  1.8346e-07  2.0348e-07  1.0708e-07  0:48:35 1634

 Reversed flow on 2 faces (0.1% area) of pressure-outlet 21.
   867  1.5632e-05  3.0537e-07  3.0892e-07  1.4600e-07  0:49:37 1633

 Reversed flow on 8 faces (0.4% area) of pressure-outlet 21.
   868  2.4460e-05  3.2288e-07  3.1669e-07  1.7182e-07  0:48:34 1632

 Reversed flow on 8 faces (0.3% area) of pressure-outlet 21.
   869  2.8581e-05  2.6071e-07  2.2517e-07  1.6669e-07  0:45:53 1631

 Reversed flow on 1 face (0.0% area) of pressure-outlet 21.

  iter  continuity  x-velocity  y-velocity  z-velocity     time/iter
   870  2.4460e-05  2.1752e-07  2.0118e-07  1.1995e-07  0:45:33 1630
   871  1.6919e-05  1.9980e-07  2.1177e-07  1.1535e-07  0:47:11 1629
   872  1.8663e-05  2.2772e-07  2.2827e-07  1.4469e-07  0:48:31 1628
   873  2.6993e-05  2.3660e-07  2.0280e-07  1.5994e-07  0:47:39 1627
   874  2.6369e-05  2.2240e-07  1.9991e-07  1.3471e-07  0:46:57 1626
   875  1.8663e-05  1.8346e-07  2.0348e-07  1.0708e-07  0:48:18 1625

 Reversed flow on 2 faces (0.1% area) of pressure-outlet 21.
   876  1.5632e-05  3.0537e-07  3.0892e-07  1.4600e-07  0:49:21 1624

 Reversed flow on 8 faces (0.4% area) of pressure-outlet 21.
   877  2.4460e-05  3.2288e-07  3.1669e-07  1.7182e-07  0:48:18 1623

 Reversed flow on 8 faces (0.3% area) of pressure-outlet 21.
   878  2.8581e-05  2.6071e-07  2.2517e-07  1.6669e-07  0:45:39 1622

 Reversed flow on 1 face (0.0% area) of pressure-outlet 21.
   879  2.4460e-05  2.1752e-07  2.0118e-07  1.1995e-07  0:45:20 1621
   880  1.6919e-05  1.9980e-07  2.1177e-07  1.1535e-07  0:46:58 1620

  iter  continuity  x-velocity  y-velocity  z-velocity     time/iter
   881  1.8663e-05  2.2772e-07  2.2827e-07  1.4469e-07  0:48:16 1619
   882  2.6993e-05  2.3660e-07  2.0280e-07  1.5994e-07  0:47:27 1618
   883  2.6369e-05  2.2240e-07  1.9991e-07  1.3471e-07  0:46:49 1617
   884  1.8663e-05  1.8346e-07  2.0348e-07  1.0708e-07  0:48:06 1616

 Reversed flow on 2 faces (0.1% area) of pressure-outlet 21.
   885  1.5632e-05  3.0537e-07  3.0892e-07  1.4600e-07  0:49:07 1615

 Reversed flow on 8 faces (0.4% area) of pressure-outlet 21.
   886  2.4460e-05  3.2288e-07  3.1669e-07  1.7182e-07  0:48:04 1614

 Reversed flow on 8 faces (0.3% area) of pressure-outlet 21.
   887  2.8581e-05  2.6071e-07  2.2517e-07  1.6669e-07  0:45:21 1613

 Reversed flow on 1 face (0.0% area) of pressure-outlet 21.
   888  2.4460e-05  2.1752e-07  2.0118e-07  1.1995e-07  0:45:03 1612
   889  1.6919e-05  1.9980e-07  2.1177e-07  1.1535e-07  0:48:32 1611
   890  1.8663e-05  2.2772e-07  2.2827e-07  1.4469e-07  0:49:27 1610
   891  2.6993e-05  2.3660e-07  2.0280e-07  1.5994e-07  0:48:18 1609

  iter  continuity  x-velocity  y-velocity  z-velocity     time/iter
   892  2.6369e-05  2.2240e-07  1.9991e-07  1.3471e-07  0:47:23 1608
   893  1.8663e-05  1.8346e-07  2.0348e-07  1.0708e-07  0:48:34 1607

 Reversed flow on 2 faces (0.1% area) of pressure-outlet 21.
   894  1.5632e-05  3.0537e-07  3.0892e-07  1.4600e-07  0:49:26 1606

 Reversed flow on 8 faces (0.4% area) of pressure-outlet 21.
   895  2.4460e-05  3.2288e-07  3.1669e-07  1.7182e-07  0:48:15 1605

 Reversed flow on 8 faces (0.3% area) of pressure-outlet 21.
   896  2.8581e-05  2.6071e-07  2.2517e-07  1.6669e-07  0:45:30 1604

 Reversed flow on 1 face (0.0% area) of pressure-outlet 21.
   897  2.4460e-05  2.1752e-07  2.0118e-07  1.1995e-07  0:45:06 1603
   898  1.6919e-05  1.9980e-07  2.1177e-07  1.1535e-07  0:46:39 1602
   899  1.8663e-05  2.2772e-07  2.2827e-07  1.4469e-07  0:47:56 1601
   900  2.6993e-05  2.3660e-07  2.0280e-07  1.5994e-07  0:47:10 1600
   901  2.6369e-05  2.2240e-07  1.9991e-07  1.3471e-07  0:46:24 1599
   902  1.8663e-05  1.8346e-07  2.0348e-07  1.0708e-07  0:47:39 1598

 Reversed flow on 2 faces (0.1% area) of pressure-outlet 21.

  iter  continuity  x-velocity  y-velocity  z-velocity     time/iter
   903  1.5632e-05  3.0537e-07  3.0892e-07  1.4600e-07  0:48:39 1597

 Reversed flow on 8 faces (0.4% area) of pressure-outlet 21.
   904  2.4460e-05  3.2288e-07  3.1669e-07  1.7182e-07  0:47:36 1596

 Reversed flow on 8 faces (0.3% area) of pressure-outlet 21.
   905  2.8581e-05  2.6071e-07  2.2517e-07  1.6669e-07  0:44:54 1595

 Reversed flow on 1 face (0.0% area) of pressure-outlet 21.
   906  2.4460e-05  2.1752e-07  2.0118e-07  1.1995e-07  0:44:35 1594
   907  1.6919e-05  1.9980e-07  2.1177e-07  1.1535e-07  0:46:12 1593
   908  1.8663e-05  2.2772e-07  2.2827e-07  1.4469e-07  0:47:28 1592
   909  2.6993e-05  2.3660e-07  2.0280e-07  1.5994e-07  0:46:38 1591
   910  2.6369e-05  2.2240e-07  1.9991e-07  1.3471e-07  0:45:58 1590
   911  1.8663e-05  1.8346e-07  2.0348e-07  1.0708e-07  0:47:17 1589

 Reversed flow on 2 faces (0.1% area) of pressure-outlet 21.
   912  1.5632e-05  3.0537e-07  3.0892e-07  1.4600e-07  0:48:18 1588

 Reversed flow on 8 faces (0.4% area) of pressure-outlet 21.
   913  2.4460e-05  3.2288e-07  3.1669e-07  1.7182e-07  0:47:16 1587

 Reversed flow on 8 faces (0.3% area) of pressure-outlet 21.

  iter  continuity  x-velocity  y-velocity  z-velocity     time/iter
   914  2.8581e-05  2.6071e-07  2.2517e-07  1.6669e-07  0:44:37 1586

 Reversed flow on 1 face (0.0% area) of pressure-outlet 21.
   915  2.4460e-05  2.1752e-07  2.0118e-07  1.1995e-07  0:44:19 1585
   916  1.6919e-05  1.9980e-07  2.1177e-07  1.1535e-07  0:45:55 1584
   917  1.8663e-05  2.2772e-07  2.2827e-07  1.4469e-07  0:47:10 1583
   918  2.6993e-05  2.3660e-07  2.0280e-07  1.5994e-07  0:46:19 1582
   919  2.6369e-05  2.2240e-07  1.9991e-07  1.3471e-07  0:45:39 1581
   920  1.8663e-05  1.8346e-07  2.0348e-07  1.0708e-07  0:46:56 1580

 Reversed flow on 2 faces (0.1% area) of pressure-outlet 21.
   921  1.5632e-05  3.0537e-07  3.0892e-07  1.4600e-07  0:47:57 1579

 Reversed flow on 8 faces (0.4% area) of pressure-outlet 21.
   922  2.4460e-05  3.2288e-07  3.1669e-07  1.7182e-07  0:46:56 1578

 Reversed flow on 8 faces (0.3% area) of pressure-outlet 21.
   923  2.8581e-05  2.6071e-07  2.2517e-07  1.6669e-07  0:44:21 1577

 Reversed flow on 1 face (0.0% area) of pressure-outlet 21.
   924  2.4460e-05  2.1752e-07  2.0118e-07  1.1995e-07  0:44:02 1576

  iter  continuity  x-velocity  y-velocity  z-velocity     time/iter
   925  1.6919e-05  1.9980e-07  2.1177e-07  1.1535e-07  0:45:37 1575
   926  1.8663e-05  2.2772e-07  2.2827e-07  1.4469e-07  0:46:52 1574
   927  2.6993e-05  2.3660e-07  2.0280e-07  1.5994e-07  0:46:03 1573
   928  2.6369e-05  2.2240e-07  1.9991e-07  1.3471e-07  0:45:24 1572
   929  1.8663e-05  1.8346e-07  2.0348e-07  1.0708e-07  0:46:41 1571

 Reversed flow on 2 faces (0.1% area) of pressure-outlet 21.
   930  1.5632e-05  3.0537e-07  3.0892e-07  1.4600e-07  0:47:41 1570

 Reversed flow on 8 faces (0.4% area) of pressure-outlet 21.
   931  2.4460e-05  3.2288e-07  3.1669e-07  1.7182e-07  0:46:40 1569

 Reversed flow on 8 faces (0.3% area) of pressure-outlet 21.
   932  2.8581e-05  2.6071e-07  2.2517e-07  1.6669e-07  0:44:04 1568

 Reversed flow on 1 face (0.0% area) of pressure-outlet 21.
   933  2.4460e-05  2.1752e-07  2.0118e-07  1.1995e-07  0:43:50 1567
   934  1.6919e-05  1.9980e-07  2.1177e-07  1.1535e-07  0:45:25 1566
   935  1.8663e-05  2.2772e-07  2.2827e-07  1.4469e-07  0:46:39 1565

  iter  continuity  x-velocity  y-velocity  z-velocity     time/iter
   936  2.6993e-05  2.3660e-07  2.0280e-07  1.5994e-07  0:45:49 1564
   937  2.6369e-05  2.2240e-07  1.9991e-07  1.3471e-07  0:45:08 1563
   938  1.8663e-05  1.8346e-07  2.0348e-07  1.0708e-07  0:46:26 1562

 Reversed flow on 2 faces (0.1% area) of pressure-outlet 21.
   939  1.5632e-05  3.0537e-07  3.0892e-07  1.4600e-07  0:47:26 1561

 Reversed flow on 8 faces (0.4% area) of pressure-outlet 21.
   940  2.4460e-05  3.2288e-07  3.1669e-07  1.7182e-07  0:46:27 1560

 Reversed flow on 8 faces (0.3% area) of pressure-outlet 21.
   941  2.8581e-05  2.6071e-07  2.2517e-07  1.6669e-07  0:43:50 1559

 Reversed flow on 1 face (0.0% area) of pressure-outlet 21.
   942  2.4460e-05  2.1752e-07  2.0118e-07  1.1995e-07  0:43:34 1558
   943  1.6919e-05  1.9980e-07  2.1177e-07  1.1535e-07  0:45:07 1557
   944  1.8663e-05  2.2772e-07  2.2827e-07  1.4469e-07  0:46:20 1556
   945  2.6993e-05  2.3660e-07  2.0280e-07  1.5994e-07  0:45:32 1555
   946  2.6369e-05  2.2240e-07  1.9991e-07  1.3471e-07  0:44:54 1554

  iter  continuity  x-velocity  y-velocity  z-velocity     time/iter
   947  1.8663e-05  1.8346e-07  2.0348e-07  1.0708e-07  0:46:09 1553

 Reversed flow on 2 faces (0.1% area) of pressure-outlet 21.
   948  1.5632e-05  3.0537e-07  3.0892e-07  1.4600e-07  0:47:09 1552

 Reversed flow on 8 faces (0.4% area) of pressure-outlet 21.
   949  2.4460e-05  3.2288e-07  3.1669e-07  1.7182e-07  0:46:09 1551

 Reversed flow on 8 faces (0.3% area) of pressure-outlet 21.
   950  2.8581e-05  2.6071e-07  2.2517e-07  1.6669e-07  0:43:33 1550

 Reversed flow on 1 face (0.0% area) of pressure-outlet 21.
   951  2.4460e-05  2.1752e-07  2.0118e-07  1.1995e-07  0:43:16 1549
   952  1.6919e-05  1.9980e-07  2.1177e-07  1.1535e-07  0:44:49 1548
   953  1.8663e-05  2.2772e-07  2.2827e-07  1.4469e-07  0:46:03 1547
   954  2.6993e-05  2.3660e-07  2.0280e-07  1.5994e-07  0:45:14 1546
   955  2.6369e-05  2.2240e-07  1.9991e-07  1.3471e-07  0:44:36 1545
   956  1.8663e-05  1.8346e-07  2.0348e-07  1.0708e-07  0:45:51 1544

 Reversed flow on 2 faces (0.1% area) of pressure-outlet 21.
   957  1.5632e-05  3.0537e-07  3.0892e-07  1.4600e-07  0:46:51 1543

 Reversed flow on 8 faces (0.4% area) of pressure-outlet 21.

  iter  continuity  x-velocity  y-velocity  z-velocity     time/iter
   958  2.4460e-05  3.2288e-07  3.1669e-07  1.7182e-07  0:45:51 1542

 Reversed flow on 8 faces (0.3% area) of pressure-outlet 21.
   959  2.8581e-05  2.6071e-07  2.2517e-07  1.6669e-07  0:43:17 1541

 Reversed flow on 1 face (0.0% area) of pressure-outlet 21.
   960  2.4460e-05  2.1752e-07  2.0118e-07  1.1995e-07  0:43:00 1540
   961  1.6919e-05  1.9980e-07  2.1177e-07  1.1535e-07  0:44:32 1539
   962  1.8663e-05  2.2772e-07  2.2827e-07  1.4469e-07  0:45:47 1538
   963  2.6993e-05  2.3660e-07  2.0280e-07  1.5994e-07  0:45:00 1537
   964  2.6369e-05  2.2240e-07  1.9991e-07  1.3471e-07  0:44:20 1536
   965  1.8663e-05  1.8346e-07  2.0348e-07  1.0708e-07  0:45:36 1535

 Reversed flow on 2 faces (0.1% area) of pressure-outlet 21.
   966  1.5632e-05  3.0537e-07  3.0892e-07  1.4600e-07  0:46:36 1534

 Reversed flow on 8 faces (0.4% area) of pressure-outlet 21.
   967  2.4460e-05  3.2288e-07  3.1669e-07  1.7182e-07  0:45:37 1533

 Reversed flow on 8 faces (0.3% area) of pressure-outlet 21.
   968  2.8581e-05  2.6071e-07  2.2517e-07  1.6669e-07  0:43:05 1532

 Reversed flow on 1 face (0.0% area) of pressure-outlet 21.

  iter  continuity  x-velocity  y-velocity  z-velocity     time/iter
   969  2.4460e-05  2.1752e-07  2.0118e-07  1.1995e-07  0:42:46 1531
   970  1.6919e-05  1.9980e-07  2.1177e-07  1.1535e-07  0:44:17 1530
   971  1.8663e-05  2.2772e-07  2.2827e-07  1.4469e-07  0:45:30 1529
   972  2.6993e-05  2.3660e-07  2.0280e-07  1.5994e-07  0:44:44 1528
   973  2.6369e-05  2.2240e-07  1.9991e-07  1.3471e-07  0:44:05 1527
   974  1.8663e-05  1.8346e-07  2.0348e-07  1.0708e-07  0:45:20 1526

 Reversed flow on 2 faces (0.1% area) of pressure-outlet 21.
   975  1.5632e-05  3.0537e-07  3.0892e-07  1.4600e-07  0:46:18 1525

 Reversed flow on 8 faces (0.4% area) of pressure-outlet 21.
   976  2.4460e-05  3.2288e-07  3.1669e-07  1.7182e-07  0:45:18 1524

 Reversed flow on 8 faces (0.3% area) of pressure-outlet 21.
   977  2.8581e-05  2.6071e-07  2.2517e-07  1.6669e-07  0:42:46 1523

 Reversed flow on 1 face (0.0% area) of pressure-outlet 21.
   978  2.4460e-05  2.1752e-07  2.0118e-07  1.1995e-07  0:42:29 1522
   979  1.6919e-05  1.9980e-07  2.1177e-07  1.1535e-07  0:44:02 1521

  iter  continuity  x-velocity  y-velocity  z-velocity     time/iter
   980  1.8663e-05  2.2772e-07  2.2827e-07  1.4469e-07  0:45:57 1520
   981  2.6993e-05  2.3660e-07  2.0280e-07  1.5994e-07  0:45:02 1519
   982  2.6369e-05  2.2240e-07  1.9991e-07  1.3471e-07  0:44:16 1518
   983  1.8663e-05  1.8346e-07  2.0348e-07  1.0708e-07  0:45:25 1517

 Reversed flow on 2 faces (0.1% area) of pressure-outlet 21.
   984  1.5632e-05  3.0537e-07  3.0892e-07  1.4600e-07  0:46:20 1516

 Reversed flow on 8 faces (0.4% area) of pressure-outlet 21.
   985  2.4460e-05  3.2288e-07  3.1669e-07  1.7182e-07  0:45:18 1515

 Reversed flow on 8 faces (0.3% area) of pressure-outlet 21.
   986  2.8581e-05  2.6071e-07  2.2517e-07  1.6669e-07  0:42:45 1514

 Reversed flow on 1 face (0.0% area) of pressure-outlet 21.
   987  2.4460e-05  2.1752e-07  2.0118e-07  1.1995e-07  0:42:26 1513
   988  1.6919e-05  1.9980e-07  2.1177e-07  1.1535e-07  0:43:56 1512
   989  1.8663e-05  2.2772e-07  2.2827e-07  1.4469e-07  0:45:05 1511
   990  2.6993e-05  2.3660e-07  2.0280e-07  1.5994e-07  0:44:15 1510

  iter  continuity  x-velocity  y-velocity  z-velocity     time/iter
   991  2.6369e-05  2.2240e-07  1.9991e-07  1.3471e-07  0:43:36 1509
   992  1.8663e-05  1.8346e-07  2.0348e-07  1.0708e-07  0:44:49 1508

 Reversed flow on 2 faces (0.1% area) of pressure-outlet 21.
   993  1.5632e-05  3.0537e-07  3.0892e-07  1.4600e-07  0:45:48 1507

 Reversed flow on 8 faces (0.4% area) of pressure-outlet 21.
   994  2.4460e-05  3.2288e-07  3.1669e-07  1.7182e-07  0:44:51 1506

 Reversed flow on 8 faces (0.3% area) of pressure-outlet 21.
   995  2.8581e-05  2.6071e-07  2.2517e-07  1.6669e-07  0:42:20 1505

 Reversed flow on 1 face (0.0% area) of pressure-outlet 21.
   996  2.4460e-05  2.1752e-07  2.0118e-07  1.1995e-07  0:42:02 1504
   997  1.6919e-05  1.9980e-07  2.1177e-07  1.1535e-07  0:43:32 1503
   998  1.8663e-05  2.2772e-07  2.2827e-07  1.4469e-07  0:44:44 1502
   999  2.6993e-05  2.3660e-07  2.0280e-07  1.5994e-07  0:43:56 1501
  1000  2.6369e-05  2.2240e-07  1.9991e-07  1.3471e-07  0:43:20 1500
  1001  1.8663e-05  1.8346e-07  2.0348e-07  1.0708e-07  0:44:33 1499

 Reversed flow on 2 faces (0.1% area) of pressure-outlet 21.

  iter  continuity  x-velocity  y-velocity  z-velocity     time/iter
  1002  1.5632e-05  3.0537e-07  3.0892e-07  1.4600e-07  0:45:32 1498

 Reversed flow on 8 faces (0.4% area) of pressure-outlet 21.
  1003  2.4460e-05  3.2288e-07  3.1669e-07  1.7182e-07  0:44:34 1497

 Reversed flow on 8 faces (0.3% area) of pressure-outlet 21.
  1004  2.8581e-05  2.6071e-07  2.2517e-07  1.6669e-07  0:42:04 1496

 Reversed flow on 1 face (0.0% area) of pressure-outlet 21.
  1005  2.4460e-05  2.1752e-07  2.0118e-07  1.1995e-07  0:41:47 1495
  1006  1.6919e-05  1.9980e-07  2.1177e-07  1.1535e-07  0:43:16 1494
  1007  1.8663e-05  2.2772e-07  2.2827e-07  1.4469e-07  0:44:28 1493
  1008  2.6993e-05  2.3660e-07  2.0280e-07  1.5994e-07  0:43:42 1492
  1009  2.6369e-05  2.2240e-07  1.9991e-07  1.3471e-07  0:43:04 1491
  1010  1.8663e-05  1.8346e-07  2.0348e-07  1.0708e-07  0:44:18 1490

 Reversed flow on 2 faces (0.1% area) of pressure-outlet 21.
  1011  1.5632e-05  3.0537e-07  3.0892e-07  1.4600e-07  0:45:16 1489

 Reversed flow on 8 faces (0.4% area) of pressure-outlet 21.
  1012  2.4460e-05  3.2288e-07  3.1669e-07  1.7182e-07  0:44:17 1488

 Reversed flow on 8 faces (0.3% area) of pressure-outlet 21.

  iter  continuity  x-velocity  y-velocity  z-velocity     time/iter
  1013  2.8581e-05  2.6071e-07  2.2517e-07  1.6669e-07  0:41:47 1487

 Reversed flow on 1 face (0.0% area) of pressure-outlet 21.
  1014  2.4460e-05  2.1752e-07  2.0118e-07  1.1995e-07  0:41:30 1486
  1015  1.6919e-05  1.9980e-07  2.1177e-07  1.1535e-07  0:43:00 1485
  1016  1.8663e-05  2.2772e-07  2.2827e-07  1.4469e-07  0:44:11 1484
  1017  2.6993e-05  2.3660e-07  2.0280e-07  1.5994e-07  0:43:24 1483
  1018  2.6369e-05  2.2240e-07  1.9991e-07  1.3471e-07  0:42:47 1482
  1019  1.8663e-05  1.8346e-07  2.0348e-07  1.0708e-07  0:43:59 1481

 Reversed flow on 2 faces (0.1% area) of pressure-outlet 21.
  1020  1.5632e-05  3.0537e-07  3.0892e-07  1.4600e-07  0:44:58 1480

 Reversed flow on 8 faces (0.4% area) of pressure-outlet 21.
  1021  2.4460e-05  3.2288e-07  3.1669e-07  1.7182e-07  0:44:00 1479

 Reversed flow on 8 faces (0.3% area) of pressure-outlet 21.
  1022  2.8581e-05  2.6071e-07  2.2517e-07  1.6669e-07  0:41:32 1478

 Reversed flow on 1 face (0.0% area) of pressure-outlet 21.
  1023  2.4460e-05  2.1752e-07  2.0118e-07  1.1995e-07  0:41:14 1477

  iter  continuity  x-velocity  y-velocity  z-velocity     time/iter
  1024  1.6919e-05  1.9980e-07  2.1177e-07  1.1535e-07  0:42:44 1476
  1025  1.8663e-05  2.2772e-07  2.2827e-07  1.4469e-07  0:43:55 1475
  1026  2.6993e-05  2.3660e-07  2.0280e-07  1.5994e-07  0:43:08 1474
  1027  2.6369e-05  2.2240e-07  1.9991e-07  1.3471e-07  0:42:32 1473
  1028  1.8663e-05  1.8346e-07  2.0348e-07  1.0708e-07  0:43:43 1472

 Reversed flow on 2 faces (0.1% area) of pressure-outlet 21.
  1029  1.5632e-05  3.0537e-07  3.0892e-07  1.4600e-07  0:44:40 1471

 Reversed flow on 8 faces (0.4% area) of pressure-outlet 21.
  1030  2.4460e-05  3.2288e-07  3.1669e-07  1.7182e-07  0:43:43 1470

 Reversed flow on 8 faces (0.3% area) of pressure-outlet 21.
  1031  2.8581e-05  2.6071e-07  2.2517e-07  1.6669e-07  0:41:18 1469

 Reversed flow on 1 face (0.0% area) of pressure-outlet 21.
  1032  2.4460e-05  2.1752e-07  2.0118e-07  1.1995e-07  0:41:00 1468
  1033  1.6919e-05  1.9980e-07  2.1177e-07  1.1535e-07  0:42:33 1467
  1034  1.8663e-05  2.2772e-07  2.2827e-07  1.4469e-07  0:43:44 1466

  iter  continuity  x-velocity  y-velocity  z-velocity     time/iter
  1035  2.6993e-05  2.3660e-07  2.0280e-07  1.5994e-07  0:42:56 1465
  1036  2.6369e-05  2.2240e-07  1.9991e-07  1.3471e-07  0:42:21 1464
  1037  1.8663e-05  1.8346e-07  2.0348e-07  1.0708e-07  0:43:31 1463

 Reversed flow on 2 faces (0.1% area) of pressure-outlet 21.
  1038  1.5632e-05  3.0537e-07  3.0892e-07  1.4600e-07  0:44:28 1462

 Reversed flow on 8 faces (0.4% area) of pressure-outlet 21.
  1039  2.4460e-05  3.2288e-07  3.1669e-07  1.7182e-07  0:43:50 1461

 Reversed flow on 8 faces (0.3% area) of pressure-outlet 21.
  1040  2.8581e-05  2.6071e-07  2.2517e-07  1.6669e-07  0:41:23 1460

 Reversed flow on 1 face (0.0% area) of pressure-outlet 21.
  1041  2.4460e-05  2.1752e-07  2.0118e-07  1.1995e-07  0:41:03 1459
  1042  1.6919e-05  1.9980e-07  2.1177e-07  1.1535e-07  0:42:29 1458
  1043  1.8663e-05  2.2772e-07  2.2827e-07  1.4469e-07  0:43:35 1457
  1044  2.6993e-05  2.3660e-07  2.0280e-07  1.5994e-07  0:42:46 1456
  1045  2.6369e-05  2.2240e-07  1.9991e-07  1.3471e-07  0:42:08 1455

  iter  continuity  x-velocity  y-velocity  z-velocity     time/iter
  1046  1.8663e-05  1.8346e-07  2.0348e-07  1.0708e-07  0:44:58 1454

 Reversed flow on 2 faces (0.1% area) of pressure-outlet 21.
  1047  1.5632e-05  3.0537e-07  3.0892e-07  1.4600e-07  0:45:34 1453

 Reversed flow on 8 faces (0.4% area) of pressure-outlet 21.
  1048  2.4460e-05  3.2288e-07  3.1669e-07  1.7182e-07  0:44:20 1452

 Reversed flow on 8 faces (0.3% area) of pressure-outlet 21.
  1049  2.8581e-05  2.6071e-07  2.2517e-07  1.6669e-07  0:41:40 1451

 Reversed flow on 1 face (0.0% area) of pressure-outlet 21.
  1050  2.4460e-05  2.1752e-07  2.0118e-07  1.1995e-07  0:41:12 1450
  1051  1.6919e-05  1.9980e-07  2.1177e-07  1.1535e-07  0:42:33 1449
  1052  1.8663e-05  2.2772e-07  2.2827e-07  1.4469e-07  0:43:37 1448
  1053  2.6993e-05  2.3660e-07  2.0280e-07  1.5994e-07  0:42:46 1447
  1054  2.6369e-05  2.2240e-07  1.9991e-07  1.3471e-07  0:42:06 1446
  1055  1.8663e-05  1.8346e-07  2.0348e-07  1.0708e-07  0:43:11 1445

 Reversed flow on 2 faces (0.1% area) of pressure-outlet 21.
  1056  1.5632e-05  3.0537e-07  3.0892e-07  1.4600e-07  0:44:05 1444

 Reversed flow on 8 faces (0.4% area) of pressure-outlet 21.

  iter  continuity  x-velocity  y-velocity  z-velocity     time/iter
  1057  2.4460e-05  3.2288e-07  3.1669e-07  1.7182e-07  0:43:05 1443

 Reversed flow on 8 faces (0.3% area) of pressure-outlet 21.
  1058  2.8581e-05  2.6071e-07  2.2517e-07  1.6669e-07  0:40:40 1442

 Reversed flow on 1 face (0.0% area) of pressure-outlet 21.
  1059  2.4460e-05  2.1752e-07  2.0118e-07  1.1995e-07  0:40:22 1441
  1060  1.6919e-05  1.9980e-07  2.1177e-07  1.1535e-07  0:41:48 1440
  1061  1.8663e-05  2.2772e-07  2.2827e-07  1.4469e-07  0:42:56 1439
  1062  2.6993e-05  2.3660e-07  2.0280e-07  1.5994e-07  0:42:10 1438
  1063  2.6369e-05  2.2240e-07  1.9991e-07  1.3471e-07  0:41:31 1437
  1064  1.8663e-05  1.8346e-07  2.0348e-07  1.0708e-07  0:42:44 1436

 Reversed flow on 2 faces (0.1% area) of pressure-outlet 21.
  1065  1.5632e-05  3.0537e-07  3.0892e-07  1.4600e-07  0:43:40 1435

 Reversed flow on 8 faces (0.4% area) of pressure-outlet 21.
  1066  2.4460e-05  3.2288e-07  3.1669e-07  1.7182e-07  0:42:44 1434

 Reversed flow on 8 faces (0.3% area) of pressure-outlet 21.
  1067  2.8581e-05  2.6071e-07  2.2517e-07  1.6669e-07  0:40:18 1433

 Reversed flow on 1 face (0.0% area) of pressure-outlet 21.

  iter  continuity  x-velocity  y-velocity  z-velocity     time/iter
  1068  2.4460e-05  2.1752e-07  2.0118e-07  1.1995e-07  0:40:03 1432
  1069  1.6919e-05  1.9980e-07  2.1177e-07  1.1535e-07  0:41:30 1431
  1070  1.8663e-05  2.2772e-07  2.2827e-07  1.4469e-07  0:42:40 1430
  1071  2.6993e-05  2.3660e-07  2.0280e-07  1.5994e-07  0:41:54 1429
  1072  2.6369e-05  2.2240e-07  1.9991e-07  1.3471e-07  0:41:20 1428
  1073  1.8663e-05  1.8346e-07  2.0348e-07  1.0708e-07  0:42:34 1427

 Reversed flow on 2 faces (0.1% area) of pressure-outlet 21.
  1074  1.5632e-05  3.0537e-07  3.0892e-07  1.4600e-07  0:43:27 1426

 Reversed flow on 8 faces (0.4% area) of pressure-outlet 21.
  1075  2.4460e-05  3.2288e-07  3.1669e-07  1.7182e-07  0:42:31 1425

 Reversed flow on 8 faces (0.3% area) of pressure-outlet 21.
  1076  2.8581e-05  2.6071e-07  2.2517e-07  1.6669e-07  0:40:10 1424

 Reversed flow on 1 face (0.0% area) of pressure-outlet 21.
  1077  2.4460e-05  2.1752e-07  2.0118e-07  1.1995e-07  0:39:53 1423
  1078  1.6919e-05  1.9980e-07  2.1177e-07  1.1535e-07  0:41:19 1422

  iter  continuity  x-velocity  y-velocity  z-velocity     time/iter
  1079  1.8663e-05  2.2772e-07  2.2827e-07  1.4469e-07  0:42:25 1421
  1080  2.6993e-05  2.3660e-07  2.0280e-07  1.5994e-07  0:41:42 1420
  1081  2.6369e-05  2.2240e-07  1.9991e-07  1.3471e-07  0:41:04 1419
  1082  1.8663e-05  1.8346e-07  2.0348e-07  1.0708e-07  0:42:14 1418

 Reversed flow on 2 faces (0.1% area) of pressure-outlet 21.
  1083  1.5632e-05  3.0537e-07  3.0892e-07  1.4600e-07  0:43:07 1417

 Reversed flow on 8 faces (0.4% area) of pressure-outlet 21.
  1084  2.4460e-05  3.2288e-07  3.1669e-07  1.7182e-07  0:42:11 1416

 Reversed flow on 8 faces (0.3% area) of pressure-outlet 21.
  1085  2.8581e-05  2.6071e-07  2.2517e-07  1.6669e-07  0:39:47 1415

 Reversed flow on 1 face (0.0% area) of pressure-outlet 21.
  1086  2.4460e-05  2.1752e-07  2.0118e-07  1.1995e-07  0:39:31 1414
  1087  1.6919e-05  1.9980e-07  2.1177e-07  1.1535e-07  0:40:59 1413
  1088  1.8663e-05  2.2772e-07  2.2827e-07  1.4469e-07  0:42:06 1412
  1089  2.6993e-05  2.3660e-07  2.0280e-07  1.5994e-07  0:41:20 1411

  iter  continuity  x-velocity  y-velocity  z-velocity     time/iter
  1090  2.6369e-05  2.2240e-07  1.9991e-07  1.3471e-07  0:40:44 1410
  1091  1.8663e-05  1.8346e-07  2.0348e-07  1.0708e-07  0:41:54 1409

 Reversed flow on 2 faces (0.1% area) of pressure-outlet 21.
  1092  1.5632e-05  3.0537e-07  3.0892e-07  1.4600e-07  0:42:47 1408

 Reversed flow on 8 faces (0.4% area) of pressure-outlet 21.
  1093  2.4460e-05  3.2288e-07  3.1669e-07  1.7182e-07  0:41:54 1407

 Reversed flow on 8 faces (0.3% area) of pressure-outlet 21.
  1094  2.8581e-05  2.6071e-07  2.2517e-07  1.6669e-07  0:39:34 1406

 Reversed flow on 1 face (0.0% area) of pressure-outlet 21.
  1095  2.4460e-05  2.1752e-07  2.0118e-07  1.1995e-07  0:39:17 1405
  1096  1.6919e-05  1.9980e-07  2.1177e-07  1.1535e-07  0:40:43 1404
  1097  1.8663e-05  2.2772e-07  2.2827e-07  1.4469e-07  0:41:49 1403
  1098  2.6993e-05  2.3660e-07  2.0280e-07  1.5994e-07  0:41:04 1402
  1099  2.6369e-05  2.2240e-07  1.9991e-07  1.3471e-07  0:40:28 1401
  1100  1.8663e-05  1.8346e-07  2.0348e-07  1.0708e-07  0:41:37 1400

 Reversed flow on 2 faces (0.1% area) of pressure-outlet 21.

  iter  continuity  x-velocity  y-velocity  z-velocity     time/iter
  1101  1.5632e-05  3.0537e-07  3.0892e-07  1.4600e-07  0:42:31 1399

 Reversed flow on 8 faces (0.4% area) of pressure-outlet 21.
  1102  2.4460e-05  3.2288e-07  3.1669e-07  1.7182e-07  0:41:36 1398

 Reversed flow on 8 faces (0.3% area) of pressure-outlet 21.
  1103  2.8581e-05  2.6071e-07  2.2517e-07  1.6669e-07  0:39:15 1397

 Reversed flow on 1 face (0.0% area) of pressure-outlet 21.
  1104  2.4460e-05  2.1752e-07  2.0118e-07  1.1995e-07  0:39:02 1396
  1105  1.6919e-05  1.9980e-07  2.1177e-07  1.1535e-07  0:40:31 1395
  1106  1.8663e-05  2.2772e-07  2.2827e-07  1.4469e-07  0:41:34 1394
  1107  2.6993e-05  2.3660e-07  2.0280e-07  1.5994e-07  0:40:51 1393
  1108  2.6369e-05  2.2240e-07  1.9991e-07  1.3471e-07  0:40:15 1392
  1109  1.8663e-05  1.8346e-07  2.0348e-07  1.0708e-07  0:41:24 1391

 Reversed flow on 2 faces (0.1% area) of pressure-outlet 21.
  1110  1.5632e-05  3.0537e-07  3.0892e-07  1.4600e-07  0:42:18 1390

 Reversed flow on 8 faces (0.4% area) of pressure-outlet 21.
  1111  2.4460e-05  3.2288e-07  3.1669e-07  1.7182e-07  0:41:24 1389

 Reversed flow on 8 faces (0.3% area) of pressure-outlet 21.

  iter  continuity  x-velocity  y-velocity  z-velocity     time/iter
  1112  2.8581e-05  2.6071e-07  2.2517e-07  1.6669e-07  0:39:04 1388

 Reversed flow on 1 face (0.0% area) of pressure-outlet 21.
  1113  2.4460e-05  2.1752e-07  2.0118e-07  1.1995e-07  0:38:48 1387
  1114  1.6919e-05  1.9980e-07  2.1177e-07  1.1535e-07  0:40:09 1386
  1115  1.8663e-05  2.2772e-07  2.2827e-07  1.4469e-07  0:41:18 1385
  1116  2.6993e-05  2.3660e-07  2.0280e-07  1.5994e-07  0:40:34 1384
  1117  2.6369e-05  2.2240e-07  1.9991e-07  1.3471e-07  0:39:59 1383
  1118  1.8663e-05  1.8346e-07  2.0348e-07  1.0708e-07  0:41:05 1382

 Reversed flow on 2 faces (0.1% area) of pressure-outlet 21.
  1119  1.5632e-05  3.0537e-07  3.0892e-07  1.4600e-07  0:42:00 1381

 Reversed flow on 8 faces (0.4% area) of pressure-outlet 21.
  1120  2.4460e-05  3.2288e-07  3.1669e-07  1.7182e-07  0:41:06 1380

 Reversed flow on 8 faces (0.3% area) of pressure-outlet 21.
  1121  2.8581e-05  2.6071e-07  2.2517e-07  1.6669e-07  0:38:48 1379

 Reversed flow on 1 face (0.0% area) of pressure-outlet 21.
  1122  2.4460e-05  2.1752e-07  2.0118e-07  1.1995e-07  0:38:33 1378

  iter  continuity  x-velocity  y-velocity  z-velocity     time/iter
  1123  1.6919e-05  1.9980e-07  2.1177e-07  1.1535e-07  0:40:00 1377
  1124  1.8663e-05  2.2772e-07  2.2827e-07  1.4469e-07  0:41:05 1376
  1125  2.6993e-05  2.3660e-07  2.0280e-07  1.5994e-07  0:40:19 1375
  1126  2.6369e-05  2.2240e-07  1.9991e-07  1.3471e-07  0:39:43 1374
  1127  1.8663e-05  1.8346e-07  2.0348e-07  1.0708e-07  0:40:51 1373

 Reversed flow on 2 faces (0.1% area) of pressure-outlet 21.
  1128  1.5632e-05  3.0537e-07  3.0892e-07  1.4600e-07  0:41:44 1372

 Reversed flow on 8 faces (0.4% area) of pressure-outlet 21.
  1129  2.4460e-05  3.2288e-07  3.1669e-07  1.7182e-07  0:40:49 1371

 Reversed flow on 8 faces (0.3% area) of pressure-outlet 21.
  1130  2.8581e-05  2.6071e-07  2.2517e-07  1.6669e-07  0:38:31 1370

 Reversed flow on 1 face (0.0% area) of pressure-outlet 21.
  1131  2.4460e-05  2.1752e-07  2.0118e-07  1.1995e-07  0:38:15 1369
  1132  1.6919e-05  1.9980e-07  2.1177e-07  1.1535e-07  0:39:41 1368
  1133  1.8663e-05  2.2772e-07  2.2827e-07  1.4469e-07  0:40:45 1367

  iter  continuity  x-velocity  y-velocity  z-velocity     time/iter
  1134  2.6993e-05  2.3660e-07  2.0280e-07  1.5994e-07  0:40:01 1366
  1135  2.6369e-05  2.2240e-07  1.9991e-07  1.3471e-07  0:39:27 1365
  1136  1.8663e-05  1.8346e-07  2.0348e-07  1.0708e-07  0:40:33 1364

 Reversed flow on 2 faces (0.1% area) of pressure-outlet 21.
  1137  1.5632e-05  3.0537e-07  3.0892e-07  1.4600e-07  0:41:24 1363

 Reversed flow on 8 faces (0.4% area) of pressure-outlet 21.
  1138  2.4460e-05  3.2288e-07  3.1669e-07  1.7182e-07  0:40:33 1362

 Reversed flow on 8 faces (0.3% area) of pressure-outlet 21.
  1139  2.8581e-05  2.6071e-07  2.2517e-07  1.6669e-07  0:38:18 1361

 Reversed flow on 1 face (0.0% area) of pressure-outlet 21.
  1140  2.4460e-05  2.1752e-07  2.0118e-07  1.1995e-07  0:38:03 1360
  1141  1.6919e-05  1.9980e-07  2.1177e-07  1.1535e-07  0:39:26 1359
  1142  1.8663e-05  2.2772e-07  2.2827e-07  1.4469e-07  0:40:29 1358
  1143  2.6993e-05  2.3660e-07  2.0280e-07  1.5994e-07  0:39:46 1357
  1144  2.6369e-05  2.2240e-07  1.9991e-07  1.3471e-07  0:39:10 1356

  iter  continuity  x-velocity  y-velocity  z-velocity     time/iter
  1145  1.8663e-05  1.8346e-07  2.0348e-07  1.0708e-07  0:40:15 1355

 Reversed flow on 2 faces (0.1% area) of pressure-outlet 21.
  1146  1.5632e-05  3.0537e-07  3.0892e-07  1.4600e-07  0:41:07 1354

 Reversed flow on 8 faces (0.4% area) of pressure-outlet 21.
  1147  2.4460e-05  3.2288e-07  3.1669e-07  1.7182e-07  0:40:14 1353

 Reversed flow on 8 faces (0.3% area) of pressure-outlet 21.
  1148  2.8581e-05  2.6071e-07  2.2517e-07  1.6669e-07  0:37:59 1352

 Reversed flow on 1 face (0.0% area) of pressure-outlet 21.
  1149  2.4460e-05  2.1752e-07  2.0118e-07  1.1995e-07  0:37:44 1351
  1150  1.6919e-05  1.9980e-07  2.1177e-07  1.1535e-07  0:39:06 1350
  1151  1.8663e-05  2.2772e-07  2.2827e-07  1.4469e-07  0:40:10 1349
  1152  2.6993e-05  2.3660e-07  2.0280e-07  1.5994e-07  0:39:27 1348
  1153  2.6369e-05  2.2240e-07  1.9991e-07  1.3471e-07  0:38:52 1347
  1154  1.8663e-05  1.8346e-07  2.0348e-07  1.0708e-07  0:39:59 1346

 Reversed flow on 2 faces (0.1% area) of pressure-outlet 21.
  1155  1.5632e-05  3.0537e-07  3.0892e-07  1.4600e-07  0:40:50 1345

 Reversed flow on 8 faces (0.4% area) of pressure-outlet 21.

  iter  continuity  x-velocity  y-velocity  z-velocity     time/iter
  1156  2.4460e-05  3.2288e-07  3.1669e-07  1.7182e-07  0:39:57 1344

 Reversed flow on 8 faces (0.3% area) of pressure-outlet 21.
  1157  2.8581e-05  2.6071e-07  2.2517e-07  1.6669e-07  0:37:44 1343

 Reversed flow on 1 face (0.0% area) of pressure-outlet 21.
  1158  2.4460e-05  2.1752e-07  2.0118e-07  1.1995e-07  0:37:29 1342
  1159  1.6919e-05  1.9980e-07  2.1177e-07  1.1535e-07  0:38:50 1341
  1160  1.8663e-05  2.2772e-07  2.2827e-07  1.4469e-07  0:39:54 1340
  1161  2.6993e-05  2.3660e-07  2.0280e-07  1.5994e-07  0:39:12 1339
  1162  2.6369e-05  2.2240e-07  1.9991e-07  1.3471e-07  0:38:37 1338
  1163  1.8663e-05  1.8346e-07  2.0348e-07  1.0708e-07  0:39:43 1337

 Reversed flow on 2 faces (0.1% area) of pressure-outlet 21.
  1164  1.5632e-05  3.0537e-07  3.0892e-07  1.4600e-07  0:40:35 1336

 Reversed flow on 8 faces (0.4% area) of pressure-outlet 21.
  1165  2.4460e-05  3.2288e-07  3.1669e-07  1.7182e-07  0:39:43 1335

 Reversed flow on 8 faces (0.3% area) of pressure-outlet 21.
  1166  2.8581e-05  2.6071e-07  2.2517e-07  1.6669e-07  0:37:28 1334

 Reversed flow on 1 face (0.0% area) of pressure-outlet 21.

  iter  continuity  x-velocity  y-velocity  z-velocity     time/iter
  1167  2.4460e-05  2.1752e-07  2.0118e-07  1.1995e-07  0:37:14 1333
  1168  1.6919e-05  1.9980e-07  2.1177e-07  1.1535e-07  0:38:34 1332
  1169  1.8663e-05  2.2772e-07  2.2827e-07  1.4469e-07  0:39:37 1331
  1170  2.6993e-05  2.3660e-07  2.0280e-07  1.5994e-07  0:38:54 1330
  1171  2.6369e-05  2.2240e-07  1.9991e-07  1.3471e-07  0:38:20 1329
  1172  1.8663e-05  1.8346e-07  2.0348e-07  1.0708e-07  0:39:27 1328

 Reversed flow on 2 faces (0.1% area) of pressure-outlet 21.
  1173  1.5632e-05  3.0537e-07  3.0892e-07  1.4600e-07  0:40:19 1327

 Reversed flow on 8 faces (0.4% area) of pressure-outlet 21.
  1174  2.4460e-05  3.2288e-07  3.1669e-07  1.7182e-07  0:39:28 1326

 Reversed flow on 8 faces (0.3% area) of pressure-outlet 21.
  1175  2.8581e-05  2.6071e-07  2.2517e-07  1.6669e-07  0:37:16 1325

 Reversed flow on 1 face (0.0% area) of pressure-outlet 21.
  1176  2.4460e-05  2.1752e-07  2.0118e-07  1.1995e-07  0:37:00 1324
  1177  1.6919e-05  1.9980e-07  2.1177e-07  1.1535e-07  0:38:21 1323

  iter  continuity  x-velocity  y-velocity  z-velocity     time/iter
  1178  1.8663e-05  2.2772e-07  2.2827e-07  1.4469e-07  0:39:23 1322
  1179  2.6993e-05  2.3660e-07  2.0280e-07  1.5994e-07  0:38:41 1321
  1180  2.6369e-05  2.2240e-07  1.9991e-07  1.3471e-07  0:38:08 1320
  1181  1.8663e-05  1.8346e-07  2.0348e-07  1.0708e-07  0:39:14 1319

 Reversed flow on 2 faces (0.1% area) of pressure-outlet 21.
  1182  1.5632e-05  3.0537e-07  3.0892e-07  1.4600e-07  0:40:05 1318

 Reversed flow on 8 faces (0.4% area) of pressure-outlet 21.
  1183  2.4460e-05  3.2288e-07  3.1669e-07  1.7182e-07  0:39:13 1317

 Reversed flow on 8 faces (0.3% area) of pressure-outlet 21.
  1184  2.8581e-05  2.6071e-07  2.2517e-07  1.6669e-07  0:37:02 1316

 Reversed flow on 1 face (0.0% area) of pressure-outlet 21.
  1185  2.4460e-05  2.1752e-07  2.0118e-07  1.1995e-07  0:36:47 1315
  1186  1.6919e-05  1.9980e-07  2.1177e-07  1.1535e-07  0:38:06 1314
  1187  1.8663e-05  2.2772e-07  2.2827e-07  1.4469e-07  0:39:08 1313
  1188  2.6993e-05  2.3660e-07  2.0280e-07  1.5994e-07  0:38:26 1312

  iter  continuity  x-velocity  y-velocity  z-velocity     time/iter
  1189  2.6369e-05  2.2240e-07  1.9991e-07  1.3471e-07  0:37:54 1311
  1190  1.8663e-05  1.8346e-07  2.0348e-07  1.0708e-07  0:39:01 1310

 Reversed flow on 2 faces (0.1% area) of pressure-outlet 21.
  1191  1.5632e-05  3.0537e-07  3.0892e-07  1.4600e-07  0:39:52 1309

 Reversed flow on 8 faces (0.4% area) of pressure-outlet 21.
  1192  2.4460e-05  3.2288e-07  3.1669e-07  1.7182e-07  0:39:00 1308

 Reversed flow on 8 faces (0.3% area) of pressure-outlet 21.
  1193  2.8581e-05  2.6071e-07  2.2517e-07  1.6669e-07  0:36:50 1307

 Reversed flow on 1 face (0.0% area) of pressure-outlet 21.
  1194  2.4460e-05  2.1752e-07  2.0118e-07  1.1995e-07  0:36:33 1306
  1195  1.6919e-05  1.9980e-07  2.1177e-07  1.1535e-07  0:37:51 1305
  1196  1.8663e-05  2.2772e-07  2.2827e-07  1.4469e-07  0:38:53 1304
  1197  2.6993e-05  2.3660e-07  2.0280e-07  1.5994e-07  0:38:11 1303
  1198  2.6369e-05  2.2240e-07  1.9991e-07  1.3471e-07  0:37:37 1302
  1199  1.8663e-05  1.8346e-07  2.0348e-07  1.0708e-07  0:38:41 1301

 Reversed flow on 2 faces (0.1% area) of pressure-outlet 21.

  iter  continuity  x-velocity  y-velocity  z-velocity     time/iter
  1200  1.5632e-05  3.0537e-07  3.0892e-07  1.4600e-07  0:39:31 1300

 Reversed flow on 8 faces (0.4% area) of pressure-outlet 21.
  1201  2.4460e-05  3.2288e-07  3.1669e-07  1.7182e-07  0:38:50 1299

 Reversed flow on 8 faces (0.3% area) of pressure-outlet 21.
  1202  2.8581e-05  2.6071e-07  2.2517e-07  1.6669e-07  0:38:41 1298

 Reversed flow on 1 face (0.0% area) of pressure-outlet 21.
  1203  2.4460e-05  2.1752e-07  2.0118e-07  1.1995e-07  0:38:45 1297
  1204  1.6919e-05  1.9980e-07  2.1177e-07  1.1535e-07  0:39:33 1296
  1205  1.8663e-05  2.2772e-07  2.2827e-07  1.4469e-07  0:40:09 1295
  1206  2.6993e-05  2.3660e-07  2.0280e-07  1.5994e-07  0:39:09 1294
  1207  2.6369e-05  2.2240e-07  1.9991e-07  1.3471e-07  0:38:24 1293
  1208  1.8663e-05  1.8346e-07  2.0348e-07  1.0708e-07  0:39:14 1292

 Reversed flow on 2 faces (0.1% area) of pressure-outlet 21.
  1209  1.5632e-05  3.0537e-07  3.0892e-07  1.4600e-07  0:39:53 1291

 Reversed flow on 8 faces (0.4% area) of pressure-outlet 21.
  1210  2.4460e-05  3.2288e-07  3.1669e-07  1.7182e-07  0:38:56 1290

 Reversed flow on 8 faces (0.3% area) of pressure-outlet 21.

  iter  continuity  x-velocity  y-velocity  z-velocity     time/iter
  1211  2.8581e-05  2.6071e-07  2.2517e-07  1.6669e-07  0:36:39 1289

 Reversed flow on 1 face (0.0% area) of pressure-outlet 21.
  1212  2.4460e-05  2.1752e-07  2.0118e-07  1.1995e-07  0:36:20 1288
  1213  1.6919e-05  1.9980e-07  2.1177e-07  1.1535e-07  0:37:40 1287
  1214  1.8663e-05  2.2772e-07  2.2827e-07  1.4469e-07  0:38:36 1286
  1215  2.6993e-05  2.3660e-07  2.0280e-07  1.5994e-07  0:37:52 1285
  1216  2.6369e-05  2.2240e-07  1.9991e-07  1.3471e-07  0:37:17 1284
  1217  1.8663e-05  1.8346e-07  2.0348e-07  1.0708e-07  0:38:18 1283

 Reversed flow on 2 faces (0.1% area) of pressure-outlet 21.
  1218  1.5632e-05  3.0537e-07  3.0892e-07  1.4600e-07  0:39:05 1282

 Reversed flow on 8 faces (0.4% area) of pressure-outlet 21.
  1219  2.4460e-05  3.2288e-07  3.1669e-07  1.7182e-07  0:38:14 1281

 Reversed flow on 8 faces (0.3% area) of pressure-outlet 21.
  1220  2.8581e-05  2.6071e-07  2.2517e-07  1.6669e-07  0:36:14 1280

 Reversed flow on 1 face (0.0% area) of pressure-outlet 21.
  1221  2.4460e-05  2.1752e-07  2.0118e-07  1.1995e-07  0:35:56 1279

  iter  continuity  x-velocity  y-velocity  z-velocity     time/iter
  1222  1.6919e-05  1.9980e-07  2.1177e-07  1.1535e-07  0:37:13 1278
  1223  1.8663e-05  2.2772e-07  2.2827e-07  1.4469e-07  0:38:12 1277
  1224  2.6993e-05  2.3660e-07  2.0280e-07  1.5994e-07  0:37:29 1276
  1225  2.6369e-05  2.2240e-07  1.9991e-07  1.3471e-07  0:36:56 1275
  1226  1.8663e-05  1.8346e-07  2.0348e-07  1.0708e-07  0:37:59 1274

 Reversed flow on 2 faces (0.1% area) of pressure-outlet 21.
  1227  1.5632e-05  3.0537e-07  3.0892e-07  1.4600e-07  0:38:47 1273

 Reversed flow on 8 faces (0.4% area) of pressure-outlet 21.
  1228  2.4460e-05  3.2288e-07  3.1669e-07  1.7182e-07  0:37:56 1272

 Reversed flow on 8 faces (0.3% area) of pressure-outlet 21.
  1229  2.8581e-05  2.6071e-07  2.2517e-07  1.6669e-07  0:35:47 1271

 Reversed flow on 1 face (0.0% area) of pressure-outlet 21.
  1230  2.4460e-05  2.1752e-07  2.0118e-07  1.1995e-07  0:35:33 1270
  1231  1.6919e-05  1.9980e-07  2.1177e-07  1.1535e-07  0:36:49 1269
  1232  1.8663e-05  2.2772e-07  2.2827e-07  1.4469e-07  0:37:49 1268

  iter  continuity  x-velocity  y-velocity  z-velocity     time/iter
  1233  2.6993e-05  2.3660e-07  2.0280e-07  1.5994e-07  0:37:08 1267
  1234  2.6369e-05  2.2240e-07  1.9991e-07  1.3471e-07  0:36:37 1266
  1235  1.8663e-05  1.8346e-07  2.0348e-07  1.0708e-07  0:37:38 1265

 Reversed flow on 2 faces (0.1% area) of pressure-outlet 21.
  1236  1.5632e-05  3.0537e-07  3.0892e-07  1.4600e-07  0:38:25 1264

 Reversed flow on 8 faces (0.4% area) of pressure-outlet 21.
  1237  2.4460e-05  3.2288e-07  3.1669e-07  1.7182e-07  0:37:35 1263

 Reversed flow on 8 faces (0.3% area) of pressure-outlet 21.
  1238  2.8581e-05  2.6071e-07  2.2517e-07  1.6669e-07  0:35:33 1262

 Reversed flow on 1 face (0.0% area) of pressure-outlet 21.
  1239  2.4460e-05  2.1752e-07  2.0118e-07  1.1995e-07  0:35:52 1261
  1240  1.6919e-05  1.9980e-07  2.1177e-07  1.1535e-07  0:38:05 1260
  1241  1.8663e-05  2.2772e-07  2.2827e-07  1.4469e-07  0:38:48 1259
  1242  2.6993e-05  2.3660e-07  2.0280e-07  1.5994e-07  0:37:53 1258
  1243  2.6369e-05  2.2240e-07  1.9991e-07  1.3471e-07  0:37:10 1257

  iter  continuity  x-velocity  y-velocity  z-velocity     time/iter
  1244  1.8663e-05  1.8346e-07  2.0348e-07  1.0708e-07  0:38:04 1256

 Reversed flow on 2 faces (0.1% area) of pressure-outlet 21.
  1245  1.5632e-05  3.0537e-07  3.0892e-07  1.4600e-07  0:39:32 1255

 Reversed flow on 8 faces (0.4% area) of pressure-outlet 21.
  1246  2.4460e-05  3.2288e-07  3.1669e-07  1.7182e-07  0:38:33 1254

 Reversed flow on 8 faces (0.3% area) of pressure-outlet 21.
  1247  2.8581e-05  2.6071e-07  2.2517e-07  1.6669e-07  0:36:13 1253

 Reversed flow on 1 face (0.0% area) of pressure-outlet 21.
  1248  2.4460e-05  2.1752e-07  2.0118e-07  1.1995e-07  0:35:47 1252
  1249  1.6919e-05  1.9980e-07  2.1177e-07  1.1535e-07  0:36:52 1251
  1250  1.8663e-05  2.2772e-07  2.2827e-07  1.4469e-07  0:37:48 1250
  1251  2.6993e-05  2.3660e-07  2.0280e-07  1.5994e-07  0:37:02 1249
  1252  2.6369e-05  2.2240e-07  1.9991e-07  1.3471e-07  0:36:26 1248
  1253  1.8663e-05  1.8346e-07  2.0348e-07  1.0708e-07  0:37:23 1247

 Reversed flow on 2 faces (0.1% area) of pressure-outlet 21.
  1254  1.5632e-05  3.0537e-07  3.0892e-07  1.4600e-07  0:38:07 1246

 Reversed flow on 8 faces (0.4% area) of pressure-outlet 21.

  iter  continuity  x-velocity  y-velocity  z-velocity     time/iter
  1255  2.4460e-05  3.2288e-07  3.1669e-07  1.7182e-07  0:37:15 1245

 Reversed flow on 8 faces (0.3% area) of pressure-outlet 21.
  1256  2.8581e-05  2.6071e-07  2.2517e-07  1.6669e-07  0:35:12 1244

 Reversed flow on 1 face (0.0% area) of pressure-outlet 21.
  1257  2.4460e-05  2.1752e-07  2.0118e-07  1.1995e-07  0:34:55 1243
  1258  1.6919e-05  1.9980e-07  2.1177e-07  1.1535e-07  0:36:07 1242
  1259  1.8663e-05  2.2772e-07  2.2827e-07  1.4469e-07  0:37:04 1241
  1260  2.6993e-05  2.3660e-07  2.0280e-07  1.5994e-07  0:36:23 1240
  1261  2.6369e-05  2.2240e-07  1.9991e-07  1.3471e-07  0:35:52 1239
  1262  1.8663e-05  1.8346e-07  2.0348e-07  1.0708e-07  0:36:51 1238

 Reversed flow on 2 faces (0.1% area) of pressure-outlet 21.
  1263  1.5632e-05  3.0537e-07  3.0892e-07  1.4600e-07  0:37:41 1237

 Reversed flow on 8 faces (0.4% area) of pressure-outlet 21.
  1264  2.4460e-05  3.2288e-07  3.1669e-07  1.7182e-07  0:36:51 1236

 Reversed flow on 8 faces (0.3% area) of pressure-outlet 21.
  1265  2.8581e-05  2.6071e-07  2.2517e-07  1.6669e-07  0:34:45 1235

 Reversed flow on 1 face (0.0% area) of pressure-outlet 21.

  iter  continuity  x-velocity  y-velocity  z-velocity     time/iter
  1266  2.4460e-05  2.1752e-07  2.0118e-07  1.1995e-07  0:34:32 1234
  1267  1.6919e-05  1.9980e-07  2.1177e-07  1.1535e-07  0:35:46 1233
  1268  1.8663e-05  2.2772e-07  2.2827e-07  1.4469e-07  0:36:46 1232
  1269  2.6993e-05  2.3660e-07  2.0280e-07  1.5994e-07  0:36:06 1231
  1270  2.6369e-05  2.2240e-07  1.9991e-07  1.3471e-07  0:35:34 1230
  1271  1.8663e-05  1.8346e-07  2.0348e-07  1.0708e-07  0:36:35 1229

 Reversed flow on 2 faces (0.1% area) of pressure-outlet 21.
  1272  1.5632e-05  3.0537e-07  3.0892e-07  1.4600e-07  0:37:22 1228

 Reversed flow on 8 faces (0.4% area) of pressure-outlet 21.
  1273  2.4460e-05  3.2288e-07  3.1669e-07  1.7182e-07  0:36:33 1227

 Reversed flow on 8 faces (0.3% area) of pressure-outlet 21.
  1274  2.8581e-05  2.6071e-07  2.2517e-07  1.6669e-07  0:34:32 1226

 Reversed flow on 1 face (0.0% area) of pressure-outlet 21.
  1275  2.4460e-05  2.1752e-07  2.0118e-07  1.1995e-07  0:34:18 1225
  1276  1.6919e-05  1.9980e-07  2.1177e-07  1.1535e-07  0:35:30 1224

  iter  continuity  x-velocity  y-velocity  z-velocity     time/iter
  1277  1.8663e-05  2.2772e-07  2.2827e-07  1.4469e-07  0:36:27 1223
  1278  2.6993e-05  2.3660e-07  2.0280e-07  1.5994e-07  0:35:48 1222
  1279  2.6369e-05  2.2240e-07  1.9991e-07  1.3471e-07  0:35:16 1221
  1280  1.8663e-05  1.8346e-07  2.0348e-07  1.0708e-07  0:36:17 1220

 Reversed flow on 2 faces (0.1% area) of pressure-outlet 21.
  1281  1.5632e-05  3.0537e-07  3.0892e-07  1.4600e-07  0:37:04 1219

 Reversed flow on 8 faces (0.4% area) of pressure-outlet 21.
  1282  2.4460e-05  3.2288e-07  3.1669e-07  1.7182e-07  0:36:18 1218

 Reversed flow on 8 faces (0.3% area) of pressure-outlet 21.
  1283  2.8581e-05  2.6071e-07  2.2517e-07  1.6669e-07  0:34:15 1217

 Reversed flow on 1 face (0.0% area) of pressure-outlet 21.
  1284  2.4460e-05  2.1752e-07  2.0118e-07  1.1995e-07  0:34:00 1216
  1285  1.6919e-05  1.9980e-07  2.1177e-07  1.1535e-07  0:35:12 1215
  1286  1.8663e-05  2.2772e-07  2.2827e-07  1.4469e-07  0:36:11 1214
  1287  2.6993e-05  2.3660e-07  2.0280e-07  1.5994e-07  0:35:31 1213

  iter  continuity  x-velocity  y-velocity  z-velocity     time/iter
  1288  2.6369e-05  2.2240e-07  1.9991e-07  1.3471e-07  0:35:00 1212
  1289  1.8663e-05  1.8346e-07  2.0348e-07  1.0708e-07  0:36:00 1211

 Reversed flow on 2 faces (0.1% area) of pressure-outlet 21.
  1290  1.5632e-05  3.0537e-07  3.0892e-07  1.4600e-07  0:36:45 1210

 Reversed flow on 8 faces (0.4% area) of pressure-outlet 21.
  1291  2.4460e-05  3.2288e-07  3.1669e-07  1.7182e-07  0:36:00 1209

 Reversed flow on 8 faces (0.3% area) of pressure-outlet 21.
  1292  2.8581e-05  2.6071e-07  2.2517e-07  1.6669e-07  0:33:59 1208

 Reversed flow on 1 face (0.0% area) of pressure-outlet 21.
  1293  2.4460e-05  2.1752e-07  2.0118e-07  1.1995e-07  0:33:45 1207
  1294  1.6919e-05  1.9980e-07  2.1177e-07  1.1535e-07  0:34:57 1206
  1295  1.8663e-05  2.2772e-07  2.2827e-07  1.4469e-07  0:35:53 1205
  1296  2.6993e-05  2.3660e-07  2.0280e-07  1.5994e-07  0:35:15 1204
  1297  2.6369e-05  2.2240e-07  1.9991e-07  1.3471e-07  0:34:45 1203
  1298  1.8663e-05  1.8346e-07  2.0348e-07  1.0708e-07  0:35:45 1202

 Reversed flow on 2 faces (0.1% area) of pressure-outlet 21.

  iter  continuity  x-velocity  y-velocity  z-velocity     time/iter
  1299  1.5632e-05  3.0537e-07  3.0892e-07  1.4600e-07  0:36:31 1201

 Reversed flow on 8 faces (0.4% area) of pressure-outlet 21.
  1300  2.4460e-05  3.2288e-07  3.1669e-07  1.7182e-07  0:35:45 1200

 Reversed flow on 8 faces (0.3% area) of pressure-outlet 21.
  1301  2.8581e-05  2.6071e-07  2.2517e-07  1.6669e-07  0:33:43 1199

 Reversed flow on 1 face (0.0% area) of pressure-outlet 21.
  1302  2.4460e-05  2.1752e-07  2.0118e-07  1.1995e-07  0:33:29 1198
  1303  1.6919e-05  1.9980e-07  2.1177e-07  1.1535e-07  0:34:42 1197
  1304  1.8663e-05  2.2772e-07  2.2827e-07  1.4469e-07  0:35:41 1196
  1305  2.6993e-05  2.3660e-07  2.0280e-07  1.5994e-07  0:35:02 1195
  1306  2.6369e-05  2.2240e-07  1.9991e-07  1.3471e-07  0:34:32 1194
  1307  1.8663e-05  1.8346e-07  2.0348e-07  1.0708e-07  0:35:30 1193

 Reversed flow on 2 faces (0.1% area) of pressure-outlet 21.
  1308  1.5632e-05  3.0537e-07  3.0892e-07  1.4600e-07  0:36:15 1192

 Reversed flow on 8 faces (0.4% area) of pressure-outlet 21.
  1309  2.4460e-05  3.2288e-07  3.1669e-07  1.7182e-07  0:35:29 1191

 Reversed flow on 8 faces (0.3% area) of pressure-outlet 21.

  iter  continuity  x-velocity  y-velocity  z-velocity     time/iter
  1310  2.8581e-05  2.6071e-07  2.2517e-07  1.6669e-07  0:33:28 1190

 Reversed flow on 1 face (0.0% area) of pressure-outlet 21.
  1311  2.4460e-05  2.1752e-07  2.0118e-07  1.1995e-07  0:33:14 1189
  1312  1.6919e-05  1.9980e-07  2.1177e-07  1.1535e-07  0:34:25 1188
  1313  1.8663e-05  2.2772e-07  2.2827e-07  1.4469e-07  0:35:21 1187
  1314  2.6993e-05  2.3660e-07  2.0280e-07  1.5994e-07  0:34:43 1186
  1315  2.6369e-05  2.2240e-07  1.9991e-07  1.3471e-07  0:34:12 1185
  1316  1.8663e-05  1.8346e-07  2.0348e-07  1.0708e-07  0:35:11 1184

 Reversed flow on 2 faces (0.1% area) of pressure-outlet 21.
  1317  1.5632e-05  3.0537e-07  3.0892e-07  1.4600e-07  0:35:56 1183

 Reversed flow on 8 faces (0.4% area) of pressure-outlet 21.
  1318  2.4460e-05  3.2288e-07  3.1669e-07  1.7182e-07  0:35:10 1182

 Reversed flow on 8 faces (0.3% area) of pressure-outlet 21.
  1319  2.8581e-05  2.6071e-07  2.2517e-07  1.6669e-07  0:33:16 1181

 Reversed flow on 1 face (0.0% area) of pressure-outlet 21.
  1320  2.4460e-05  2.1752e-07  2.0118e-07  1.1995e-07  0:33:02 1180

  iter  continuity  x-velocity  y-velocity  z-velocity     time/iter
  1321  1.6919e-05  1.9980e-07  2.1177e-07  1.1535e-07  0:34:13 1179
  1322  1.8663e-05  2.2772e-07  2.2827e-07  1.4469e-07  0:35:09 1178
  1323  2.6993e-05  2.3660e-07  2.0280e-07  1.5994e-07  0:34:31 1177
  1324  2.6369e-05  2.2240e-07  1.9991e-07  1.3471e-07  0:34:02 1176
  1325  1.8663e-05  1.8346e-07  2.0348e-07  1.0708e-07  0:34:59 1175

 Reversed flow on 2 faces (0.1% area) of pressure-outlet 21.
  1326  1.5632e-05  3.0537e-07  3.0892e-07  1.4600e-07  0:35:43 1174

 Reversed flow on 8 faces (0.4% area) of pressure-outlet 21.
  1327  2.4460e-05  3.2288e-07  3.1669e-07  1.7182e-07  0:34:56 1173

 Reversed flow on 8 faces (0.3% area) of pressure-outlet 21.
  1328  2.8581e-05  2.6071e-07  2.2517e-07  1.6669e-07  0:32:58 1172

 Reversed flow on 1 face (0.0% area) of pressure-outlet 21.
  1329  2.4460e-05  2.1752e-07  2.0118e-07  1.1995e-07  0:32:44 1171
  1330  1.6919e-05  1.9980e-07  2.1177e-07  1.1535e-07  0:33:53 1170
  1331  1.8663e-05  2.2772e-07  2.2827e-07  1.4469e-07  0:34:48 1169

  iter  continuity  x-velocity  y-velocity  z-velocity     time/iter
  1332  2.6993e-05  2.3660e-07  2.0280e-07  1.5994e-07  0:34:11 1168
  1333  2.6369e-05  2.2240e-07  1.9991e-07  1.3471e-07  0:33:41 1167
  1334  1.8663e-05  1.8346e-07  2.0348e-07  1.0708e-07  0:34:38 1166

 Reversed flow on 2 faces (0.1% area) of pressure-outlet 21.
  1335  1.5632e-05  3.0537e-07  3.0892e-07  1.4600e-07  0:35:23 1165

 Reversed flow on 8 faces (0.4% area) of pressure-outlet 21.
  1336  2.4460e-05  3.2288e-07  3.1669e-07  1.7182e-07  0:34:38 1164

 Reversed flow on 8 faces (0.3% area) of pressure-outlet 21.
  1337  2.8581e-05  2.6071e-07  2.2517e-07  1.6669e-07  0:32:41 1163

 Reversed flow on 1 face (0.0% area) of pressure-outlet 21.
  1338  2.4460e-05  2.1752e-07  2.0118e-07  1.1995e-07  0:32:28 1162
  1339  1.6919e-05  1.9980e-07  2.1177e-07  1.1535e-07  0:33:38 1161
  1340  1.8663e-05  2.2772e-07  2.2827e-07  1.4469e-07  0:34:34 1160
  1341  2.6993e-05  2.3660e-07  2.0280e-07  1.5994e-07  0:33:57 1159
  1342  2.6369e-05  2.2240e-07  1.9991e-07  1.3471e-07  0:33:27 1158

  iter  continuity  x-velocity  y-velocity  z-velocity     time/iter
  1343  1.8663e-05  1.8346e-07  2.0348e-07  1.0708e-07  0:34:28 1157

 Reversed flow on 2 faces (0.1% area) of pressure-outlet 21.
  1344  1.5632e-05  3.0537e-07  3.0892e-07  1.4600e-07  0:35:11 1156

 Reversed flow on 8 faces (0.4% area) of pressure-outlet 21.
  1345  2.4460e-05  3.2288e-07  3.1669e-07  1.7182e-07  0:34:25 1155

 Reversed flow on 8 faces (0.3% area) of pressure-outlet 21.
  1346  2.8581e-05  2.6071e-07  2.2517e-07  1.6669e-07  0:32:28 1154

 Reversed flow on 1 face (0.0% area) of pressure-outlet 21.
  1347  2.4460e-05  2.1752e-07  2.0118e-07  1.1995e-07  0:32:15 1153
  1348  1.6919e-05  1.9980e-07  2.1177e-07  1.1535e-07  0:33:23 1152
  1349  1.8663e-05  2.2772e-07  2.2827e-07  1.4469e-07  0:34:22 1151
  1350  2.6993e-05  2.3660e-07  2.0280e-07  1.5994e-07  0:33:45 1150
  1351  2.6369e-05  2.2240e-07  1.9991e-07  1.3471e-07  0:33:16 1149
  1352  1.8663e-05  1.8346e-07  2.0348e-07  1.0708e-07  0:34:11 1148

 Reversed flow on 2 faces (0.1% area) of pressure-outlet 21.
  1353  1.5632e-05  3.0537e-07  3.0892e-07  1.4600e-07  0:34:54 1147

 Reversed flow on 8 faces (0.4% area) of pressure-outlet 21.

  iter  continuity  x-velocity  y-velocity  z-velocity     time/iter
  1354  2.4460e-05  3.2288e-07  3.1669e-07  1.7182e-07  0:34:08 1146

 Reversed flow on 8 faces (0.3% area) of pressure-outlet 21.
  1355  2.8581e-05  2.6071e-07  2.2517e-07  1.6669e-07  0:32:12 1145

 Reversed flow on 1 face (0.0% area) of pressure-outlet 21.
  1356  2.4460e-05  2.1752e-07  2.0118e-07  1.1995e-07  0:31:59 1144
  1357  1.6919e-05  1.9980e-07  2.1177e-07  1.1535e-07  0:33:06 1143
  1358  1.8663e-05  2.2772e-07  2.2827e-07  1.4469e-07  0:34:00 1142
  1359  2.6993e-05  2.3660e-07  2.0280e-07  1.5994e-07  0:34:44 1141
  1360  2.6369e-05  2.2240e-07  1.9991e-07  1.3471e-07  0:33:59 1140
  1361  1.8663e-05  1.8346e-07  2.0348e-07  1.0708e-07  0:34:44 1139

 Reversed flow on 2 faces (0.1% area) of pressure-outlet 21.
  1362  1.5632e-05  3.0537e-07  3.0892e-07  1.4600e-07  0:35:17 1138

 Reversed flow on 8 faces (0.4% area) of pressure-outlet 21.
  1363  2.4460e-05  3.2288e-07  3.1669e-07  1.7182e-07  0:34:24 1137

 Reversed flow on 8 faces (0.3% area) of pressure-outlet 21.
  1364  2.8581e-05  2.6071e-07  2.2517e-07  1.6669e-07  0:32:22 1136

 Reversed flow on 1 face (0.0% area) of pressure-outlet 21.

  iter  continuity  x-velocity  y-velocity  z-velocity     time/iter
  1365  2.4460e-05  2.1752e-07  2.0118e-07  1.1995e-07  0:32:04 1135
  1366  1.6919e-05  1.9980e-07  2.1177e-07  1.1535e-07  0:33:08 1134
  1367  1.8663e-05  2.2772e-07  2.2827e-07  1.4469e-07  0:33:59 1133
  1368  2.6993e-05  2.3660e-07  2.0280e-07  1.5994e-07  0:33:20 1132
  1369  2.6369e-05  2.2240e-07  1.9991e-07  1.3471e-07  0:32:49 1131
  1370  1.8663e-05  1.8346e-07  2.0348e-07  1.0708e-07  0:33:42 1130

 Reversed flow on 2 faces (0.1% area) of pressure-outlet 21.
  1371  1.5632e-05  3.0537e-07  3.0892e-07  1.4600e-07  0:34:24 1129

 Reversed flow on 8 faces (0.4% area) of pressure-outlet 21.
  1372  2.4460e-05  3.2288e-07  3.1669e-07  1.7182e-07  0:33:38 1128

 Reversed flow on 8 faces (0.3% area) of pressure-outlet 21.
  1373  2.8581e-05  2.6071e-07  2.2517e-07  1.6669e-07  0:31:43 1127

 Reversed flow on 1 face (0.0% area) of pressure-outlet 21.
  1374  2.4460e-05  2.1752e-07  2.0118e-07  1.1995e-07  0:31:30 1126
  1375  1.6919e-05  1.9980e-07  2.1177e-07  1.1535e-07  0:32:37 1125

  iter  continuity  x-velocity  y-velocity  z-velocity     time/iter
  1376  1.8663e-05  2.2772e-07  2.2827e-07  1.4469e-07  0:33:30 1124
  1377  2.6993e-05  2.3660e-07  2.0280e-07  1.5994e-07  0:32:56 1123
  1378  2.6369e-05  2.2240e-07  1.9991e-07  1.3471e-07  0:32:25 1122
  1379  1.8663e-05  1.8346e-07  2.0348e-07  1.0708e-07  0:33:20 1121

 Reversed flow on 2 faces (0.1% area) of pressure-outlet 21.
  1380  1.5632e-05  3.0537e-07  3.0892e-07  1.4600e-07  0:34:03 1120

 Reversed flow on 8 faces (0.4% area) of pressure-outlet 21.
  1381  2.4460e-05  3.2288e-07  3.1669e-07  1.7182e-07  0:33:19 1119

 Reversed flow on 8 faces (0.3% area) of pressure-outlet 21.
  1382  2.8581e-05  2.6071e-07  2.2517e-07  1.6669e-07  0:31:27 1118

 Reversed flow on 1 face (0.0% area) of pressure-outlet 21.
  1383  2.4460e-05  2.1752e-07  2.0118e-07  1.1995e-07  0:31:14 1117
  1384  1.6919e-05  1.9980e-07  2.1177e-07  1.1535e-07  0:32:21 1116
  1385  1.8663e-05  2.2772e-07  2.2827e-07  1.4469e-07  0:33:14 1115
  1386  2.6993e-05  2.3660e-07  2.0280e-07  1.5994e-07  0:32:39 1114

  iter  continuity  x-velocity  y-velocity  z-velocity     time/iter
  1387  2.6369e-05  2.2240e-07  1.9991e-07  1.3471e-07  0:32:11 1113
  1388  1.8663e-05  1.8346e-07  2.0348e-07  1.0708e-07  0:33:04 1112

 Reversed flow on 2 faces (0.1% area) of pressure-outlet 21.
  1389  1.5632e-05  3.0537e-07  3.0892e-07  1.4600e-07  0:33:47 1111

 Reversed flow on 8 faces (0.4% area) of pressure-outlet 21.
  1390  2.4460e-05  3.2288e-07  3.1669e-07  1.7182e-07  0:33:03 1110

 Reversed flow on 8 faces (0.3% area) of pressure-outlet 21.
  1391  2.8581e-05  2.6071e-07  2.2517e-07  1.6669e-07  0:31:11 1109

 Reversed flow on 1 face (0.0% area) of pressure-outlet 21.
  1392  2.4460e-05  2.1752e-07  2.0118e-07  1.1995e-07  0:30:57 1108
  1393  1.6919e-05  1.9980e-07  2.1177e-07  1.1535e-07  0:32:04 1107
  1394  1.8663e-05  2.2772e-07  2.2827e-07  1.4469e-07  0:32:56 1106
  1395  2.6993e-05  2.3660e-07  2.0280e-07  1.5994e-07  0:32:21 1105
  1396  2.6369e-05  2.2240e-07  1.9991e-07  1.3471e-07  0:31:53 1104
  1397  1.8663e-05  1.8346e-07  2.0348e-07  1.0708e-07  0:32:45 1103

 Reversed flow on 2 faces (0.1% area) of pressure-outlet 21.

  iter  continuity  x-velocity  y-velocity  z-velocity     time/iter
  1398  1.5632e-05  3.0537e-07  3.0892e-07  1.4600e-07  0:33:29 1102

 Reversed flow on 8 faces (0.4% area) of pressure-outlet 21.
  1399  2.4460e-05  3.2288e-07  3.1669e-07  1.7182e-07  0:32:45 1101

 Reversed flow on 8 faces (0.3% area) of pressure-outlet 21.
  1400  2.8581e-05  2.6071e-07  2.2517e-07  1.6669e-07  0:30:57 1100

 Reversed flow on 1 face (0.0% area) of pressure-outlet 21.
  1401  2.4460e-05  2.1752e-07  2.0118e-07  1.1995e-07  0:30:43 1099
  1402  1.6919e-05  1.9980e-07  2.1177e-07  1.1535e-07  0:31:49 1098
  1403  1.8663e-05  2.2772e-07  2.2827e-07  1.4469e-07  0:32:40 1097
  1404  2.6993e-05  2.3660e-07  2.0280e-07  1.5994e-07  0:32:06 1096
  1405  2.6369e-05  2.2240e-07  1.9991e-07  1.3471e-07  0:31:38 1095
  1406  1.8663e-05  1.8346e-07  2.0348e-07  1.0708e-07  0:32:31 1094

 Reversed flow on 2 faces (0.1% area) of pressure-outlet 21.
  1407  1.5632e-05  3.0537e-07  3.0892e-07  1.4600e-07  0:33:14 1093

 Reversed flow on 8 faces (0.4% area) of pressure-outlet 21.
  1408  2.4460e-05  3.2288e-07  3.1669e-07  1.7182e-07  0:32:30 1092

 Reversed flow on 8 faces (0.3% area) of pressure-outlet 21.

  iter  continuity  x-velocity  y-velocity  z-velocity     time/iter
  1409  2.8581e-05  2.6071e-07  2.2517e-07  1.6669e-07  0:30:40 1091

 Reversed flow on 1 face (0.0% area) of pressure-outlet 21.
  1410  2.4460e-05  2.1752e-07  2.0118e-07  1.1995e-07  0:30:27 1090
  1411  1.6919e-05  1.9980e-07  2.1177e-07  1.1535e-07  0:31:34 1089
  1412  1.8663e-05  2.2772e-07  2.2827e-07  1.4469e-07  0:32:28 1088
  1413  2.6993e-05  2.3660e-07  2.0280e-07  1.5994e-07  0:31:53 1087
  1414  2.6369e-05  2.2240e-07  1.9991e-07  1.3471e-07  0:31:24 1086
  1415  1.8663e-05  1.8346e-07  2.0348e-07  1.0708e-07  0:32:16 1085

 Reversed flow on 2 faces (0.1% area) of pressure-outlet 21.
  1416  1.5632e-05  3.0537e-07  3.0892e-07  1.4600e-07  0:33:01 1084

 Reversed flow on 8 faces (0.4% area) of pressure-outlet 21.
  1417  2.4460e-05  3.2288e-07  3.1669e-07  1.7182e-07  0:32:18 1083

 Reversed flow on 8 faces (0.3% area) of pressure-outlet 21.
  1418  2.8581e-05  2.6071e-07  2.2517e-07  1.6669e-07  0:30:29 1082

 Reversed flow on 1 face (0.0% area) of pressure-outlet 21.
  1419  2.4460e-05  2.1752e-07  2.0118e-07  1.1995e-07  0:30:16 1081

  iter  continuity  x-velocity  y-velocity  z-velocity     time/iter
  1420  1.6919e-05  1.9980e-07  2.1177e-07  1.1535e-07  0:31:23 1080
  1421  1.8663e-05  2.2772e-07  2.2827e-07  1.4469e-07  0:32:13 1079
  1422  2.6993e-05  2.3660e-07  2.0280e-07  1.5994e-07  0:31:39 1078
  1423  2.6369e-05  2.2240e-07  1.9991e-07  1.3471e-07  0:31:10 1077
  1424  1.8663e-05  1.8346e-07  2.0348e-07  1.0708e-07  0:32:02 1076

 Reversed flow on 2 faces (0.1% area) of pressure-outlet 21.
  1425  1.5632e-05  3.0537e-07  3.0892e-07  1.4600e-07  0:33:12 1075

 Reversed flow on 8 faces (0.4% area) of pressure-outlet 21.
  1426  2.4460e-05  3.2288e-07  3.1669e-07  1.7182e-07  0:32:23 1074

 Reversed flow on 8 faces (0.3% area) of pressure-outlet 21.
  1427  2.8581e-05  2.6071e-07  2.2517e-07  1.6669e-07  0:30:30 1073

 Reversed flow on 1 face (0.0% area) of pressure-outlet 21.
  1428  2.4460e-05  2.1752e-07  2.0118e-07  1.1995e-07  0:30:13 1072
  1429  1.6919e-05  1.9980e-07  2.1177e-07  1.1535e-07  0:31:14 1071
  1430  1.8663e-05  2.2772e-07  2.2827e-07  1.4469e-07  0:32:03 1070

  iter  continuity  x-velocity  y-velocity  z-velocity     time/iter
  1431  2.6993e-05  2.3660e-07  2.0280e-07  1.5994e-07  0:31:27 1069
  1432  2.6369e-05  2.2240e-07  1.9991e-07  1.3471e-07  0:30:57 1068
  1433  1.8663e-05  1.8346e-07  2.0348e-07  1.0708e-07  0:31:47 1067

 Reversed flow on 2 faces (0.1% area) of pressure-outlet 21.
  1434  1.5632e-05  3.0537e-07  3.0892e-07  1.4600e-07  0:32:27 1066

 Reversed flow on 8 faces (0.4% area) of pressure-outlet 21.
  1435  2.4460e-05  3.2288e-07  3.1669e-07  1.7182e-07  0:31:45 1065

 Reversed flow on 8 faces (0.3% area) of pressure-outlet 21.
  1436  2.8581e-05  2.6071e-07  2.2517e-07  1.6669e-07  0:29:57 1064

 Reversed flow on 1 face (0.0% area) of pressure-outlet 21.
  1437  2.4460e-05  2.1752e-07  2.0118e-07  1.1995e-07  0:29:43 1063
  1438  1.6919e-05  1.9980e-07  2.1177e-07  1.1535e-07  0:30:48 1062
  1439  1.8663e-05  2.2772e-07  2.2827e-07  1.4469e-07  0:31:38 1061
  1440  2.6993e-05  2.3660e-07  2.0280e-07  1.5994e-07  0:31:04 1060
  1441  2.6369e-05  2.2240e-07  1.9991e-07  1.3471e-07  0:30:36 1059

  iter  continuity  x-velocity  y-velocity  z-velocity     time/iter
  1442  1.8663e-05  1.8346e-07  2.0348e-07  1.0708e-07  0:31:28 1058

 Reversed flow on 2 faces (0.1% area) of pressure-outlet 21.
  1443  1.5632e-05  3.0537e-07  3.0892e-07  1.4600e-07  0:32:08 1057

 Reversed flow on 8 faces (0.4% area) of pressure-outlet 21.
  1444  2.4460e-05  3.2288e-07  3.1669e-07  1.7182e-07  0:31:27 1056

 Reversed flow on 8 faces (0.3% area) of pressure-outlet 21.
  1445  2.8581e-05  2.6071e-07  2.2517e-07  1.6669e-07  0:29:45 1055

 Reversed flow on 1 face (0.0% area) of pressure-outlet 21.
  1446  2.4460e-05  2.1752e-07  2.0118e-07  1.1995e-07  0:29:34 1054
  1447  1.6919e-05  1.9980e-07  2.1177e-07  1.1535e-07  0:30:36 1053
  1448  1.8663e-05  2.2772e-07  2.2827e-07  1.4469e-07  0:31:24 1052
  1449  2.6993e-05  2.3660e-07  2.0280e-07  1.5994e-07  0:30:50 1051
  1450  2.6369e-05  2.2240e-07  1.9991e-07  1.3471e-07  0:30:22 1050
  1451  1.8663e-05  1.8346e-07  2.0348e-07  1.0708e-07  0:31:12 1049

 Reversed flow on 2 faces (0.1% area) of pressure-outlet 21.
  1452  1.5632e-05  3.0537e-07  3.0892e-07  1.4600e-07  0:31:52 1048

 Reversed flow on 8 faces (0.4% area) of pressure-outlet 21.

  iter  continuity  x-velocity  y-velocity  z-velocity     time/iter
  1453  2.4460e-05  3.2288e-07  3.1669e-07  1.7182e-07  0:31:11 1047

 Reversed flow on 8 faces (0.3% area) of pressure-outlet 21.
  1454  2.8581e-05  2.6071e-07  2.2517e-07  1.6669e-07  0:29:27 1046

 Reversed flow on 1 face (0.0% area) of pressure-outlet 21.
  1455  2.4460e-05  2.1752e-07  2.0118e-07  1.1995e-07  0:29:14 1045
  1456  1.6919e-05  1.9980e-07  2.1177e-07  1.1535e-07  0:30:17 1044
  1457  1.8663e-05  2.2772e-07  2.2827e-07  1.4469e-07  0:31:07 1043
  1458  2.6993e-05  2.3660e-07  2.0280e-07  1.5994e-07  0:30:33 1042
  1459  2.6369e-05  2.2240e-07  1.9991e-07  1.3471e-07  0:30:06 1041
  1460  1.8663e-05  1.8346e-07  2.0348e-07  1.0708e-07  0:30:59 1040

 Reversed flow on 2 faces (0.1% area) of pressure-outlet 21.
  1461  1.5632e-05  3.0537e-07  3.0892e-07  1.4600e-07  0:31:38 1039

 Reversed flow on 8 faces (0.4% area) of pressure-outlet 21.
  1462  2.4460e-05  3.2288e-07  3.1669e-07  1.7182e-07  0:30:56 1038

 Reversed flow on 8 faces (0.3% area) of pressure-outlet 21.
  1463  2.8581e-05  2.6071e-07  2.2517e-07  1.6669e-07  0:29:11 1037

 Reversed flow on 1 face (0.0% area) of pressure-outlet 21.

  iter  continuity  x-velocity  y-velocity  z-velocity     time/iter
  1464  2.4460e-05  2.1752e-07  2.0118e-07  1.1995e-07  0:28:58 1036
  1465  1.6919e-05  1.9980e-07  2.1177e-07  1.1535e-07  0:30:01 1035
  1466  1.8663e-05  2.2772e-07  2.2827e-07  1.4469e-07  0:30:51 1034
  1467  2.6993e-05  2.3660e-07  2.0280e-07  1.5994e-07  0:30:17 1033
  1468  2.6369e-05  2.2240e-07  1.9991e-07  1.3471e-07  0:29:50 1032
  1469  1.8663e-05  1.8346e-07  2.0348e-07  1.0708e-07  0:30:40 1031

 Reversed flow on 2 faces (0.1% area) of pressure-outlet 21.
  1470  1.5632e-05  3.0537e-07  3.0892e-07  1.4600e-07  0:31:19 1030

 Reversed flow on 8 faces (0.4% area) of pressure-outlet 21.
  1471  2.4460e-05  3.2288e-07  3.1669e-07  1.7182e-07  0:30:38 1029

 Reversed flow on 8 faces (0.3% area) of pressure-outlet 21.
  1472  2.8581e-05  2.6071e-07  2.2517e-07  1.6669e-07  0:28:54 1028

 Reversed flow on 1 face (0.0% area) of pressure-outlet 21.
  1473  2.4460e-05  2.1752e-07  2.0118e-07  1.1995e-07  0:28:42 1027
  1474  1.6919e-05  1.9980e-07  2.1177e-07  1.1535e-07  0:29:45 1026

  iter  continuity  x-velocity  y-velocity  z-velocity     time/iter
  1475  1.8663e-05  2.2772e-07  2.2827e-07  1.4469e-07  0:30:34 1025
  1476  2.6993e-05  2.3660e-07  2.0280e-07  1.5994e-07  0:30:01 1024
  1477  2.6369e-05  2.2240e-07  1.9991e-07  1.3471e-07  0:29:34 1023
  1478  1.8663e-05  1.8346e-07  2.0348e-07  1.0708e-07  0:30:22 1022

 Reversed flow on 2 faces (0.1% area) of pressure-outlet 21.
  1479  1.5632e-05  3.0537e-07  3.0892e-07  1.4600e-07  0:31:02 1021

 Reversed flow on 8 faces (0.4% area) of pressure-outlet 21.
  1480  2.4460e-05  3.2288e-07  3.1669e-07  1.7182e-07  0:30:24 1020

 Reversed flow on 8 faces (0.3% area) of pressure-outlet 21.
  1481  2.8581e-05  2.6071e-07  2.2517e-07  1.6669e-07  0:28:41 1019

 Reversed flow on 1 face (0.0% area) of pressure-outlet 21.
  1482  2.4460e-05  2.1752e-07  2.0118e-07  1.1995e-07  0:28:28 1018
  1483  1.6919e-05  1.9980e-07  2.1177e-07  1.1535e-07  0:29:30 1017
  1484  1.8663e-05  2.2772e-07  2.2827e-07  1.4469e-07  0:30:17 1016
  1485  2.6993e-05  2.3660e-07  2.0280e-07  1.5994e-07  0:29:44 1015

  iter  continuity  x-velocity  y-velocity  z-velocity     time/iter
  1486  2.6369e-05  2.2240e-07  1.9991e-07  1.3471e-07  0:29:18 1014
  1487  1.8663e-05  1.8346e-07  2.0348e-07  1.0708e-07  0:30:06 1013

 Reversed flow on 2 faces (0.1% area) of pressure-outlet 21.
  1488  1.5632e-05  3.0537e-07  3.0892e-07  1.4600e-07  0:30:44 1012

 Reversed flow on 8 faces (0.4% area) of pressure-outlet 21.
  1489  2.4460e-05  3.2288e-07  3.1669e-07  1.7182e-07  0:30:05 1011

 Reversed flow on 8 faces (0.3% area) of pressure-outlet 21.
  1490  2.8581e-05  2.6071e-07  2.2517e-07  1.6669e-07  0:28:22 1010

 Reversed flow on 1 face (0.0% area) of pressure-outlet 21.
  1491  2.4460e-05  2.1752e-07  2.0118e-07  1.1995e-07  0:28:10 1009
  1492  1.6919e-05  1.9980e-07  2.1177e-07  1.1535e-07  0:29:12 1008
  1493  1.8663e-05  2.2772e-07  2.2827e-07  1.4469e-07  0:30:01 1007
  1494  2.6993e-05  2.3660e-07  2.0280e-07  1.5994e-07  0:29:28 1006
  1495  2.6369e-05  2.2240e-07  1.9991e-07  1.3471e-07  0:29:03 1005
  1496  1.8663e-05  1.8346e-07  2.0348e-07  1.0708e-07  0:29:52 1004

 Reversed flow on 2 faces (0.1% area) of pressure-outlet 21.

  iter  continuity  x-velocity  y-velocity  z-velocity     time/iter
  1497  1.5632e-05  3.0537e-07  3.0892e-07  1.4600e-07  0:30:31 1003

 Reversed flow on 8 faces (0.4% area) of pressure-outlet 21.
  1498  2.4460e-05  3.2288e-07  3.1669e-07  1.7182e-07  0:29:50 1002

 Reversed flow on 8 faces (0.3% area) of pressure-outlet 21.
  1499  2.8581e-05  2.6071e-07  2.2517e-07  1.6669e-07  0:28:08 1001

 Reversed flow on 1 face (0.0% area) of pressure-outlet 21.
  1500  2.4460e-05  2.1752e-07  2.0118e-07  1.1995e-07  0:27:57 1000
  1501  1.6919e-05  1.9980e-07  2.1177e-07  1.1535e-07  0:28:55  999
  1502  1.8663e-05  2.2772e-07  2.2827e-07  1.4469e-07  0:29:42  998
  1503  2.6993e-05  2.3660e-07  2.0280e-07  1.5994e-07  0:29:11  997
  1504  2.6369e-05  2.2240e-07  1.9991e-07  1.3471e-07  0:28:45  996
  1505  1.8663e-05  1.8346e-07  2.0348e-07  1.0708e-07  0:29:33  995

 Reversed flow on 2 faces (0.1% area) of pressure-outlet 21.
  1506  1.5632e-05  3.0537e-07  3.0892e-07  1.4600e-07  0:30:11  994

 Reversed flow on 8 faces (0.4% area) of pressure-outlet 21.
  1507  2.4460e-05  3.2288e-07  3.1669e-07  1.7182e-07  0:29:32  993

 Reversed flow on 8 faces (0.3% area) of pressure-outlet 21.

  iter  continuity  x-velocity  y-velocity  z-velocity     time/iter
  1508  2.8581e-05  2.6071e-07  2.2517e-07  1.6669e-07  0:27:51  992

 Reversed flow on 1 face (0.0% area) of pressure-outlet 21.
  1509  2.4460e-05  2.1752e-07  2.0118e-07  1.1995e-07  0:27:39  991
  1510  1.6919e-05  1.9980e-07  2.1177e-07  1.1535e-07  0:28:39  990
  1511  1.8663e-05  2.2772e-07  2.2827e-07  1.4469e-07  0:29:25  989
  1512  2.6993e-05  2.3660e-07  2.0280e-07  1.5994e-07  0:28:54  988
  1513  2.6369e-05  2.2240e-07  1.9991e-07  1.3471e-07  0:28:29  987
  1514  1.8663e-05  1.8346e-07  2.0348e-07  1.0708e-07  0:29:18  986

 Reversed flow on 2 faces (0.1% area) of pressure-outlet 21.
  1515  1.5632e-05  3.0537e-07  3.0892e-07  1.4600e-07  0:29:55  985

 Reversed flow on 8 faces (0.4% area) of pressure-outlet 21.
  1516  2.4460e-05  3.2288e-07  3.1669e-07  1.7182e-07  0:30:27  984

 Reversed flow on 8 faces (0.3% area) of pressure-outlet 21.
  1517  2.8581e-05  2.6071e-07  2.2517e-07  1.6669e-07  0:28:33  983

 Reversed flow on 1 face (0.0% area) of pressure-outlet 21.
  1518  2.4460e-05  2.1752e-07  2.0118e-07  1.1995e-07  0:28:10  982

  iter  continuity  x-velocity  y-velocity  z-velocity     time/iter
  1519  1.6919e-05  1.9980e-07  2.1177e-07  1.1535e-07  0:29:00  981
  1520  1.8663e-05  2.2772e-07  2.2827e-07  1.4469e-07  0:29:39  980
  1521  2.6993e-05  2.3660e-07  2.0280e-07  1.5994e-07  0:29:01  979
  1522  2.6369e-05  2.2240e-07  1.9991e-07  1.3471e-07  0:28:31  978
  1523  1.8663e-05  1.8346e-07  2.0348e-07  1.0708e-07  0:29:15  977

 Reversed flow on 2 faces (0.1% area) of pressure-outlet 21.
  1524  1.5632e-05  3.0537e-07  3.0892e-07  1.4600e-07  0:29:50  976

 Reversed flow on 8 faces (0.4% area) of pressure-outlet 21.
  1525  2.4460e-05  3.2288e-07  3.1669e-07  1.7182e-07  0:29:10  975

 Reversed flow on 8 faces (0.3% area) of pressure-outlet 21.
  1526  2.8581e-05  2.6071e-07  2.2517e-07  1.6669e-07  0:27:30  974

 Reversed flow on 1 face (0.0% area) of pressure-outlet 21.
  1527  2.4460e-05  2.1752e-07  2.0118e-07  1.1995e-07  0:27:17  973
  1528  1.6919e-05  1.9980e-07  2.1177e-07  1.1535e-07  0:28:15  972
  1529  1.8663e-05  2.2772e-07  2.2827e-07  1.4469e-07  0:28:59  971

  iter  continuity  x-velocity  y-velocity  z-velocity     time/iter
  1530  2.6993e-05  2.3660e-07  2.0280e-07  1.5994e-07  0:28:27  970
  1531  2.6369e-05  2.2240e-07  1.9991e-07  1.3471e-07  0:28:03  969
  1532  1.8663e-05  1.8346e-07  2.0348e-07  1.0708e-07  0:28:48  968

 Reversed flow on 2 faces (0.1% area) of pressure-outlet 21.
  1533  1.5632e-05  3.0537e-07  3.0892e-07  1.4600e-07  0:29:25  967

 Reversed flow on 8 faces (0.4% area) of pressure-outlet 21.
  1534  2.4460e-05  3.2288e-07  3.1669e-07  1.7182e-07  0:28:46  966

 Reversed flow on 8 faces (0.3% area) of pressure-outlet 21.
  1535  2.8581e-05  2.6071e-07  2.2517e-07  1.6669e-07  0:27:08  965

 Reversed flow on 1 face (0.0% area) of pressure-outlet 21.
  1536  2.4460e-05  2.1752e-07  2.0118e-07  1.1995e-07  0:26:56  964
  1537  1.6919e-05  1.9980e-07  2.1177e-07  1.1535e-07  0:27:55  963
  1538  1.8663e-05  2.2772e-07  2.2827e-07  1.4469e-07  0:28:39  962
  1539  2.6993e-05  2.3660e-07  2.0280e-07  1.5994e-07  0:28:08  961
  1540  2.6369e-05  2.2240e-07  1.9991e-07  1.3471e-07  0:27:44  960

  iter  continuity  x-velocity  y-velocity  z-velocity     time/iter
  1541  1.8663e-05  1.8346e-07  2.0348e-07  1.0708e-07  0:28:30  959

 Reversed flow on 2 faces (0.1% area) of pressure-outlet 21.
  1542  1.5632e-05  3.0537e-07  3.0892e-07  1.4600e-07  0:29:06  958

 Reversed flow on 8 faces (0.4% area) of pressure-outlet 21.
  1543  2.4460e-05  3.2288e-07  3.1669e-07  1.7182e-07  0:28:28  957

 Reversed flow on 8 faces (0.3% area) of pressure-outlet 21.
  1544  2.8581e-05  2.6071e-07  2.2517e-07  1.6669e-07  0:26:51  956

 Reversed flow on 1 face (0.0% area) of pressure-outlet 21.
  1545  2.4460e-05  2.1752e-07  2.0118e-07  1.1995e-07  0:26:41  955
  1546  1.6919e-05  1.9980e-07  2.1177e-07  1.1535e-07  0:27:38  954
  1547  1.8663e-05  2.2772e-07  2.2827e-07  1.4469e-07  0:28:23  953
  1548  2.6993e-05  2.3660e-07  2.0280e-07  1.5994e-07  0:27:54  952
  1549  2.6369e-05  2.2240e-07  1.9991e-07  1.3471e-07  0:27:30  951
  1550  1.8663e-05  1.8346e-07  2.0348e-07  1.0708e-07  0:28:19  950

 Reversed flow on 2 faces (0.1% area) of pressure-outlet 21.
  1551  1.5632e-05  3.0537e-07  3.0892e-07  1.4600e-07  0:28:54  949

 Reversed flow on 8 faces (0.4% area) of pressure-outlet 21.

  iter  continuity  x-velocity  y-velocity  z-velocity     time/iter
  1552  2.4460e-05  3.2288e-07  3.1669e-07  1.7182e-07  0:28:16  948

 Reversed flow on 8 faces (0.3% area) of pressure-outlet 21.
  1553  2.8581e-05  2.6071e-07  2.2517e-07  1.6669e-07  0:26:40  947

 Reversed flow on 1 face (0.0% area) of pressure-outlet 21.
  1554  2.4460e-05  2.1752e-07  2.0118e-07  1.1995e-07  0:26:28  946
  1555  1.6919e-05  1.9980e-07  2.1177e-07  1.1535e-07  0:27:25  945
  1556  1.8663e-05  2.2772e-07  2.2827e-07  1.4469e-07  0:28:11  944
  1557  2.6993e-05  2.3660e-07  2.0280e-07  1.5994e-07  0:27:41  943
  1558  2.6369e-05  2.2240e-07  1.9991e-07  1.3471e-07  0:27:15  942
  1559  1.8663e-05  1.8346e-07  2.0348e-07  1.0708e-07  0:27:59  941

 Reversed flow on 2 faces (0.1% area) of pressure-outlet 21.
  1560  1.5632e-05  3.0537e-07  3.0892e-07  1.4600e-07  0:28:34  940

 Reversed flow on 8 faces (0.4% area) of pressure-outlet 21.
  1561  2.4460e-05  3.2288e-07  3.1669e-07  1.7182e-07  0:27:57  939

 Reversed flow on 8 faces (0.3% area) of pressure-outlet 21.
  1562  2.8581e-05  2.6071e-07  2.2517e-07  1.6669e-07  0:26:22  938

 Reversed flow on 1 face (0.0% area) of pressure-outlet 21.

  iter  continuity  x-velocity  y-velocity  z-velocity     time/iter
  1563  2.4460e-05  2.1752e-07  2.0118e-07  1.1995e-07  0:26:12  937
  1564  1.6919e-05  1.9980e-07  2.1177e-07  1.1535e-07  0:27:07  936
  1565  1.8663e-05  2.2772e-07  2.2827e-07  1.4469e-07  0:27:51  935
  1566  2.6993e-05  2.3660e-07  2.0280e-07  1.5994e-07  0:27:21  934
  1567  2.6369e-05  2.2240e-07  1.9991e-07  1.3471e-07  0:26:57  933
  1568  1.8663e-05  1.8346e-07  2.0348e-07  1.0708e-07  0:27:42  932

 Reversed flow on 2 faces (0.1% area) of pressure-outlet 21.
  1569  1.5632e-05  3.0537e-07  3.0892e-07  1.4600e-07  0:28:17  931

 Reversed flow on 8 faces (0.4% area) of pressure-outlet 21.
  1570  2.4460e-05  3.2288e-07  3.1669e-07  1.7182e-07  0:27:40  930

 Reversed flow on 8 faces (0.3% area) of pressure-outlet 21.
  1571  2.8581e-05  2.6071e-07  2.2517e-07  1.6669e-07  0:26:07  929

 Reversed flow on 1 face (0.0% area) of pressure-outlet 21.
  1572  2.4460e-05  2.1752e-07  2.0118e-07  1.1995e-07  0:25:55  928
  1573  1.6919e-05  1.9980e-07  2.1177e-07  1.1535e-07  0:26:53  927

  iter  continuity  x-velocity  y-velocity  z-velocity     time/iter
  1574  1.8663e-05  2.2772e-07  2.2827e-07  1.4469e-07  0:27:37  926
  1575  2.6993e-05  2.3660e-07  2.0280e-07  1.5994e-07  0:27:07  925
  1576  2.6369e-05  2.2240e-07  1.9991e-07  1.3471e-07  0:26:44  924
  1577  1.8663e-05  1.8346e-07  2.0348e-07  1.0708e-07  0:27:27  923

 Reversed flow on 2 faces (0.1% area) of pressure-outlet 21.
  1578  1.5632e-05  3.0537e-07  3.0892e-07  1.4600e-07  0:28:01  922

 Reversed flow on 8 faces (0.4% area) of pressure-outlet 21.
  1579  2.4460e-05  3.2288e-07  3.1669e-07  1.7182e-07  0:27:25  921

 Reversed flow on 8 faces (0.3% area) of pressure-outlet 21.
  1580  2.8581e-05  2.6071e-07  2.2517e-07  1.6669e-07  0:25:51  920

 Reversed flow on 1 face (0.0% area) of pressure-outlet 21.
  1581  2.4460e-05  2.1752e-07  2.0118e-07  1.1995e-07  0:25:41  919
  1582  1.6919e-05  1.9980e-07  2.1177e-07  1.1535e-07  0:26:37  918
  1583  1.8663e-05  2.2772e-07  2.2827e-07  1.4469e-07  0:27:20  917
  1584  2.6993e-05  2.3660e-07  2.0280e-07  1.5994e-07  0:26:51  916

  iter  continuity  x-velocity  y-velocity  z-velocity     time/iter
  1585  2.6369e-05  2.2240e-07  1.9991e-07  1.3471e-07  0:26:26  915
  1586  1.8663e-05  1.8346e-07  2.0348e-07  1.0708e-07  0:27:09  914

 Reversed flow on 2 faces (0.1% area) of pressure-outlet 21.
  1587  1.5632e-05  3.0537e-07  3.0892e-07  1.4600e-07  0:27:44  913

 Reversed flow on 8 faces (0.4% area) of pressure-outlet 21.
  1588  2.4460e-05  3.2288e-07  3.1669e-07  1.7182e-07  0:27:09  912

 Reversed flow on 8 faces (0.3% area) of pressure-outlet 21.
  1589  2.8581e-05  2.6071e-07  2.2517e-07  1.6669e-07  0:25:41  911

 Reversed flow on 1 face (0.0% area) of pressure-outlet 21.
  1590  2.4460e-05  2.1752e-07  2.0118e-07  1.1995e-07  0:25:29  910
  1591  1.6919e-05  1.9980e-07  2.1177e-07  1.1535e-07  0:26:22  909
  1592  1.8663e-05  2.2772e-07  2.2827e-07  1.4469e-07  0:27:04  908
  1593  2.6993e-05  2.3660e-07  2.0280e-07  1.5994e-07  0:26:36  907
  1594  2.6369e-05  2.2240e-07  1.9991e-07  1.3471e-07  0:26:12  906
  1595  1.8663e-05  1.8346e-07  2.0348e-07  1.0708e-07  0:26:55  905

 Reversed flow on 2 faces (0.1% area) of pressure-outlet 21.

  iter  continuity  x-velocity  y-velocity  z-velocity     time/iter
  1596  1.5632e-05  3.0537e-07  3.0892e-07  1.4600e-07  0:27:29  904

 Reversed flow on 8 faces (0.4% area) of pressure-outlet 21.
  1597  2.4460e-05  3.2288e-07  3.1669e-07  1.7182e-07  0:26:54  903

 Reversed flow on 8 faces (0.3% area) of pressure-outlet 21.
  1598  2.8581e-05  2.6071e-07  2.2517e-07  1.6669e-07  0:25:22  902

 Reversed flow on 1 face (0.0% area) of pressure-outlet 21.
  1599  2.4460e-05  2.1752e-07  2.0118e-07  1.1995e-07  0:25:12  901
  1600  1.6919e-05  1.9980e-07  2.1177e-07  1.1535e-07  0:26:08  900
  1601  1.8663e-05  2.2772e-07  2.2827e-07  1.4469e-07  0:26:49  899
  1602  2.6993e-05  2.3660e-07  2.0280e-07  1.5994e-07  0:26:20  898
  1603  2.6369e-05  2.2240e-07  1.9991e-07  1.3471e-07  0:25:58  897
  1604  1.8663e-05  1.8346e-07  2.0348e-07  1.0708e-07  0:26:39  896

 Reversed flow on 2 faces (0.1% area) of pressure-outlet 21.
  1605  1.5632e-05  3.0537e-07  3.0892e-07  1.4600e-07  0:27:12  895

 Reversed flow on 8 faces (0.4% area) of pressure-outlet 21.
  1606  2.4460e-05  3.2288e-07  3.1669e-07  1.7182e-07  0:26:37  894

 Reversed flow on 8 faces (0.3% area) of pressure-outlet 21.

  iter  continuity  x-velocity  y-velocity  z-velocity     time/iter
  1607  2.8581e-05  2.6071e-07  2.2517e-07  1.6669e-07  0:25:07  893

 Reversed flow on 1 face (0.0% area) of pressure-outlet 21.
  1608  2.4460e-05  2.1752e-07  2.0118e-07  1.1995e-07  0:24:56  892
  1609  1.6919e-05  1.9980e-07  2.1177e-07  1.1535e-07  0:25:50  891
  1610  1.8663e-05  2.2772e-07  2.2827e-07  1.4469e-07  0:26:31  890
  1611  2.6993e-05  2.3660e-07  2.0280e-07  1.5994e-07  0:26:03  889
  1612  2.6369e-05  2.2240e-07  1.9991e-07  1.3471e-07  0:25:39  888
  1613  1.8663e-05  1.8346e-07  2.0348e-07  1.0708e-07  0:26:21  887

 Reversed flow on 2 faces (0.1% area) of pressure-outlet 21.
  1614  1.5632e-05  3.0537e-07  3.0892e-07  1.4600e-07  0:26:55  886

 Reversed flow on 8 faces (0.4% area) of pressure-outlet 21.
  1615  2.4460e-05  3.2288e-07  3.1669e-07  1.7182e-07  0:26:21  885

 Reversed flow on 8 faces (0.3% area) of pressure-outlet 21.
  1616  2.8581e-05  2.6071e-07  2.2517e-07  1.6669e-07  0:24:55  884

 Reversed flow on 1 face (0.0% area) of pressure-outlet 21.
  1617  2.4460e-05  2.1752e-07  2.0118e-07  1.1995e-07  0:24:45  883

  iter  continuity  x-velocity  y-velocity  z-velocity     time/iter
  1618  1.6919e-05  1.9980e-07  2.1177e-07  1.1535e-07  0:25:36  882
  1619  1.8663e-05  2.2772e-07  2.2827e-07  1.4469e-07  0:26:17  881
  1620  2.6993e-05  2.3660e-07  2.0280e-07  1.5994e-07  0:25:47  880
  1621  2.6369e-05  2.2240e-07  1.9991e-07  1.3471e-07  0:25:24  879
  1622  1.8663e-05  1.8346e-07  2.0348e-07  1.0708e-07  0:26:06  878

 Reversed flow on 2 faces (0.1% area) of pressure-outlet 21.
  1623  1.5632e-05  3.0537e-07  3.0892e-07  1.4600e-07  0:26:39  877

 Reversed flow on 8 faces (0.4% area) of pressure-outlet 21.
  1624  2.4460e-05  3.2288e-07  3.1669e-07  1.7182e-07  0:26:05  876

 Reversed flow on 8 faces (0.3% area) of pressure-outlet 21.
  1625  2.8581e-05  2.6071e-07  2.2517e-07  1.6669e-07  0:24:35  875

 Reversed flow on 1 face (0.0% area) of pressure-outlet 21.
  1626  2.4460e-05  2.1752e-07  2.0118e-07  1.1995e-07  0:24:24  874
  1627  1.6919e-05  1.9980e-07  2.1177e-07  1.1535e-07  0:25:16  873
  1628  1.8663e-05  2.2772e-07  2.2827e-07  1.4469e-07  0:25:57  872

  iter  continuity  x-velocity  y-velocity  z-velocity     time/iter
  1629  2.6993e-05  2.3660e-07  2.0280e-07  1.5994e-07  0:25:30  871
  1630  2.6369e-05  2.2240e-07  1.9991e-07  1.3471e-07  0:25:07  870
  1631  1.8663e-05  1.8346e-07  2.0348e-07  1.0708e-07  0:25:48  869

 Reversed flow on 2 faces (0.1% area) of pressure-outlet 21.
  1632  1.5632e-05  3.0537e-07  3.0892e-07  1.4600e-07  0:26:22  868

 Reversed flow on 8 faces (0.4% area) of pressure-outlet 21.
  1633  2.4460e-05  3.2288e-07  3.1669e-07  1.7182e-07  0:25:48  867

 Reversed flow on 8 faces (0.3% area) of pressure-outlet 21.
  1634  2.8581e-05  2.6071e-07  2.2517e-07  1.6669e-07  0:24:21  866

 Reversed flow on 1 face (0.0% area) of pressure-outlet 21.
  1635  2.4460e-05  2.1752e-07  2.0118e-07  1.1995e-07  0:24:10  865
  1636  1.6919e-05  1.9980e-07  2.1177e-07  1.1535e-07  0:25:01  864
  1637  1.8663e-05  2.2772e-07  2.2827e-07  1.4469e-07  0:25:42  863
  1638  2.6993e-05  2.3660e-07  2.0280e-07  1.5994e-07  0:25:13  862
  1639  2.6369e-05  2.2240e-07  1.9991e-07  1.3471e-07  0:24:51  861

  iter  continuity  x-velocity  y-velocity  z-velocity     time/iter
  1640  1.8663e-05  1.8346e-07  2.0348e-07  1.0708e-07  0:25:32  860

 Reversed flow on 2 faces (0.1% area) of pressure-outlet 21.
  1641  1.5632e-05  3.0537e-07  3.0892e-07  1.4600e-07  0:26:05  859

 Reversed flow on 8 faces (0.4% area) of pressure-outlet 21.
  1642  2.4460e-05  3.2288e-07  3.1669e-07  1.7182e-07  0:25:32  858

 Reversed flow on 8 faces (0.3% area) of pressure-outlet 21.
  1643  2.8581e-05  2.6071e-07  2.2517e-07  1.6669e-07  0:24:05  857

 Reversed flow on 1 face (0.0% area) of pressure-outlet 21.
  1644  2.4460e-05  2.1752e-07  2.0118e-07  1.1995e-07  0:23:55  856
  1645  1.6919e-05  1.9980e-07  2.1177e-07  1.1535e-07  0:24:45  855
  1646  1.8663e-05  2.2772e-07  2.2827e-07  1.4469e-07  0:25:25  854
  1647  2.6993e-05  2.3660e-07  2.0280e-07  1.5994e-07  0:24:57  853
  1648  2.6369e-05  2.2240e-07  1.9991e-07  1.3471e-07  0:24:59  852
  1649  1.8663e-05  1.8346e-07  2.0348e-07  1.0708e-07  0:25:35  851

 Reversed flow on 2 faces (0.1% area) of pressure-outlet 21.
  1650  1.5632e-05  3.0537e-07  3.0892e-07  1.4600e-07  0:26:04  850

 Reversed flow on 8 faces (0.4% area) of pressure-outlet 21.

  iter  continuity  x-velocity  y-velocity  z-velocity     time/iter
  1651  2.4460e-05  3.2288e-07  3.1669e-07  1.7182e-07  0:25:29  849

 Reversed flow on 8 faces (0.3% area) of pressure-outlet 21.
  1652  2.8581e-05  2.6071e-07  2.2517e-07  1.6669e-07  0:24:02  848

 Reversed flow on 1 face (0.0% area) of pressure-outlet 21.
  1653  2.4460e-05  2.1752e-07  2.0118e-07  1.1995e-07  0:23:50  847
  1654  1.6919e-05  1.9980e-07  2.1177e-07  1.1535e-07  0:24:37  846
  1655  1.8663e-05  2.2772e-07  2.2827e-07  1.4469e-07  0:25:15  845
  1656  2.6993e-05  2.3660e-07  2.0280e-07  1.5994e-07  0:24:47  844
  1657  2.6369e-05  2.2240e-07  1.9991e-07  1.3471e-07  0:24:26  843
  1658  1.8663e-05  1.8346e-07  2.0348e-07  1.0708e-07  0:25:05  842

 Reversed flow on 2 faces (0.1% area) of pressure-outlet 21.
  1659  1.5632e-05  3.0537e-07  3.0892e-07  1.4600e-07  0:25:37  841

 Reversed flow on 8 faces (0.4% area) of pressure-outlet 21.
  1660  2.4460e-05  3.2288e-07  3.1669e-07  1.7182e-07  0:25:03  840

 Reversed flow on 8 faces (0.3% area) of pressure-outlet 21.
  1661  2.8581e-05  2.6071e-07  2.2517e-07  1.6669e-07  0:23:42  839

 Reversed flow on 1 face (0.0% area) of pressure-outlet 21.

  iter  continuity  x-velocity  y-velocity  z-velocity     time/iter
  1662  2.4460e-05  2.1752e-07  2.0118e-07  1.1995e-07  0:23:31  838
  1663  1.6919e-05  1.9980e-07  2.1177e-07  1.1535e-07  0:24:19  837
  1664  1.8663e-05  2.2772e-07  2.2827e-07  1.4469e-07  0:24:59  836
  1665  2.6993e-05  2.3660e-07  2.0280e-07  1.5994e-07  0:24:30  835
  1666  2.6369e-05  2.2240e-07  1.9991e-07  1.3471e-07  0:24:08  834
  1667  1.8663e-05  1.8346e-07  2.0348e-07  1.0708e-07  0:24:49  833

 Reversed flow on 2 faces (0.1% area) of pressure-outlet 21.
  1668  1.5632e-05  3.0537e-07  3.0892e-07  1.4600e-07  0:25:20  832

 Reversed flow on 8 faces (0.4% area) of pressure-outlet 21.
  1669  2.4460e-05  3.2288e-07  3.1669e-07  1.7182e-07  0:24:47  831

 Reversed flow on 8 faces (0.3% area) of pressure-outlet 21.
  1670  2.8581e-05  2.6071e-07  2.2517e-07  1.6669e-07  0:23:22  830

 Reversed flow on 1 face (0.0% area) of pressure-outlet 21.
  1671  2.4460e-05  2.1752e-07  2.0118e-07  1.1995e-07  0:23:11  829
  1672  1.6919e-05  1.9980e-07  2.1177e-07  1.1535e-07  0:24:56  828

  iter  continuity  x-velocity  y-velocity  z-velocity     time/iter
  1673  1.8663e-05  2.2772e-07  2.2827e-07  1.4469e-07  0:25:23  827
  1674  2.6993e-05  2.3660e-07  2.0280e-07  1.5994e-07  0:24:48  826
  1675  2.6369e-05  2.2240e-07  1.9991e-07  1.3471e-07  0:24:18  825
  1676  1.8663e-05  1.8346e-07  2.0348e-07  1.0708e-07  0:24:52  824

 Reversed flow on 2 faces (0.1% area) of pressure-outlet 21.
  1677  1.5632e-05  3.0537e-07  3.0892e-07  1.4600e-07  0:25:18  823

 Reversed flow on 8 faces (0.4% area) of pressure-outlet 21.
  1678  2.4460e-05  3.2288e-07  3.1669e-07  1.7182e-07  0:24:42  822

 Reversed flow on 8 faces (0.3% area) of pressure-outlet 21.
  1679  2.8581e-05  2.6071e-07  2.2517e-07  1.6669e-07  0:23:17  821

 Reversed flow on 1 face (0.0% area) of pressure-outlet 21.
  1680  2.4460e-05  2.1752e-07  2.0118e-07  1.1995e-07  0:23:04  820
  1681  1.6919e-05  1.9980e-07  2.1177e-07  1.1535e-07  0:23:51  819
  1682  1.8663e-05  2.2772e-07  2.2827e-07  1.4469e-07  0:24:28  818
  1683  2.6993e-05  2.3660e-07  2.0280e-07  1.5994e-07  0:23:59  817

  iter  continuity  x-velocity  y-velocity  z-velocity     time/iter
  1684  2.6369e-05  2.2240e-07  1.9991e-07  1.3471e-07  0:23:38  816
  1685  1.8663e-05  1.8346e-07  2.0348e-07  1.0708e-07  0:24:17  815

 Reversed flow on 2 faces (0.1% area) of pressure-outlet 21.
  1686  1.5632e-05  3.0537e-07  3.0892e-07  1.4600e-07  0:24:48  814

 Reversed flow on 8 faces (0.4% area) of pressure-outlet 21.
  1687  2.4460e-05  3.2288e-07  3.1669e-07  1.7182e-07  0:24:15  813

 Reversed flow on 8 faces (0.3% area) of pressure-outlet 21.
  1688  2.8581e-05  2.6071e-07  2.2517e-07  1.6669e-07  0:22:52  812

 Reversed flow on 1 face (0.0% area) of pressure-outlet 21.
  1689  2.4460e-05  2.1752e-07  2.0118e-07  1.1995e-07  0:22:41  811
  1690  1.6919e-05  1.9980e-07  2.1177e-07  1.1535e-07  0:23:30  810
  1691  1.8663e-05  2.2772e-07  2.2827e-07  1.4469e-07  0:24:07  809
  1692  2.6993e-05  2.3660e-07  2.0280e-07  1.5994e-07  0:23:41  808
  1693  2.6369e-05  2.2240e-07  1.9991e-07  1.3471e-07  0:23:19  807
  1694  1.8663e-05  1.8346e-07  2.0348e-07  1.0708e-07  0:23:59  806

 Reversed flow on 2 faces (0.1% area) of pressure-outlet 21.

  iter  continuity  x-velocity  y-velocity  z-velocity     time/iter
  1695  1.5632e-05  3.0537e-07  3.0892e-07  1.4600e-07  0:24:29  805

 Reversed flow on 8 faces (0.4% area) of pressure-outlet 21.
  1696  2.4460e-05  3.2288e-07  3.1669e-07  1.7182e-07  0:23:57  804

 Reversed flow on 8 faces (0.3% area) of pressure-outlet 21.
  1697  2.8581e-05  2.6071e-07  2.2517e-07  1.6669e-07  0:22:35  803

 Reversed flow on 1 face (0.0% area) of pressure-outlet 21.
  1698  2.4460e-05  2.1752e-07  2.0118e-07  1.1995e-07  0:22:26  802
  1699  1.6919e-05  1.9980e-07  2.1177e-07  1.1535e-07  0:23:13  801
  1700  1.8663e-05  2.2772e-07  2.2827e-07  1.4469e-07  0:23:49  800
  1701  2.6993e-05  2.3660e-07  2.0280e-07  1.5994e-07  0:23:23  799
  1702  2.6369e-05  2.2240e-07  1.9991e-07  1.3471e-07  0:23:03  798
  1703  1.8663e-05  1.8346e-07  2.0348e-07  1.0708e-07  0:23:42  797

 Reversed flow on 2 faces (0.1% area) of pressure-outlet 21.
  1704  1.5632e-05  3.0537e-07  3.0892e-07  1.4600e-07  0:24:12  796

 Reversed flow on 8 faces (0.4% area) of pressure-outlet 21.
  1705  2.4460e-05  3.2288e-07  3.1669e-07  1.7182e-07  0:23:40  795

 Reversed flow on 8 faces (0.3% area) of pressure-outlet 21.

  iter  continuity  x-velocity  y-velocity  z-velocity     time/iter
  1706  2.8581e-05  2.6071e-07  2.2517e-07  1.6669e-07  0:22:19  794

 Reversed flow on 1 face (0.0% area) of pressure-outlet 21.
  1707  2.4460e-05  2.1752e-07  2.0118e-07  1.1995e-07  0:22:10  793
  1708  1.6919e-05  1.9980e-07  2.1177e-07  1.1535e-07  0:22:57  792
  1709  1.8663e-05  2.2772e-07  2.2827e-07  1.4469e-07  0:23:35  791
  1710  2.6993e-05  2.3660e-07  2.0280e-07  1.5994e-07  0:23:09  790
  1711  2.6369e-05  2.2240e-07  1.9991e-07  1.3471e-07  0:22:48  789
  1712  1.8663e-05  1.8346e-07  2.0348e-07  1.0708e-07  0:23:26  788

 Reversed flow on 2 faces (0.1% area) of pressure-outlet 21.
  1713  1.5632e-05  3.0537e-07  3.0892e-07  1.4600e-07  0:23:56  787

 Reversed flow on 8 faces (0.4% area) of pressure-outlet 21.
  1714  2.4460e-05  3.2288e-07  3.1669e-07  1.7182e-07  0:23:24  786

 Reversed flow on 8 faces (0.3% area) of pressure-outlet 21.
  1715  2.8581e-05  2.6071e-07  2.2517e-07  1.6669e-07  0:22:19  785

 Reversed flow on 1 face (0.0% area) of pressure-outlet 21.
  1716  2.4460e-05  2.1752e-07  2.0118e-07  1.1995e-07  0:22:26  784

  iter  continuity  x-velocity  y-velocity  z-velocity     time/iter
  1717  1.6919e-05  1.9980e-07  2.1177e-07  1.1535e-07  0:23:06  783
  1718  1.8663e-05  2.2772e-07  2.2827e-07  1.4469e-07  0:23:37  782
  1719  2.6993e-05  2.3660e-07  2.0280e-07  1.5994e-07  0:23:09  781
  1720  2.6369e-05  2.2240e-07  1.9991e-07  1.3471e-07  0:22:45  780
  1721  1.8663e-05  1.8346e-07  2.0348e-07  1.0708e-07  0:23:20  779

 Reversed flow on 2 faces (0.1% area) of pressure-outlet 21.
  1722  1.5632e-05  3.0537e-07  3.0892e-07  1.4600e-07  0:23:48  778

 Reversed flow on 8 faces (0.4% area) of pressure-outlet 21.
  1723  2.4460e-05  3.2288e-07  3.1669e-07  1.7182e-07  0:23:15  777

 Reversed flow on 8 faces (0.3% area) of pressure-outlet 21.
  1724  2.8581e-05  2.6071e-07  2.2517e-07  1.6669e-07  0:21:55  776

 Reversed flow on 1 face (0.0% area) of pressure-outlet 21.
  1725  2.4460e-05  2.1752e-07  2.0118e-07  1.1995e-07  0:21:46  775
  1726  1.6919e-05  1.9980e-07  2.1177e-07  1.1535e-07  0:22:31  774
  1727  1.8663e-05  2.2772e-07  2.2827e-07  1.4469e-07  0:23:06  773

  iter  continuity  x-velocity  y-velocity  z-velocity     time/iter
  1728  2.6993e-05  2.3660e-07  2.0280e-07  1.5994e-07  0:22:40  772
  1729  2.6369e-05  2.2240e-07  1.9991e-07  1.3471e-07  0:22:19  771
  1730  1.8663e-05  1.8346e-07  2.0348e-07  1.0708e-07  0:22:55  770

 Reversed flow on 2 faces (0.1% area) of pressure-outlet 21.
  1731  1.5632e-05  3.0537e-07  3.0892e-07  1.4600e-07  0:23:24  769

 Reversed flow on 8 faces (0.4% area) of pressure-outlet 21.
  1732  2.4460e-05  3.2288e-07  3.1669e-07  1.7182e-07  0:22:54  768

 Reversed flow on 8 faces (0.3% area) of pressure-outlet 21.
  1733  2.8581e-05  2.6071e-07  2.2517e-07  1.6669e-07  0:21:36  767

 Reversed flow on 1 face (0.0% area) of pressure-outlet 21.
  1734  2.4460e-05  2.1752e-07  2.0118e-07  1.1995e-07  0:21:26  766
  1735  1.6919e-05  1.9980e-07  2.1177e-07  1.1535e-07  0:22:10  765
  1736  1.8663e-05  2.2772e-07  2.2827e-07  1.4469e-07  0:22:47  764
  1737  2.6993e-05  2.3660e-07  2.0280e-07  1.5994e-07  0:22:22  763
  1738  2.6369e-05  2.2240e-07  1.9991e-07  1.3471e-07  0:22:02  762

  iter  continuity  x-velocity  y-velocity  z-velocity     time/iter
  1739  1.8663e-05  1.8346e-07  2.0348e-07  1.0708e-07  0:22:39  761

 Reversed flow on 2 faces (0.1% area) of pressure-outlet 21.
  1740  1.5632e-05  3.0537e-07  3.0892e-07  1.4600e-07  0:23:08  760

 Reversed flow on 8 faces (0.4% area) of pressure-outlet 21.
  1741  2.4460e-05  3.2288e-07  3.1669e-07  1.7182e-07  0:22:37  759

 Reversed flow on 8 faces (0.3% area) of pressure-outlet 21.
  1742  2.8581e-05  2.6071e-07  2.2517e-07  1.6669e-07  0:21:20  758

 Reversed flow on 1 face (0.0% area) of pressure-outlet 21.
  1743  2.4460e-05  2.1752e-07  2.0118e-07  1.1995e-07  0:21:10  757
  1744  1.6919e-05  1.9980e-07  2.1177e-07  1.1535e-07  0:21:55  756
  1745  1.8663e-05  2.2772e-07  2.2827e-07  1.4469e-07  0:22:31  755
  1746  2.6993e-05  2.3660e-07  2.0280e-07  1.5994e-07  0:22:05  754
  1747  2.6369e-05  2.2240e-07  1.9991e-07  1.3471e-07  0:21:45  753
  1748  1.8663e-05  1.8346e-07  2.0348e-07  1.0708e-07  0:22:20  752

 Reversed flow on 2 faces (0.1% area) of pressure-outlet 21.
  1749  1.5632e-05  3.0537e-07  3.0892e-07  1.4600e-07  0:22:50  751

 Reversed flow on 8 faces (0.4% area) of pressure-outlet 21.

  iter  continuity  x-velocity  y-velocity  z-velocity     time/iter
  1750  2.4460e-05  3.2288e-07  3.1669e-07  1.7182e-07  0:22:20  750

 Reversed flow on 8 faces (0.3% area) of pressure-outlet 21.
  1751  2.8581e-05  2.6071e-07  2.2517e-07  1.6669e-07  0:21:04  749

 Reversed flow on 1 face (0.0% area) of pressure-outlet 21.
  1752  2.4460e-05  2.1752e-07  2.0118e-07  1.1995e-07  0:20:54  748
  1753  1.6919e-05  1.9980e-07  2.1177e-07  1.1535e-07  0:21:42  747
  1754  1.8663e-05  2.2772e-07  2.2827e-07  1.4469e-07  0:22:19  746
  1755  2.6993e-05  2.3660e-07  2.0280e-07  1.5994e-07  0:21:53  745
  1756  2.6369e-05  2.2240e-07  1.9991e-07  1.3471e-07  0:21:32  744
  1757  1.8663e-05  1.8346e-07  2.0348e-07  1.0708e-07  0:22:08  743

 Reversed flow on 2 faces (0.1% area) of pressure-outlet 21.
  1758  1.5632e-05  3.0537e-07  3.0892e-07  1.4600e-07  0:22:36  742

 Reversed flow on 8 faces (0.4% area) of pressure-outlet 21.
  1759  2.4460e-05  3.2288e-07  3.1669e-07  1.7182e-07  0:22:06  741

 Reversed flow on 8 faces (0.3% area) of pressure-outlet 21.
  1760  2.8581e-05  2.6071e-07  2.2517e-07  1.6669e-07  0:20:50  740

 Reversed flow on 1 face (0.0% area) of pressure-outlet 21.

  iter  continuity  x-velocity  y-velocity  z-velocity     time/iter
  1761  2.4460e-05  2.1752e-07  2.0118e-07  1.1995e-07  0:20:42  739
  1762  1.6919e-05  1.9980e-07  2.1177e-07  1.1535e-07  0:21:28  738
  1763  1.8663e-05  2.2772e-07  2.2827e-07  1.4469e-07  0:22:01  737
  1764  2.6993e-05  2.3660e-07  2.0280e-07  1.5994e-07  0:21:36  736
  1765  2.6369e-05  2.2240e-07  1.9991e-07  1.3471e-07  0:21:16  735
  1766  1.8663e-05  1.8346e-07  2.0348e-07  1.0708e-07  0:21:50  734

 Reversed flow on 2 faces (0.1% area) of pressure-outlet 21.
  1767  1.5632e-05  3.0537e-07  3.0892e-07  1.4600e-07  0:22:17  733

 Reversed flow on 8 faces (0.4% area) of pressure-outlet 21.
  1768  2.4460e-05  3.2288e-07  3.1669e-07  1.7182e-07  0:21:48  732

 Reversed flow on 8 faces (0.3% area) of pressure-outlet 21.
  1769  2.8581e-05  2.6071e-07  2.2517e-07  1.6669e-07  0:20:34  731

 Reversed flow on 1 face (0.0% area) of pressure-outlet 21.
  1770  2.4460e-05  2.1752e-07  2.0118e-07  1.1995e-07  0:20:24  730
  1771  1.6919e-05  1.9980e-07  2.1177e-07  1.1535e-07  0:21:09  729

  iter  continuity  x-velocity  y-velocity  z-velocity     time/iter
  1772  1.8663e-05  2.2772e-07  2.2827e-07  1.4469e-07  0:21:43  728
  1773  2.6993e-05  2.3660e-07  2.0280e-07  1.5994e-07  0:21:20  727
  1774  2.6369e-05  2.2240e-07  1.9991e-07  1.3471e-07  0:21:00  726
  1775  1.8663e-05  1.8346e-07  2.0348e-07  1.0708e-07  0:21:35  725

 Reversed flow on 2 faces (0.1% area) of pressure-outlet 21.
  1776  1.5632e-05  3.0537e-07  3.0892e-07  1.4600e-07  0:22:01  724

 Reversed flow on 8 faces (0.4% area) of pressure-outlet 21.
  1777  2.4460e-05  3.2288e-07  3.1669e-07  1.7182e-07  0:21:32  723

 Reversed flow on 8 faces (0.3% area) of pressure-outlet 21.
  1778  2.8581e-05  2.6071e-07  2.2517e-07  1.6669e-07  0:20:18  722

 Reversed flow on 1 face (0.0% area) of pressure-outlet 21.
  1779  2.4460e-05  2.1752e-07  2.0118e-07  1.1995e-07  0:20:09  721
  1780  1.6919e-05  1.9980e-07  2.1177e-07  1.1535e-07  0:20:52  720
  1781  1.8663e-05  2.2772e-07  2.2827e-07  1.4469e-07  0:21:25  719
  1782  2.6993e-05  2.3660e-07  2.0280e-07  1.5994e-07  0:21:02  718

  iter  continuity  x-velocity  y-velocity  z-velocity     time/iter
  1783  2.6369e-05  2.2240e-07  1.9991e-07  1.3471e-07  0:20:42  717
  1784  1.8663e-05  1.8346e-07  2.0348e-07  1.0708e-07  0:21:17  716

 Reversed flow on 2 faces (0.1% area) of pressure-outlet 21.
  1785  1.5632e-05  3.0537e-07  3.0892e-07  1.4600e-07  0:21:43  715

 Reversed flow on 8 faces (0.4% area) of pressure-outlet 21.
  1786  2.4460e-05  3.2288e-07  3.1669e-07  1.7182e-07  0:21:15  714

 Reversed flow on 8 faces (0.3% area) of pressure-outlet 21.
  1787  2.8581e-05  2.6071e-07  2.2517e-07  1.6669e-07  0:20:04  713

 Reversed flow on 1 face (0.0% area) of pressure-outlet 21.
  1788  2.4460e-05  2.1752e-07  2.0118e-07  1.1995e-07  0:19:55  712
  1789  1.6919e-05  1.9980e-07  2.1177e-07  1.1535e-07  0:20:37  711
  1790  1.8663e-05  2.2772e-07  2.2827e-07  1.4469e-07  0:21:10  710
  1791  2.6993e-05  2.3660e-07  2.0280e-07  1.5994e-07  0:20:47  709
  1792  2.6369e-05  2.2240e-07  1.9991e-07  1.3471e-07  0:20:28  708
  1793  1.8663e-05  1.8346e-07  2.0348e-07  1.0708e-07  0:21:01  707

 Reversed flow on 2 faces (0.1% area) of pressure-outlet 21.

  iter  continuity  x-velocity  y-velocity  z-velocity     time/iter
  1794  1.5632e-05  3.0537e-07  3.0892e-07  1.4600e-07  0:21:28  706

 Reversed flow on 8 faces (0.4% area) of pressure-outlet 21.
  1795  2.4460e-05  3.2288e-07  3.1669e-07  1.7182e-07  0:21:00  705

 Reversed flow on 8 faces (0.3% area) of pressure-outlet 21.
  1796  2.8581e-05  2.6071e-07  2.2517e-07  1.6669e-07  0:19:50  704

 Reversed flow on 1 face (0.0% area) of pressure-outlet 21.
  1797  2.4460e-05  2.1752e-07  2.0118e-07  1.1995e-07  0:19:40  703
  1798  1.6919e-05  1.9980e-07  2.1177e-07  1.1535e-07  0:20:23  702
  1799  1.8663e-05  2.2772e-07  2.2827e-07  1.4469e-07  0:20:55  701
  1800  2.6993e-05  2.3660e-07  2.0280e-07  1.5994e-07  0:20:31  700
  1801  2.6369e-05  2.2240e-07  1.9991e-07  1.3471e-07  0:20:12  699
  1802  1.8663e-05  1.8346e-07  2.0348e-07  1.0708e-07  0:20:45  698

 Reversed flow on 2 faces (0.1% area) of pressure-outlet 21.
  1803  1.5632e-05  3.0537e-07  3.0892e-07  1.4600e-07  0:21:11  697

 Reversed flow on 8 faces (0.4% area) of pressure-outlet 21.
  1804  2.4460e-05  3.2288e-07  3.1669e-07  1.7182e-07  0:20:43  696

 Reversed flow on 8 faces (0.3% area) of pressure-outlet 21.

  iter  continuity  x-velocity  y-velocity  z-velocity     time/iter
  1805  2.8581e-05  2.6071e-07  2.2517e-07  1.6669e-07  0:19:32  695

 Reversed flow on 1 face (0.0% area) of pressure-outlet 21.
  1806  2.4460e-05  2.1752e-07  2.0118e-07  1.1995e-07  0:19:24  694
  1807  1.6919e-05  1.9980e-07  2.1177e-07  1.1535e-07  0:20:05  693
  1808  1.8663e-05  2.2772e-07  2.2827e-07  1.4469e-07  0:20:37  692
  1809  2.6993e-05  2.3660e-07  2.0280e-07  1.5994e-07  0:20:14  691
  1810  2.6369e-05  2.2240e-07  1.9991e-07  1.3471e-07  0:19:57  690
  1811  1.8663e-05  1.8346e-07  2.0348e-07  1.0708e-07  0:20:29  689

 Reversed flow on 2 faces (0.1% area) of pressure-outlet 21.
  1812  1.5632e-05  3.0537e-07  3.0892e-07  1.4600e-07  0:20:55  688

 Reversed flow on 8 faces (0.4% area) of pressure-outlet 21.
  1813  2.4460e-05  3.2288e-07  3.1669e-07  1.7182e-07  0:20:27  687

 Reversed flow on 8 faces (0.3% area) of pressure-outlet 21.
  1814  2.8581e-05  2.6071e-07  2.2517e-07  1.6669e-07  0:19:18  686

 Reversed flow on 1 face (0.0% area) of pressure-outlet 21.
  1815  2.4460e-05  2.1752e-07  2.0118e-07  1.1995e-07  0:19:09  685

  iter  continuity  x-velocity  y-velocity  z-velocity     time/iter
  1816  1.6919e-05  1.9980e-07  2.1177e-07  1.1535e-07  0:19:49  684
  1817  1.8663e-05  2.2772e-07  2.2827e-07  1.4469e-07  0:20:20  683
  1818  2.6993e-05  2.3660e-07  2.0280e-07  1.5994e-07  0:19:58  682
  1819  2.6369e-05  2.2240e-07  1.9991e-07  1.3471e-07  0:19:39  681
  1820  1.8663e-05  1.8346e-07  2.0348e-07  1.0708e-07  0:20:12  680

 Reversed flow on 2 faces (0.1% area) of pressure-outlet 21.
  1821  1.5632e-05  3.0537e-07  3.0892e-07  1.4600e-07  0:20:38  679

 Reversed flow on 8 faces (0.4% area) of pressure-outlet 21.
  1822  2.4460e-05  3.2288e-07  3.1669e-07  1.7182e-07  0:20:11  678

 Reversed flow on 8 faces (0.3% area) of pressure-outlet 21.
  1823  2.8581e-05  2.6071e-07  2.2517e-07  1.6669e-07  0:19:02  677

 Reversed flow on 1 face (0.0% area) of pressure-outlet 21.
  1824  2.4460e-05  2.1752e-07  2.0118e-07  1.1995e-07  0:18:53  676
  1825  1.6919e-05  1.9980e-07  2.1177e-07  1.1535e-07  0:19:33  675
  1826  1.8663e-05  2.2772e-07  2.2827e-07  1.4469e-07  0:20:05  674

  iter  continuity  x-velocity  y-velocity  z-velocity     time/iter
  1827  2.6993e-05  2.3660e-07  2.0280e-07  1.5994e-07  0:19:42  673
  1828  2.6369e-05  2.2240e-07  1.9991e-07  1.3471e-07  0:19:26  672
  1829  1.8663e-05  1.8346e-07  2.0348e-07  1.0708e-07  0:20:44  671

 Reversed flow on 2 faces (0.1% area) of pressure-outlet 21.
  1830  1.5632e-05  3.0537e-07  3.0892e-07  1.4600e-07  0:21:00  670

 Reversed flow on 8 faces (0.4% area) of pressure-outlet 21.
  1831  2.4460e-05  3.2288e-07  3.1669e-07  1.7182e-07  0:20:25  669

 Reversed flow on 8 faces (0.3% area) of pressure-outlet 21.
  1832  2.8581e-05  2.6071e-07  2.2517e-07  1.6669e-07  0:19:11  668

 Reversed flow on 1 face (0.0% area) of pressure-outlet 21.
  1833  2.4460e-05  2.1752e-07  2.0118e-07  1.1995e-07  0:18:58  667
  1834  1.6919e-05  1.9980e-07  2.1177e-07  1.1535e-07  0:19:34  666
  1835  1.8663e-05  2.2772e-07  2.2827e-07  1.4469e-07  0:20:01  665
  1836  2.6993e-05  2.3660e-07  2.0280e-07  1.5994e-07  0:19:37  664
  1837  2.6369e-05  2.2240e-07  1.9991e-07  1.3471e-07  0:19:18  663

  iter  continuity  x-velocity  y-velocity  z-velocity     time/iter
  1838  1.8663e-05  1.8346e-07  2.0348e-07  1.0708e-07  0:19:49  662

 Reversed flow on 2 faces (0.1% area) of pressure-outlet 21.
  1839  1.5632e-05  3.0537e-07  3.0892e-07  1.4600e-07  0:20:12  661

 Reversed flow on 8 faces (0.4% area) of pressure-outlet 21.
  1840  2.4460e-05  3.2288e-07  3.1669e-07  1.7182e-07  0:19:53  660

 Reversed flow on 8 faces (0.3% area) of pressure-outlet 21.
  1841  2.8581e-05  2.6071e-07  2.2517e-07  1.6669e-07  0:18:42  659

 Reversed flow on 1 face (0.0% area) of pressure-outlet 21.
  1842  2.4460e-05  2.1752e-07  2.0118e-07  1.1995e-07  0:18:32  658
  1843  1.6919e-05  1.9980e-07  2.1177e-07  1.1535e-07  0:19:11  657
  1844  1.8663e-05  2.2772e-07  2.2827e-07  1.4469e-07  0:19:39  656
  1845  2.6993e-05  2.3660e-07  2.0280e-07  1.5994e-07  0:19:18  655
  1846  2.6369e-05  2.2240e-07  1.9991e-07  1.3471e-07  0:19:00  654
  1847  1.8663e-05  1.8346e-07  2.0348e-07  1.0708e-07  0:19:29  653

 Reversed flow on 2 faces (0.1% area) of pressure-outlet 21.
  1848  1.5632e-05  3.0537e-07  3.0892e-07  1.4600e-07  0:19:53  652

 Reversed flow on 8 faces (0.4% area) of pressure-outlet 21.

  iter  continuity  x-velocity  y-velocity  z-velocity     time/iter
  1849  2.4460e-05  3.2288e-07  3.1669e-07  1.7182e-07  0:19:25  651

 Reversed flow on 8 faces (0.3% area) of pressure-outlet 21.
  1850  2.8581e-05  2.6071e-07  2.2517e-07  1.6669e-07  0:18:19  650

 Reversed flow on 1 face (0.0% area) of pressure-outlet 21.
  1851  2.4460e-05  2.1752e-07  2.0118e-07  1.1995e-07  0:18:10  649
  1852  1.6919e-05  1.9980e-07  2.1177e-07  1.1535e-07  0:18:48  648
  1853  1.8663e-05  2.2772e-07  2.2827e-07  1.4469e-07  0:19:17  647
  1854  2.6993e-05  2.3660e-07  2.0280e-07  1.5994e-07  0:18:56  646
  1855  2.6369e-05  2.2240e-07  1.9991e-07  1.3471e-07  0:18:39  645
  1856  1.8663e-05  1.8346e-07  2.0348e-07  1.0708e-07  0:19:09  644

 Reversed flow on 2 faces (0.1% area) of pressure-outlet 21.
  1857  1.5632e-05  3.0537e-07  3.0892e-07  1.4600e-07  0:19:33  643

 Reversed flow on 8 faces (0.4% area) of pressure-outlet 21.
  1858  2.4460e-05  3.2288e-07  3.1669e-07  1.7182e-07  0:19:07  642

 Reversed flow on 8 faces (0.3% area) of pressure-outlet 21.
  1859  2.8581e-05  2.6071e-07  2.2517e-07  1.6669e-07  0:18:01  641

 Reversed flow on 1 face (0.0% area) of pressure-outlet 21.

  iter  continuity  x-velocity  y-velocity  z-velocity     time/iter
  1860  2.4460e-05  2.1752e-07  2.0118e-07  1.1995e-07  0:17:52  640
  1861  1.6919e-05  1.9980e-07  2.1177e-07  1.1535e-07  0:18:31  639
  1862  1.8663e-05  2.2772e-07  2.2827e-07  1.4469e-07  0:19:01  638
  1863  2.6993e-05  2.3660e-07  2.0280e-07  1.5994e-07  0:18:40  637
  1864  2.6369e-05  2.2240e-07  1.9991e-07  1.3471e-07  0:18:24  636
  1865  1.8663e-05  1.8346e-07  2.0348e-07  1.0708e-07  0:18:54  635

 Reversed flow on 2 faces (0.1% area) of pressure-outlet 21.
  1866  1.5632e-05  3.0537e-07  3.0892e-07  1.4600e-07  0:19:17  634

 Reversed flow on 8 faces (0.4% area) of pressure-outlet 21.
  1867  2.4460e-05  3.2288e-07  3.1669e-07  1.7182e-07  0:18:51  633

 Reversed flow on 8 faces (0.3% area) of pressure-outlet 21.
  1868  2.8581e-05  2.6071e-07  2.2517e-07  1.6669e-07  0:17:47  632

 Reversed flow on 1 face (0.0% area) of pressure-outlet 21.
  1869  2.4460e-05  2.1752e-07  2.0118e-07  1.1995e-07  0:17:39  631
  1870  1.6919e-05  1.9980e-07  2.1177e-07  1.1535e-07  0:18:16  630

  iter  continuity  x-velocity  y-velocity  z-velocity     time/iter
  1871  1.8663e-05  2.2772e-07  2.2827e-07  1.4469e-07  0:19:03  629
  1872  2.6993e-05  2.3660e-07  2.0280e-07  1.5994e-07  0:18:38  628
  1873  2.6369e-05  2.2240e-07  1.9991e-07  1.3471e-07  0:18:19  627
  1874  1.8663e-05  1.8346e-07  2.0348e-07  1.0708e-07  0:18:46  626

 Reversed flow on 2 faces (0.1% area) of pressure-outlet 21.
  1875  1.5632e-05  3.0537e-07  3.0892e-07  1.4600e-07  0:19:07  625

 Reversed flow on 8 faces (0.4% area) of pressure-outlet 21.
  1876  2.4460e-05  3.2288e-07  3.1669e-07  1.7182e-07  0:18:41  624

 Reversed flow on 8 faces (0.3% area) of pressure-outlet 21.
  1877  2.8581e-05  2.6071e-07  2.2517e-07  1.6669e-07  0:17:36  623

 Reversed flow on 1 face (0.0% area) of pressure-outlet 21.
  1878  2.4460e-05  2.1752e-07  2.0118e-07  1.1995e-07  0:17:27  622
  1879  1.6919e-05  1.9980e-07  2.1177e-07  1.1535e-07  0:18:03  621
  1880  1.8663e-05  2.2772e-07  2.2827e-07  1.4469e-07  0:18:32  620
  1881  2.6993e-05  2.3660e-07  2.0280e-07  1.5994e-07  0:18:11  619

  iter  continuity  x-velocity  y-velocity  z-velocity     time/iter
  1882  2.6369e-05  2.2240e-07  1.9991e-07  1.3471e-07  0:17:54  618
  1883  1.8663e-05  1.8346e-07  2.0348e-07  1.0708e-07  0:18:23  617

 Reversed flow on 2 faces (0.1% area) of pressure-outlet 21.
  1884  1.5632e-05  3.0537e-07  3.0892e-07  1.4600e-07  0:18:46  616

 Reversed flow on 8 faces (0.4% area) of pressure-outlet 21.
  1885  2.4460e-05  3.2288e-07  3.1669e-07  1.7182e-07  0:18:20  615

 Reversed flow on 8 faces (0.3% area) of pressure-outlet 21.
  1886  2.8581e-05  2.6071e-07  2.2517e-07  1.6669e-07  0:17:17  614

 Reversed flow on 1 face (0.0% area) of pressure-outlet 21.
  1887  2.4460e-05  2.1752e-07  2.0118e-07  1.1995e-07  0:17:09  613
  1888  1.6919e-05  1.9980e-07  2.1177e-07  1.1535e-07  0:17:44  612
  1889  1.8663e-05  2.2772e-07  2.2827e-07  1.4469e-07  0:18:13  611
  1890  2.6993e-05  2.3660e-07  2.0280e-07  1.5994e-07  0:17:54  610
  1891  2.6369e-05  2.2240e-07  1.9991e-07  1.3471e-07  0:17:37  609
  1892  1.8663e-05  1.8346e-07  2.0348e-07  1.0708e-07  0:18:06  608

 Reversed flow on 2 faces (0.1% area) of pressure-outlet 21.

  iter  continuity  x-velocity  y-velocity  z-velocity     time/iter
  1893  1.5632e-05  3.0537e-07  3.0892e-07  1.4600e-07  0:18:28  607

 Reversed flow on 8 faces (0.4% area) of pressure-outlet 21.
  1894  2.4460e-05  3.2288e-07  3.1669e-07  1.7182e-07  0:18:04  606

 Reversed flow on 8 faces (0.3% area) of pressure-outlet 21.
  1895  2.8581e-05  2.6071e-07  2.2517e-07  1.6669e-07  0:17:02  605

 Reversed flow on 1 face (0.0% area) of pressure-outlet 21.
  1896  2.4460e-05  2.1752e-07  2.0118e-07  1.1995e-07  0:16:54  604
  1897  1.6919e-05  1.9980e-07  2.1177e-07  1.1535e-07  0:17:30  603
  1898  1.8663e-05  2.2772e-07  2.2827e-07  1.4469e-07  0:17:58  602
  1899  2.6993e-05  2.3660e-07  2.0280e-07  1.5994e-07  0:17:38  601
  1900  2.6369e-05  2.2240e-07  1.9991e-07  1.3471e-07  0:17:22  600
  1901  1.8663e-05  1.8346e-07  2.0348e-07  1.0708e-07  0:17:49  599

 Reversed flow on 2 faces (0.1% area) of pressure-outlet 21.
  1902  1.5632e-05  3.0537e-07  3.0892e-07  1.4600e-07  0:18:11  598

 Reversed flow on 8 faces (0.4% area) of pressure-outlet 21.
  1903  2.4460e-05  3.2288e-07  3.1669e-07  1.7182e-07  0:17:46  597

 Reversed flow on 8 faces (0.3% area) of pressure-outlet 21.

  iter  continuity  x-velocity  y-velocity  z-velocity     time/iter
  1904  2.8581e-05  2.6071e-07  2.2517e-07  1.6669e-07  0:16:45  596

 Reversed flow on 1 face (0.0% area) of pressure-outlet 21.
  1905  2.4460e-05  2.1752e-07  2.0118e-07  1.1995e-07  0:16:37  595
  1906  1.6919e-05  1.9980e-07  2.1177e-07  1.1535e-07  0:17:13  594
  1907  1.8663e-05  2.2772e-07  2.2827e-07  1.4469e-07  0:17:42  593
  1908  2.6993e-05  2.3660e-07  2.0280e-07  1.5994e-07  0:17:22  592
  1909  2.6369e-05  2.2240e-07  1.9991e-07  1.3471e-07  0:17:06  591
  1910  1.8663e-05  1.8346e-07  2.0348e-07  1.0708e-07  0:17:34  590

 Reversed flow on 2 faces (0.1% area) of pressure-outlet 21.
  1911  1.5632e-05  3.0537e-07  3.0892e-07  1.4600e-07  0:17:55  589

 Reversed flow on 8 faces (0.4% area) of pressure-outlet 21.
  1912  2.4460e-05  3.2288e-07  3.1669e-07  1.7182e-07  0:17:32  588

 Reversed flow on 8 faces (0.3% area) of pressure-outlet 21.
  1913  2.8581e-05  2.6071e-07  2.2517e-07  1.6669e-07  0:16:32  587

 Reversed flow on 1 face (0.0% area) of pressure-outlet 21.
  1914  2.4460e-05  2.1752e-07  2.0118e-07  1.1995e-07  0:16:24  586

  iter  continuity  x-velocity  y-velocity  z-velocity     time/iter
  1915  1.6919e-05  1.9980e-07  2.1177e-07  1.1535e-07  0:16:58  585
  1916  1.8663e-05  2.2772e-07  2.2827e-07  1.4469e-07  0:17:25  584
  1917  2.6993e-05  2.3660e-07  2.0280e-07  1.5994e-07  0:17:06  583
  1918  2.6369e-05  2.2240e-07  1.9991e-07  1.3471e-07  0:16:50  582
  1919  1.8663e-05  1.8346e-07  2.0348e-07  1.0708e-07  0:17:17  581

 Reversed flow on 2 faces (0.1% area) of pressure-outlet 21.
  1920  1.5632e-05  3.0537e-07  3.0892e-07  1.4600e-07  0:17:39  580

 Reversed flow on 8 faces (0.4% area) of pressure-outlet 21.
  1921  2.4460e-05  3.2288e-07  3.1669e-07  1.7182e-07  0:17:14  579

 Reversed flow on 8 faces (0.3% area) of pressure-outlet 21.
  1922  2.8581e-05  2.6071e-07  2.2517e-07  1.6669e-07  0:16:16  578

 Reversed flow on 1 face (0.0% area) of pressure-outlet 21.
  1923  2.4460e-05  2.1752e-07  2.0118e-07  1.1995e-07  0:16:08  577
  1924  1.6919e-05  1.9980e-07  2.1177e-07  1.1535e-07  0:16:42  576
  1925  1.8663e-05  2.2772e-07  2.2827e-07  1.4469e-07  0:17:08  575

  iter  continuity  x-velocity  y-velocity  z-velocity     time/iter
  1926  2.6993e-05  2.3660e-07  2.0280e-07  1.5994e-07  0:16:49  574
  1927  2.6369e-05  2.2240e-07  1.9991e-07  1.3471e-07  0:16:33  573
  1928  1.8663e-05  1.8346e-07  2.0348e-07  1.0708e-07  0:17:00  572

 Reversed flow on 2 faces (0.1% area) of pressure-outlet 21.
  1929  1.5632e-05  3.0537e-07  3.0892e-07  1.4600e-07  0:17:21  571

 Reversed flow on 8 faces (0.4% area) of pressure-outlet 21.
  1930  2.4460e-05  3.2288e-07  3.1669e-07  1.7182e-07  0:16:58  570

 Reversed flow on 8 faces (0.3% area) of pressure-outlet 21.
  1931  2.8581e-05  2.6071e-07  2.2517e-07  1.6669e-07  0:15:59  569

 Reversed flow on 1 face (0.0% area) of pressure-outlet 21.
  1932  2.4460e-05  2.1752e-07  2.0118e-07  1.1995e-07  0:15:53  568
  1933  1.6919e-05  1.9980e-07  2.1177e-07  1.1535e-07  0:16:33  567
  1934  1.8663e-05  2.2772e-07  2.2827e-07  1.4469e-07  0:16:59  566
  1935  2.6993e-05  2.3660e-07  2.0280e-07  1.5994e-07  0:16:39  565
  1936  2.6369e-05  2.2240e-07  1.9991e-07  1.3471e-07  0:16:23  564

  iter  continuity  x-velocity  y-velocity  z-velocity     time/iter
  1937  1.8663e-05  1.8346e-07  2.0348e-07  1.0708e-07  0:16:48  563

 Reversed flow on 2 faces (0.1% area) of pressure-outlet 21.
  1938  1.5632e-05  3.0537e-07  3.0892e-07  1.4600e-07  0:17:08  562

 Reversed flow on 8 faces (0.4% area) of pressure-outlet 21.
  1939  2.4460e-05  3.2288e-07  3.1669e-07  1.7182e-07  0:16:45  561

 Reversed flow on 8 faces (0.3% area) of pressure-outlet 21.
  1940  2.8581e-05  2.6071e-07  2.2517e-07  1.6669e-07  0:15:46  560

 Reversed flow on 1 face (0.0% area) of pressure-outlet 21.
  1941  2.4460e-05  2.1752e-07  2.0118e-07  1.1995e-07  0:15:39  559
  1942  1.6919e-05  1.9980e-07  2.1177e-07  1.1535e-07  0:16:11  558
  1943  1.8663e-05  2.2772e-07  2.2827e-07  1.4469e-07  0:16:36  557
  1944  2.6993e-05  2.3660e-07  2.0280e-07  1.5994e-07  0:16:17  556
  1945  2.6369e-05  2.2240e-07  1.9991e-07  1.3471e-07  0:16:02  555
  1946  1.8663e-05  1.8346e-07  2.0348e-07  1.0708e-07  0:16:27  554

 Reversed flow on 2 faces (0.1% area) of pressure-outlet 21.
  1947  1.5632e-05  3.0537e-07  3.0892e-07  1.4600e-07  0:16:48  553

 Reversed flow on 8 faces (0.4% area) of pressure-outlet 21.

  iter  continuity  x-velocity  y-velocity  z-velocity     time/iter
  1948  2.4460e-05  3.2288e-07  3.1669e-07  1.7182e-07  0:16:26  552

 Reversed flow on 8 faces (0.3% area) of pressure-outlet 21.
  1949  2.8581e-05  2.6071e-07  2.2517e-07  1.6669e-07  0:15:29  551

 Reversed flow on 1 face (0.0% area) of pressure-outlet 21.
  1950  2.4460e-05  2.1752e-07  2.0118e-07  1.1995e-07  0:15:22  550
  1951  1.6919e-05  1.9980e-07  2.1177e-07  1.1535e-07  0:15:55  549
  1952  1.8663e-05  2.2772e-07  2.2827e-07  1.4469e-07  0:16:20  548
  1953  2.6993e-05  2.3660e-07  2.0280e-07  1.5994e-07  0:16:01  547
  1954  2.6369e-05  2.2240e-07  1.9991e-07  1.3471e-07  0:15:47  546
  1955  1.8663e-05  1.8346e-07  2.0348e-07  1.0708e-07  0:16:13  545

 Reversed flow on 2 faces (0.1% area) of pressure-outlet 21.
  1956  1.5632e-05  3.0537e-07  3.0892e-07  1.4600e-07  0:16:32  544

 Reversed flow on 8 faces (0.4% area) of pressure-outlet 21.
  1957  2.4460e-05  3.2288e-07  3.1669e-07  1.7182e-07  0:16:11  543

 Reversed flow on 8 faces (0.3% area) of pressure-outlet 21.
  1958  2.8581e-05  2.6071e-07  2.2517e-07  1.6669e-07  0:15:16  542

 Reversed flow on 1 face (0.0% area) of pressure-outlet 21.

  iter  continuity  x-velocity  y-velocity  z-velocity     time/iter
  1959  2.4460e-05  2.1752e-07  2.0118e-07  1.1995e-07  0:15:08  541
  1960  1.6919e-05  1.9980e-07  2.1177e-07  1.1535e-07  0:15:40  540
  1961  1.8663e-05  2.2772e-07  2.2827e-07  1.4469e-07  0:16:05  539
  1962  2.6993e-05  2.3660e-07  2.0280e-07  1.5994e-07  0:15:46  538
  1963  2.6369e-05  2.2240e-07  1.9991e-07  1.3471e-07  0:15:32  537
  1964  1.8663e-05  1.8346e-07  2.0348e-07  1.0708e-07  0:15:57  536

 Reversed flow on 2 faces (0.1% area) of pressure-outlet 21.
  1965  1.5632e-05  3.0537e-07  3.0892e-07  1.4600e-07  0:16:16  535

 Reversed flow on 8 faces (0.4% area) of pressure-outlet 21.
  1966  2.4460e-05  3.2288e-07  3.1669e-07  1.7182e-07  0:15:54  534

 Reversed flow on 8 faces (0.3% area) of pressure-outlet 21.
  1967  2.8581e-05  2.6071e-07  2.2517e-07  1.6669e-07  0:14:59  533

 Reversed flow on 1 face (0.0% area) of pressure-outlet 21.
  1968  2.4460e-05  2.1752e-07  2.0118e-07  1.1995e-07  0:14:52  532
  1969  1.6919e-05  1.9980e-07  2.1177e-07  1.1535e-07  0:15:24  531

  iter  continuity  x-velocity  y-velocity  z-velocity     time/iter
  1970  1.8663e-05  2.2772e-07  2.2827e-07  1.4469e-07  0:15:48  530
  1971  2.6993e-05  2.3660e-07  2.0280e-07  1.5994e-07  0:15:30  529
  1972  2.6369e-05  2.2240e-07  1.9991e-07  1.3471e-07  0:15:16  528
  1973  1.8663e-05  1.8346e-07  2.0348e-07  1.0708e-07  0:15:40  527

 Reversed flow on 2 faces (0.1% area) of pressure-outlet 21.
  1974  1.5632e-05  3.0537e-07  3.0892e-07  1.4600e-07  0:16:00  526

 Reversed flow on 8 faces (0.4% area) of pressure-outlet 21.
  1975  2.4460e-05  3.2288e-07  3.1669e-07  1.7182e-07  0:15:38  525

 Reversed flow on 8 faces (0.3% area) of pressure-outlet 21.
  1976  2.8581e-05  2.6071e-07  2.2517e-07  1.6669e-07  0:14:44  524

 Reversed flow on 1 face (0.0% area) of pressure-outlet 21.
  1977  2.4460e-05  2.1752e-07  2.0118e-07  1.1995e-07  0:14:37  523
  1978  1.6919e-05  1.9980e-07  2.1177e-07  1.1535e-07  0:15:07  522
  1979  1.8663e-05  2.2772e-07  2.2827e-07  1.4469e-07  0:15:31  521
  1980  2.6993e-05  2.3660e-07  2.0280e-07  1.5994e-07  0:15:13  520

  iter  continuity  x-velocity  y-velocity  z-velocity     time/iter
  1981  2.6369e-05  2.2240e-07  1.9991e-07  1.3471e-07  0:15:00  519
  1982  1.8663e-05  1.8346e-07  2.0348e-07  1.0708e-07  0:15:23  518

 Reversed flow on 2 faces (0.1% area) of pressure-outlet 21.
  1983  1.5632e-05  3.0537e-07  3.0892e-07  1.4600e-07  0:15:42  517

 Reversed flow on 8 faces (0.4% area) of pressure-outlet 21.
  1984  2.4460e-05  3.2288e-07  3.1669e-07  1.7182e-07  0:15:21  516

 Reversed flow on 8 faces (0.3% area) of pressure-outlet 21.
  1985  2.8581e-05  2.6071e-07  2.2517e-07  1.6669e-07  0:14:28  515

 Reversed flow on 1 face (0.0% area) of pressure-outlet 21.
  1986  2.4460e-05  2.1752e-07  2.0118e-07  1.1995e-07  0:14:59  514
  1987  1.6919e-05  1.9980e-07  2.1177e-07  1.1535e-07  0:15:22  513
  1988  1.8663e-05  2.2772e-07  2.2827e-07  1.4469e-07  0:15:39  512
  1989  2.6993e-05  2.3660e-07  2.0280e-07  1.5994e-07  0:15:17  511
  1990  2.6369e-05  2.2240e-07  1.9991e-07  1.3471e-07  0:14:59  510
  1991  1.8663e-05  1.8346e-07  2.0348e-07  1.0708e-07  0:15:20  509

 Reversed flow on 2 faces (0.1% area) of pressure-outlet 21.

  iter  continuity  x-velocity  y-velocity  z-velocity     time/iter
  1992  1.5632e-05  3.0537e-07  3.0892e-07  1.4600e-07  0:15:37  508

 Reversed flow on 8 faces (0.4% area) of pressure-outlet 21.
  1993  2.4460e-05  3.2288e-07  3.1669e-07  1.7182e-07  0:15:14  507

 Reversed flow on 8 faces (0.3% area) of pressure-outlet 21.
  1994  2.8581e-05  2.6071e-07  2.2517e-07  1.6669e-07  0:14:21  506

 Reversed flow on 1 face (0.0% area) of pressure-outlet 21.
  1995  2.4460e-05  2.1752e-07  2.0118e-07  1.1995e-07  0:14:12  505
  1996  1.6919e-05  1.9980e-07  2.1177e-07  1.1535e-07  0:14:41  504
  1997  1.8663e-05  2.2772e-07  2.2827e-07  1.4469e-07  0:15:03  503
  1998  2.6993e-05  2.3660e-07  2.0280e-07  1.5994e-07  0:14:45  502
  1999  2.6369e-05  2.2240e-07  1.9991e-07  1.3471e-07  0:14:31  501
  2000  1.8663e-05  1.8346e-07  2.0348e-07  1.0708e-07  0:14:54  500

 Reversed flow on 2 faces (0.1% area) of pressure-outlet 21.
  2001  1.5632e-05  3.0537e-07  3.0892e-07  1.4600e-07  0:15:12  499

 Reversed flow on 8 faces (0.4% area) of pressure-outlet 21.
  2002  2.4460e-05  3.2288e-07  3.1669e-07  1.7182e-07  0:14:51  498

 Reversed flow on 8 faces (0.3% area) of pressure-outlet 21.

  iter  continuity  x-velocity  y-velocity  z-velocity     time/iter
  2003  2.8581e-05  2.6071e-07  2.2517e-07  1.6669e-07  0:14:01  497

 Reversed flow on 1 face (0.0% area) of pressure-outlet 21.
  2004  2.4460e-05  2.1752e-07  2.0118e-07  1.1995e-07  0:13:54  496
  2005  1.6919e-05  1.9980e-07  2.1177e-07  1.1535e-07  0:14:22  495
  2006  1.8663e-05  2.2772e-07  2.2827e-07  1.4469e-07  0:14:44  494
  2007  2.6993e-05  2.3660e-07  2.0280e-07  1.5994e-07  0:14:27  493
  2008  2.6369e-05  2.2240e-07  1.9991e-07  1.3471e-07  0:14:14  492
  2009  1.8663e-05  1.8346e-07  2.0348e-07  1.0708e-07  0:14:36  491

 Reversed flow on 2 faces (0.1% area) of pressure-outlet 21.
  2010  1.5632e-05  3.0537e-07  3.0892e-07  1.4600e-07  0:14:54  490

 Reversed flow on 8 faces (0.4% area) of pressure-outlet 21.
  2011  2.4460e-05  3.2288e-07  3.1669e-07  1.7182e-07  0:14:34  489

 Reversed flow on 8 faces (0.3% area) of pressure-outlet 21.
  2012  2.8581e-05  2.6071e-07  2.2517e-07  1.6669e-07  0:13:43  488

 Reversed flow on 1 face (0.0% area) of pressure-outlet 21.
  2013  2.4460e-05  2.1752e-07  2.0118e-07  1.1995e-07  0:13:37  487

  iter  continuity  x-velocity  y-velocity  z-velocity     time/iter
  2014  1.6919e-05  1.9980e-07  2.1177e-07  1.1535e-07  0:14:05  486
  2015  1.8663e-05  2.2772e-07  2.2827e-07  1.4469e-07  0:14:26  485
  2016  2.6993e-05  2.3660e-07  2.0280e-07  1.5994e-07  0:14:10  484
  2017  2.6369e-05  2.2240e-07  1.9991e-07  1.3471e-07  0:13:57  483
  2018  1.8663e-05  1.8346e-07  2.0348e-07  1.0708e-07  0:14:20  482

 Reversed flow on 2 faces (0.1% area) of pressure-outlet 21.
  2019  1.5632e-05  3.0537e-07  3.0892e-07  1.4600e-07  0:14:38  481

 Reversed flow on 8 faces (0.4% area) of pressure-outlet 21.
  2020  2.4460e-05  3.2288e-07  3.1669e-07  1.7182e-07  0:14:18  480

 Reversed flow on 8 faces (0.3% area) of pressure-outlet 21.
  2021  2.8581e-05  2.6071e-07  2.2517e-07  1.6669e-07  0:13:29  479

 Reversed flow on 1 face (0.0% area) of pressure-outlet 21.
  2022  2.4460e-05  2.1752e-07  2.0118e-07  1.1995e-07  0:13:22  478
  2023  1.6919e-05  1.9980e-07  2.1177e-07  1.1535e-07  0:13:49  477
  2024  1.8663e-05  2.2772e-07  2.2827e-07  1.4469e-07  0:14:11  476

  iter  continuity  x-velocity  y-velocity  z-velocity     time/iter
  2025  2.6993e-05  2.3660e-07  2.0280e-07  1.5994e-07  0:13:55  475
  2026  2.6369e-05  2.2240e-07  1.9991e-07  1.3471e-07  0:13:42  474
  2027  1.8663e-05  1.8346e-07  2.0348e-07  1.0708e-07  0:14:04  473

 Reversed flow on 2 faces (0.1% area) of pressure-outlet 21.
  2028  1.5632e-05  3.0537e-07  3.0892e-07  1.4600e-07  0:14:21  472

 Reversed flow on 8 faces (0.4% area) of pressure-outlet 21.
  2029  2.4460e-05  3.2288e-07  3.1669e-07  1.7182e-07  0:14:01  471

 Reversed flow on 8 faces (0.3% area) of pressure-outlet 21.
  2030  2.8581e-05  2.6071e-07  2.2517e-07  1.6669e-07  0:13:13  470

 Reversed flow on 1 face (0.0% area) of pressure-outlet 21.
  2031  2.4460e-05  2.1752e-07  2.0118e-07  1.1995e-07  0:13:06  469
  2032  1.6919e-05  1.9980e-07  2.1177e-07  1.1535e-07  0:13:34  468
  2033  1.8663e-05  2.2772e-07  2.2827e-07  1.4469e-07  0:13:55  467
  2034  2.6993e-05  2.3660e-07  2.0280e-07  1.5994e-07  0:13:39  466
  2035  2.6369e-05  2.2240e-07  1.9991e-07  1.3471e-07  0:13:26  465

  iter  continuity  x-velocity  y-velocity  z-velocity     time/iter
  2036  1.8663e-05  1.8346e-07  2.0348e-07  1.0708e-07  0:13:47  464

 Reversed flow on 2 faces (0.1% area) of pressure-outlet 21.
  2037  1.5632e-05  3.0537e-07  3.0892e-07  1.4600e-07  0:14:04  463

 Reversed flow on 8 faces (0.4% area) of pressure-outlet 21.
  2038  2.4460e-05  3.2288e-07  3.1669e-07  1.7182e-07  0:13:45  462

 Reversed flow on 8 faces (0.3% area) of pressure-outlet 21.
  2039  2.8581e-05  2.6071e-07  2.2517e-07  1.6669e-07  0:12:58  461

 Reversed flow on 1 face (0.0% area) of pressure-outlet 21.
  2040  2.4460e-05  2.1752e-07  2.0118e-07  1.1995e-07  0:12:51  460
  2041  1.6919e-05  1.9980e-07  2.1177e-07  1.1535e-07  0:13:18  459
  2042  1.8663e-05  2.2772e-07  2.2827e-07  1.4469e-07  0:13:39  458
  2043  2.6993e-05  2.3660e-07  2.0280e-07  1.5994e-07  0:13:23  457
  2044  2.6369e-05  2.2240e-07  1.9991e-07  1.3471e-07  0:13:10  456
  2045  1.8663e-05  1.8346e-07  2.0348e-07  1.0708e-07  0:13:31  455

 Reversed flow on 2 faces (0.1% area) of pressure-outlet 21.
  2046  1.5632e-05  3.0537e-07  3.0892e-07  1.4600e-07  0:13:47  454

 Reversed flow on 8 faces (0.4% area) of pressure-outlet 21.

  iter  continuity  x-velocity  y-velocity  z-velocity     time/iter
  2047  2.4460e-05  3.2288e-07  3.1669e-07  1.7182e-07  0:13:29  453

 Reversed flow on 8 faces (0.3% area) of pressure-outlet 21.
  2048  2.8581e-05  2.6071e-07  2.2517e-07  1.6669e-07  0:12:42  452

 Reversed flow on 1 face (0.0% area) of pressure-outlet 21.
  2049  2.4460e-05  2.1752e-07  2.0118e-07  1.1995e-07  0:12:36  451
  2050  1.6919e-05  1.9980e-07  2.1177e-07  1.1535e-07  0:13:03  450
  2051  1.8663e-05  2.2772e-07  2.2827e-07  1.4469e-07  0:13:23  449
  2052  2.6993e-05  2.3660e-07  2.0280e-07  1.5994e-07  0:13:07  448
  2053  2.6369e-05  2.2240e-07  1.9991e-07  1.3471e-07  0:12:54  447
  2054  1.8663e-05  1.8346e-07  2.0348e-07  1.0708e-07  0:13:15  446

 Reversed flow on 2 faces (0.1% area) of pressure-outlet 21.
  2055  1.5632e-05  3.0537e-07  3.0892e-07  1.4600e-07  0:13:31  445

 Reversed flow on 8 faces (0.4% area) of pressure-outlet 21.
  2056  2.4460e-05  3.2288e-07  3.1669e-07  1.7182e-07  0:13:12  444

 Reversed flow on 8 faces (0.3% area) of pressure-outlet 21.
  2057  2.8581e-05  2.6071e-07  2.2517e-07  1.6669e-07  0:12:27  443

 Reversed flow on 1 face (0.0% area) of pressure-outlet 21.

  iter  continuity  x-velocity  y-velocity  z-velocity     time/iter
  2058  2.4460e-05  2.1752e-07  2.0118e-07  1.1995e-07  0:12:21  442
  2059  1.6919e-05  1.9980e-07  2.1177e-07  1.1535e-07  0:12:46  441
  2060  1.8663e-05  2.2772e-07  2.2827e-07  1.4469e-07  0:13:06  440
  2061  2.6993e-05  2.3660e-07  2.0280e-07  1.5994e-07  0:12:52  439
  2062  2.6369e-05  2.2240e-07  1.9991e-07  1.3471e-07  0:12:40  438
  2063  1.8663e-05  1.8346e-07  2.0348e-07  1.0708e-07  0:13:00  437

 Reversed flow on 2 faces (0.1% area) of pressure-outlet 21.
  2064  1.5632e-05  3.0537e-07  3.0892e-07  1.4600e-07  0:13:16  436

 Reversed flow on 8 faces (0.4% area) of pressure-outlet 21.
  2065  2.4460e-05  3.2288e-07  3.1669e-07  1.7182e-07  0:12:57  435

 Reversed flow on 8 faces (0.3% area) of pressure-outlet 21.
  2066  2.8581e-05  2.6071e-07  2.2517e-07  1.6669e-07  0:12:12  434

 Reversed flow on 1 face (0.0% area) of pressure-outlet 21.
  2067  2.4460e-05  2.1752e-07  2.0118e-07  1.1995e-07  0:12:06  433
  2068  1.6919e-05  1.9980e-07  2.1177e-07  1.1535e-07  0:12:32  432

  iter  continuity  x-velocity  y-velocity  z-velocity     time/iter
  2069  1.8663e-05  2.2772e-07  2.2827e-07  1.4469e-07  0:12:51  431
  2070  2.6993e-05  2.3660e-07  2.0280e-07  1.5994e-07  0:12:36  430
  2071  2.6369e-05  2.2240e-07  1.9991e-07  1.3471e-07  0:12:24  429
  2072  1.8663e-05  1.8346e-07  2.0348e-07  1.0708e-07  0:12:43  428

 Reversed flow on 2 faces (0.1% area) of pressure-outlet 21.
  2073  1.5632e-05  3.0537e-07  3.0892e-07  1.4600e-07  0:13:00  427

 Reversed flow on 8 faces (0.4% area) of pressure-outlet 21.
  2074  2.4460e-05  3.2288e-07  3.1669e-07  1.7182e-07  0:12:42  426

 Reversed flow on 8 faces (0.3% area) of pressure-outlet 21.
  2075  2.8581e-05  2.6071e-07  2.2517e-07  1.6669e-07  0:12:00  425

 Reversed flow on 1 face (0.0% area) of pressure-outlet 21.
  2076  2.4460e-05  2.1752e-07  2.0118e-07  1.1995e-07  0:11:54  424
  2077  1.6919e-05  1.9980e-07  2.1177e-07  1.1535e-07  0:12:17  423
  2078  1.8663e-05  2.2772e-07  2.2827e-07  1.4469e-07  0:12:36  422
  2079  2.6993e-05  2.3660e-07  2.0280e-07  1.5994e-07  0:12:21  421

  iter  continuity  x-velocity  y-velocity  z-velocity     time/iter
  2080  2.6369e-05  2.2240e-07  1.9991e-07  1.3471e-07  0:12:08  420
  2081  1.8663e-05  1.8346e-07  2.0348e-07  1.0708e-07  0:12:28  419

 Reversed flow on 2 faces (0.1% area) of pressure-outlet 21.
  2082  1.5632e-05  3.0537e-07  3.0892e-07  1.4600e-07  0:12:43  418

 Reversed flow on 8 faces (0.4% area) of pressure-outlet 21.
  2083  2.4460e-05  3.2288e-07  3.1669e-07  1.7182e-07  0:12:25  417

 Reversed flow on 8 faces (0.3% area) of pressure-outlet 21.
  2084  2.8581e-05  2.6071e-07  2.2517e-07  1.6669e-07  0:11:42  416

 Reversed flow on 1 face (0.0% area) of pressure-outlet 21.
  2085  2.4460e-05  2.1752e-07  2.0118e-07  1.1995e-07  0:11:37  415
  2086  1.6919e-05  1.9980e-07  2.1177e-07  1.1535e-07  0:12:00  414
  2087  1.8663e-05  2.2772e-07  2.2827e-07  1.4469e-07  0:12:19  413
  2088  2.6993e-05  2.3660e-07  2.0280e-07  1.5994e-07  0:12:04  412
  2089  2.6369e-05  2.2240e-07  1.9991e-07  1.3471e-07  0:11:53  411
  2090  1.8663e-05  1.8346e-07  2.0348e-07  1.0708e-07  0:12:11  410

 Reversed flow on 2 faces (0.1% area) of pressure-outlet 21.

  iter  continuity  x-velocity  y-velocity  z-velocity     time/iter
  2091  1.5632e-05  3.0537e-07  3.0892e-07  1.4600e-07  0:12:26  409

 Reversed flow on 8 faces (0.4% area) of pressure-outlet 21.
  2092  2.4460e-05  3.2288e-07  3.1669e-07  1.7182e-07  0:12:10  408

 Reversed flow on 8 faces (0.3% area) of pressure-outlet 21.
  2093  2.8581e-05  2.6071e-07  2.2517e-07  1.6669e-07  0:11:39  407

 Reversed flow on 1 face (0.0% area) of pressure-outlet 21.
  2094  2.4460e-05  2.1752e-07  2.0118e-07  1.1995e-07  0:11:31  406
  2095  1.6919e-05  1.9980e-07  2.1177e-07  1.1535e-07  0:11:53  405
  2096  1.8663e-05  2.2772e-07  2.2827e-07  1.4469e-07  0:12:10  404
  2097  2.6993e-05  2.3660e-07  2.0280e-07  1.5994e-07  0:11:54  403
  2098  2.6369e-05  2.2240e-07  1.9991e-07  1.3471e-07  0:11:42  402
  2099  1.8663e-05  1.8346e-07  2.0348e-07  1.0708e-07  0:11:59  401

 Reversed flow on 2 faces (0.1% area) of pressure-outlet 21.
  2100  1.5632e-05  3.0537e-07  3.0892e-07  1.4600e-07  0:12:13  400

 Reversed flow on 8 faces (0.4% area) of pressure-outlet 21.
  2101  2.4460e-05  3.2288e-07  3.1669e-07  1.7182e-07  0:11:55  399

 Reversed flow on 8 faces (0.3% area) of pressure-outlet 21.

  iter  continuity  x-velocity  y-velocity  z-velocity     time/iter
  2102  2.8581e-05  2.6071e-07  2.2517e-07  1.6669e-07  0:11:13  398

 Reversed flow on 1 face (0.0% area) of pressure-outlet 21.
  2103  2.4460e-05  2.1752e-07  2.0118e-07  1.1995e-07  0:11:07  397
  2104  1.6919e-05  1.9980e-07  2.1177e-07  1.1535e-07  0:11:32  396
  2105  1.8663e-05  2.2772e-07  2.2827e-07  1.4469e-07  0:11:49  395
  2106  2.6993e-05  2.3660e-07  2.0280e-07  1.5994e-07  0:11:36  394
  2107  2.6369e-05  2.2240e-07  1.9991e-07  1.3471e-07  0:11:24  393
  2108  1.8663e-05  1.8346e-07  2.0348e-07  1.0708e-07  0:11:41  392

 Reversed flow on 2 faces (0.1% area) of pressure-outlet 21.
  2109  1.5632e-05  3.0537e-07  3.0892e-07  1.4600e-07  0:11:55  391

 Reversed flow on 8 faces (0.4% area) of pressure-outlet 21.
  2110  2.4460e-05  3.2288e-07  3.1669e-07  1.7182e-07  0:11:39  390

 Reversed flow on 8 faces (0.3% area) of pressure-outlet 21.
  2111  2.8581e-05  2.6071e-07  2.2517e-07  1.6669e-07  0:10:59  389

 Reversed flow on 1 face (0.0% area) of pressure-outlet 21.
  2112  2.4460e-05  2.1752e-07  2.0118e-07  1.1995e-07  0:10:53  388

  iter  continuity  x-velocity  y-velocity  z-velocity     time/iter
  2113  1.6919e-05  1.9980e-07  2.1177e-07  1.1535e-07  0:11:14  387
  2114  1.8663e-05  2.2772e-07  2.2827e-07  1.4469e-07  0:11:31  386
  2115  2.6993e-05  2.3660e-07  2.0280e-07  1.5994e-07  0:11:17  385
  2116  2.6369e-05  2.2240e-07  1.9991e-07  1.3471e-07  0:11:07  384
  2117  1.8663e-05  1.8346e-07  2.0348e-07  1.0708e-07  0:11:24  383

 Reversed flow on 2 faces (0.1% area) of pressure-outlet 21.
  2118  1.5632e-05  3.0537e-07  3.0892e-07  1.4600e-07  0:11:37  382

 Reversed flow on 8 faces (0.4% area) of pressure-outlet 21.
  2119  2.4460e-05  3.2288e-07  3.1669e-07  1.7182e-07  0:11:21  381

 Reversed flow on 8 faces (0.3% area) of pressure-outlet 21.
  2120  2.8581e-05  2.6071e-07  2.2517e-07  1.6669e-07  0:10:41  380

 Reversed flow on 1 face (0.0% area) of pressure-outlet 21.
  2121  2.4460e-05  2.1752e-07  2.0118e-07  1.1995e-07  0:10:35  379
  2122  1.6919e-05  1.9980e-07  2.1177e-07  1.1535e-07  0:10:57  378
  2123  1.8663e-05  2.2772e-07  2.2827e-07  1.4469e-07  0:11:14  377

  iter  continuity  x-velocity  y-velocity  z-velocity     time/iter
  2124  2.6993e-05  2.3660e-07  2.0280e-07  1.5994e-07  0:11:01  376
  2125  2.6369e-05  2.2240e-07  1.9991e-07  1.3471e-07  0:10:51  375
  2126  1.8663e-05  1.8346e-07  2.0348e-07  1.0708e-07  0:11:07  374

 Reversed flow on 2 faces (0.1% area) of pressure-outlet 21.
  2127  1.5632e-05  3.0537e-07  3.0892e-07  1.4600e-07  0:11:20  373

 Reversed flow on 8 faces (0.4% area) of pressure-outlet 21.
  2128  2.4460e-05  3.2288e-07  3.1669e-07  1.7182e-07  0:11:05  372

 Reversed flow on 8 faces (0.3% area) of pressure-outlet 21.
  2129  2.8581e-05  2.6071e-07  2.2517e-07  1.6669e-07  0:10:27  371

 Reversed flow on 1 face (0.0% area) of pressure-outlet 21.
  2130  2.4460e-05  2.1752e-07  2.0118e-07  1.1995e-07  0:10:21  370
  2131  1.6919e-05  1.9980e-07  2.1177e-07  1.1535e-07  0:10:42  369
  2132  1.8663e-05  2.2772e-07  2.2827e-07  1.4469e-07  0:10:58  368
  2133  2.6993e-05  2.3660e-07  2.0280e-07  1.5994e-07  0:10:45  367
  2134  2.6369e-05  2.2240e-07  1.9991e-07  1.3471e-07  0:10:34  366

  iter  continuity  x-velocity  y-velocity  z-velocity     time/iter
  2135  1.8663e-05  1.8346e-07  2.0348e-07  1.0708e-07  0:10:51  365

 Reversed flow on 2 faces (0.1% area) of pressure-outlet 21.
  2136  1.5632e-05  3.0537e-07  3.0892e-07  1.4600e-07  0:11:04  364

 Reversed flow on 8 faces (0.4% area) of pressure-outlet 21.
  2137  2.4460e-05  3.2288e-07  3.1669e-07  1.7182e-07  0:10:48  363

 Reversed flow on 8 faces (0.3% area) of pressure-outlet 21.
  2138  2.8581e-05  2.6071e-07  2.2517e-07  1.6669e-07  0:10:11  362

 Reversed flow on 1 face (0.0% area) of pressure-outlet 21.
  2139  2.4460e-05  2.1752e-07  2.0118e-07  1.1995e-07  0:10:05  361
  2140  1.6919e-05  1.9980e-07  2.1177e-07  1.1535e-07  0:10:26  360
  2141  1.8663e-05  2.2772e-07  2.2827e-07  1.4469e-07  0:10:42  359
  2142  2.6993e-05  2.3660e-07  2.0280e-07  1.5994e-07  0:10:54  358
  2143  2.6369e-05  2.2240e-07  1.9991e-07  1.3471e-07  0:10:39  357
  2144  1.8663e-05  1.8346e-07  2.0348e-07  1.0708e-07  0:10:51  356

 Reversed flow on 2 faces (0.1% area) of pressure-outlet 21.
  2145  1.5632e-05  3.0537e-07  3.0892e-07  1.4600e-07  0:11:01  355

 Reversed flow on 8 faces (0.4% area) of pressure-outlet 21.

  iter  continuity  x-velocity  y-velocity  z-velocity     time/iter
  2146  2.4460e-05  3.2288e-07  3.1669e-07  1.7182e-07  0:10:43  354

 Reversed flow on 8 faces (0.3% area) of pressure-outlet 21.
  2147  2.8581e-05  2.6071e-07  2.2517e-07  1.6669e-07  0:10:05  353

 Reversed flow on 1 face (0.0% area) of pressure-outlet 21.
  2148  2.4460e-05  2.1752e-07  2.0118e-07  1.1995e-07  0:09:58  352
  2149  1.6919e-05  1.9980e-07  2.1177e-07  1.1535e-07  0:10:17  351
  2150  1.8663e-05  2.2772e-07  2.2827e-07  1.4469e-07  0:10:31  350
  2151  2.6993e-05  2.3660e-07  2.0280e-07  1.5994e-07  0:10:17  349
  2152  2.6369e-05  2.2240e-07  1.9991e-07  1.3471e-07  0:10:07  348
  2153  1.8663e-05  1.8346e-07  2.0348e-07  1.0708e-07  0:10:22  347

 Reversed flow on 2 faces (0.1% area) of pressure-outlet 21.
  2154  1.5632e-05  3.0537e-07  3.0892e-07  1.4600e-07  0:10:33  346

 Reversed flow on 8 faces (0.4% area) of pressure-outlet 21.
  2155  2.4460e-05  3.2288e-07  3.1669e-07  1.7182e-07  0:10:18  345

 Reversed flow on 8 faces (0.3% area) of pressure-outlet 21.
  2156  2.8581e-05  2.6071e-07  2.2517e-07  1.6669e-07  0:09:41  344

 Reversed flow on 1 face (0.0% area) of pressure-outlet 21.

  iter  continuity  x-velocity  y-velocity  z-velocity     time/iter
  2157  2.4460e-05  2.1752e-07  2.0118e-07  1.1995e-07  0:09:36  343
  2158  1.6919e-05  1.9980e-07  2.1177e-07  1.1535e-07  0:09:55  342
  2159  1.8663e-05  2.2772e-07  2.2827e-07  1.4469e-07  0:10:10  341
  2160  2.6993e-05  2.3660e-07  2.0280e-07  1.5994e-07  0:09:58  340
  2161  2.6369e-05  2.2240e-07  1.9991e-07  1.3471e-07  0:09:48  339
  2162  1.8663e-05  1.8346e-07  2.0348e-07  1.0708e-07  0:10:03  338

 Reversed flow on 2 faces (0.1% area) of pressure-outlet 21.
  2163  1.5632e-05  3.0537e-07  3.0892e-07  1.4600e-07  0:10:16  337

 Reversed flow on 8 faces (0.4% area) of pressure-outlet 21.
  2164  2.4460e-05  3.2288e-07  3.1669e-07  1.7182e-07  0:10:01  336

 Reversed flow on 8 faces (0.3% area) of pressure-outlet 21.
  2165  2.8581e-05  2.6071e-07  2.2517e-07  1.6669e-07  0:09:25  335

 Reversed flow on 1 face (0.0% area) of pressure-outlet 21.
  2166  2.4460e-05  2.1752e-07  2.0118e-07  1.1995e-07  0:09:20  334
  2167  1.6919e-05  1.9980e-07  2.1177e-07  1.1535e-07  0:09:39  333

  iter  continuity  x-velocity  y-velocity  z-velocity     time/iter
  2168  1.8663e-05  2.2772e-07  2.2827e-07  1.4469e-07  0:09:53  332
  2169  2.6993e-05  2.3660e-07  2.0280e-07  1.5994e-07  0:09:42  331
  2170  2.6369e-05  2.2240e-07  1.9991e-07  1.3471e-07  0:09:31  330
  2171  1.8663e-05  1.8346e-07  2.0348e-07  1.0708e-07  0:09:46  329

 Reversed flow on 2 faces (0.1% area) of pressure-outlet 21.
  2172  1.5632e-05  3.0537e-07  3.0892e-07  1.4600e-07  0:09:58  328

 Reversed flow on 8 faces (0.4% area) of pressure-outlet 21.
  2173  2.4460e-05  3.2288e-07  3.1669e-07  1.7182e-07  0:09:43  327

 Reversed flow on 8 faces (0.3% area) of pressure-outlet 21.
  2174  2.8581e-05  2.6071e-07  2.2517e-07  1.6669e-07  0:09:09  326

 Reversed flow on 1 face (0.0% area) of pressure-outlet 21.
  2175  2.4460e-05  2.1752e-07  2.0118e-07  1.1995e-07  0:09:04  325
  2176  1.6919e-05  1.9980e-07  2.1177e-07  1.1535e-07  0:09:23  324
  2177  1.8663e-05  2.2772e-07  2.2827e-07  1.4469e-07  0:09:37  323
  2178  2.6993e-05  2.3660e-07  2.0280e-07  1.5994e-07  0:09:26  322

  iter  continuity  x-velocity  y-velocity  z-velocity     time/iter
  2179  2.6369e-05  2.2240e-07  1.9991e-07  1.3471e-07  0:09:16  321
  2180  1.8663e-05  1.8346e-07  2.0348e-07  1.0708e-07  0:09:31  320

 Reversed flow on 2 faces (0.1% area) of pressure-outlet 21.
  2181  1.5632e-05  3.0537e-07  3.0892e-07  1.4600e-07  0:09:42  319

 Reversed flow on 8 faces (0.4% area) of pressure-outlet 21.
  2182  2.4460e-05  3.2288e-07  3.1669e-07  1.7182e-07  0:09:28  318

 Reversed flow on 8 faces (0.3% area) of pressure-outlet 21.
  2183  2.8581e-05  2.6071e-07  2.2517e-07  1.6669e-07  0:08:55  317

 Reversed flow on 1 face (0.0% area) of pressure-outlet 21.
  2184  2.4460e-05  2.1752e-07  2.0118e-07  1.1995e-07  0:08:50  316
  2185  1.6919e-05  1.9980e-07  2.1177e-07  1.1535e-07  0:09:09  315
  2186  1.8663e-05  2.2772e-07  2.2827e-07  1.4469e-07  0:09:22  314
  2187  2.6993e-05  2.3660e-07  2.0280e-07  1.5994e-07  0:09:11  313
  2188  2.6369e-05  2.2240e-07  1.9991e-07  1.3471e-07  0:09:02  312
  2189  1.8663e-05  1.8346e-07  2.0348e-07  1.0708e-07  0:09:16  311

 Reversed flow on 2 faces (0.1% area) of pressure-outlet 21.

  iter  continuity  x-velocity  y-velocity  z-velocity     time/iter
  2190  1.5632e-05  3.0537e-07  3.0892e-07  1.4600e-07  0:09:27  310

 Reversed flow on 8 faces (0.4% area) of pressure-outlet 21.
  2191  2.4460e-05  3.2288e-07  3.1669e-07  1.7182e-07  0:09:13  309

 Reversed flow on 8 faces (0.3% area) of pressure-outlet 21.
  2192  2.8581e-05  2.6071e-07  2.2517e-07  1.6669e-07  0:08:41  308

 Reversed flow on 1 face (0.0% area) of pressure-outlet 21.
  2193  2.4460e-05  2.1752e-07  2.0118e-07  1.1995e-07  0:08:36  307
  2194  1.6919e-05  1.9980e-07  2.1177e-07  1.1535e-07  0:08:52  306
  2195  1.8663e-05  2.2772e-07  2.2827e-07  1.4469e-07  0:09:05  305
  2196  2.6993e-05  2.3660e-07  2.0280e-07  1.5994e-07  0:08:55  304
  2197  2.6369e-05  2.2240e-07  1.9991e-07  1.3471e-07  0:08:46  303
  2198  1.8663e-05  1.8346e-07  2.0348e-07  1.0708e-07  0:09:00  302

 Reversed flow on 2 faces (0.1% area) of pressure-outlet 21.
  2199  1.5632e-05  3.0537e-07  3.0892e-07  1.4600e-07  0:09:10  301

 Reversed flow on 8 faces (0.4% area) of pressure-outlet 21.
  2200  2.4460e-05  3.2288e-07  3.1669e-07  1.7182e-07  0:08:56  300

 Reversed flow on 8 faces (0.3% area) of pressure-outlet 21.

  iter  continuity  x-velocity  y-velocity  z-velocity     time/iter
  2201  2.8581e-05  2.6071e-07  2.2517e-07  1.6669e-07  0:08:25  299

 Reversed flow on 1 face (0.0% area) of pressure-outlet 21.
  2202  2.4460e-05  2.1752e-07  2.0118e-07  1.1995e-07  0:08:20  298
  2203  1.6919e-05  1.9980e-07  2.1177e-07  1.1535e-07  0:08:36  297
  2204  1.8663e-05  2.2772e-07  2.2827e-07  1.4469e-07  0:08:49  296
  2205  2.6993e-05  2.3660e-07  2.0280e-07  1.5994e-07  0:08:38  295
  2206  2.6369e-05  2.2240e-07  1.9991e-07  1.3471e-07  0:08:30  294
  2207  1.8663e-05  1.8346e-07  2.0348e-07  1.0708e-07  0:08:43  293

 Reversed flow on 2 faces (0.1% area) of pressure-outlet 21.
  2208  1.5632e-05  3.0537e-07  3.0892e-07  1.4600e-07  0:08:52  292

 Reversed flow on 8 faces (0.4% area) of pressure-outlet 21.
  2209  2.4460e-05  3.2288e-07  3.1669e-07  1.7182e-07  0:08:40  291

 Reversed flow on 8 faces (0.3% area) of pressure-outlet 21.
  2210  2.8581e-05  2.6071e-07  2.2517e-07  1.6669e-07  0:08:09  290

 Reversed flow on 1 face (0.0% area) of pressure-outlet 21.
  2211  2.4460e-05  2.1752e-07  2.0118e-07  1.1995e-07  0:08:04  289

  iter  continuity  x-velocity  y-velocity  z-velocity     time/iter
  2212  1.6919e-05  1.9980e-07  2.1177e-07  1.1535e-07  0:08:22  288
  2213  1.8663e-05  2.2772e-07  2.2827e-07  1.4469e-07  0:08:34  287
  2214  2.6993e-05  2.3660e-07  2.0280e-07  1.5994e-07  0:08:24  286
  2215  2.6369e-05  2.2240e-07  1.9991e-07  1.3471e-07  0:08:15  285
  2216  1.8663e-05  1.8346e-07  2.0348e-07  1.0708e-07  0:08:28  284

 Reversed flow on 2 faces (0.1% area) of pressure-outlet 21.
  2217  1.5632e-05  3.0537e-07  3.0892e-07  1.4600e-07  0:08:37  283

 Reversed flow on 8 faces (0.4% area) of pressure-outlet 21.
  2218  2.4460e-05  3.2288e-07  3.1669e-07  1.7182e-07  0:08:24  282

 Reversed flow on 8 faces (0.3% area) of pressure-outlet 21.
  2219  2.8581e-05  2.6071e-07  2.2517e-07  1.6669e-07  0:07:55  281

 Reversed flow on 1 face (0.0% area) of pressure-outlet 21.
  2220  2.4460e-05  2.1752e-07  2.0118e-07  1.1995e-07  0:07:50  280
  2221  1.6919e-05  1.9980e-07  2.1177e-07  1.1535e-07  0:08:06  279
  2222  1.8663e-05  2.2772e-07  2.2827e-07  1.4469e-07  0:08:17  278

  iter  continuity  x-velocity  y-velocity  z-velocity     time/iter
  2223  2.6993e-05  2.3660e-07  2.0280e-07  1.5994e-07  0:08:07  277
  2224  2.6369e-05  2.2240e-07  1.9991e-07  1.3471e-07  0:07:59  276
  2225  1.8663e-05  1.8346e-07  2.0348e-07  1.0708e-07  0:08:11  275

 Reversed flow on 2 faces (0.1% area) of pressure-outlet 21.
  2226  1.5632e-05  3.0537e-07  3.0892e-07  1.4600e-07  0:08:20  274

 Reversed flow on 8 faces (0.4% area) of pressure-outlet 21.
  2227  2.4460e-05  3.2288e-07  3.1669e-07  1.7182e-07  0:08:08  273

 Reversed flow on 8 faces (0.3% area) of pressure-outlet 21.
  2228  2.8581e-05  2.6071e-07  2.2517e-07  1.6669e-07  0:07:39  272

 Reversed flow on 1 face (0.0% area) of pressure-outlet 21.
  2229  2.4460e-05  2.1752e-07  2.0118e-07  1.1995e-07  0:07:38  271
  2230  1.6919e-05  1.9980e-07  2.1177e-07  1.1535e-07  0:08:01  270
  2231  1.8663e-05  2.2772e-07  2.2827e-07  1.4469e-07  0:08:10  269
  2232  2.6993e-05  2.3660e-07  2.0280e-07  1.5994e-07  0:07:59  268
  2233  2.6369e-05  2.2240e-07  1.9991e-07  1.3471e-07  0:07:49  267

  iter  continuity  x-velocity  y-velocity  z-velocity     time/iter
  2234  1.8663e-05  1.8346e-07  2.0348e-07  1.0708e-07  0:08:00  266

 Reversed flow on 2 faces (0.1% area) of pressure-outlet 21.
  2235  1.5632e-05  3.0537e-07  3.0892e-07  1.4600e-07  0:08:08  265

 Reversed flow on 8 faces (0.4% area) of pressure-outlet 21.
  2236  2.4460e-05  3.2288e-07  3.1669e-07  1.7182e-07  0:07:55  264

 Reversed flow on 8 faces (0.3% area) of pressure-outlet 21.
  2237  2.8581e-05  2.6071e-07  2.2517e-07  1.6669e-07  0:07:28  263

 Reversed flow on 1 face (0.0% area) of pressure-outlet 21.
  2238  2.4460e-05  2.1752e-07  2.0118e-07  1.1995e-07  0:07:23  262
  2239  1.6919e-05  1.9980e-07  2.1177e-07  1.1535e-07  0:07:37  261
  2240  1.8663e-05  2.2772e-07  2.2827e-07  1.4469e-07  0:07:47  260
  2241  2.6993e-05  2.3660e-07  2.0280e-07  1.5994e-07  0:07:37  259
  2242  2.6369e-05  2.2240e-07  1.9991e-07  1.3471e-07  0:07:28  258
  2243  1.8663e-05  1.8346e-07  2.0348e-07  1.0708e-07  0:07:40  257

 Reversed flow on 2 faces (0.1% area) of pressure-outlet 21.
  2244  1.5632e-05  3.0537e-07  3.0892e-07  1.4600e-07  0:07:48  256

 Reversed flow on 8 faces (0.4% area) of pressure-outlet 21.

  iter  continuity  x-velocity  y-velocity  z-velocity     time/iter
  2245  2.4460e-05  3.2288e-07  3.1669e-07  1.7182e-07  0:07:36  255

 Reversed flow on 8 faces (0.3% area) of pressure-outlet 21.
  2246  2.8581e-05  2.6071e-07  2.2517e-07  1.6669e-07  0:07:09  254

 Reversed flow on 1 face (0.0% area) of pressure-outlet 21.
  2247  2.4460e-05  2.1752e-07  2.0118e-07  1.1995e-07  0:07:05  253
  2248  1.6919e-05  1.9980e-07  2.1177e-07  1.1535e-07  0:07:19  252
  2249  1.8663e-05  2.2772e-07  2.2827e-07  1.4469e-07  0:07:29  251
  2250  2.6993e-05  2.3660e-07  2.0280e-07  1.5994e-07  0:07:20  250
  2251  2.6369e-05  2.2240e-07  1.9991e-07  1.3471e-07  0:07:12  249
  2252  1.8663e-05  1.8346e-07  2.0348e-07  1.0708e-07  0:07:23  248

 Reversed flow on 2 faces (0.1% area) of pressure-outlet 21.
  2253  1.5632e-05  3.0537e-07  3.0892e-07  1.4600e-07  0:07:31  247

 Reversed flow on 8 faces (0.4% area) of pressure-outlet 21.
  2254  2.4460e-05  3.2288e-07  3.1669e-07  1.7182e-07  0:07:20  246

 Reversed flow on 8 faces (0.3% area) of pressure-outlet 21.
  2255  2.8581e-05  2.6071e-07  2.2517e-07  1.6669e-07  0:06:54  245

 Reversed flow on 1 face (0.0% area) of pressure-outlet 21.

  iter  continuity  x-velocity  y-velocity  z-velocity     time/iter
  2256  2.4460e-05  2.1752e-07  2.0118e-07  1.1995e-07  0:06:49  244
  2257  1.6919e-05  1.9980e-07  2.1177e-07  1.1535e-07  0:07:03  243
  2258  1.8663e-05  2.2772e-07  2.2827e-07  1.4469e-07  0:07:13  242
  2259  2.6993e-05  2.3660e-07  2.0280e-07  1.5994e-07  0:07:04  241
  2260  2.6369e-05  2.2240e-07  1.9991e-07  1.3471e-07  0:06:56  240
  2261  1.8663e-05  1.8346e-07  2.0348e-07  1.0708e-07  0:07:06  239

 Reversed flow on 2 faces (0.1% area) of pressure-outlet 21.
  2262  1.5632e-05  3.0537e-07  3.0892e-07  1.4600e-07  0:07:14  238

 Reversed flow on 8 faces (0.4% area) of pressure-outlet 21.
  2263  2.4460e-05  3.2288e-07  3.1669e-07  1.7182e-07  0:07:03  237

 Reversed flow on 8 faces (0.3% area) of pressure-outlet 21.
  2264  2.8581e-05  2.6071e-07  2.2517e-07  1.6669e-07  0:06:39  236

 Reversed flow on 1 face (0.0% area) of pressure-outlet 21.
  2265  2.4460e-05  2.1752e-07  2.0118e-07  1.1995e-07  0:06:35  235
  2266  1.6919e-05  1.9980e-07  2.1177e-07  1.1535e-07  0:06:47  234

  iter  continuity  x-velocity  y-velocity  z-velocity     time/iter
  2267  1.8663e-05  2.2772e-07  2.2827e-07  1.4469e-07  0:06:57  233
  2268  2.6993e-05  2.3660e-07  2.0280e-07  1.5994e-07  0:06:48  232
  2269  2.6369e-05  2.2240e-07  1.9991e-07  1.3471e-07  0:06:41  231
  2270  1.8663e-05  1.8346e-07  2.0348e-07  1.0708e-07  0:06:51  230

 Reversed flow on 2 faces (0.1% area) of pressure-outlet 21.
  2271  1.5632e-05  3.0537e-07  3.0892e-07  1.4600e-07  0:06:58  229

 Reversed flow on 8 faces (0.4% area) of pressure-outlet 21.
  2272  2.4460e-05  3.2288e-07  3.1669e-07  1.7182e-07  0:06:48  228

 Reversed flow on 8 faces (0.3% area) of pressure-outlet 21.
  2273  2.8581e-05  2.6071e-07  2.2517e-07  1.6669e-07  0:06:23  227

 Reversed flow on 1 face (0.0% area) of pressure-outlet 21.
  2274  2.4460e-05  2.1752e-07  2.0118e-07  1.1995e-07  0:06:22  226
  2275  1.6919e-05  1.9980e-07  2.1177e-07  1.1535e-07  0:06:35  225
  2276  1.8663e-05  2.2772e-07  2.2827e-07  1.4469e-07  0:06:43  224
  2277  2.6993e-05  2.3660e-07  2.0280e-07  1.5994e-07  0:06:35  223

  iter  continuity  x-velocity  y-velocity  z-velocity     time/iter
  2278  2.6369e-05  2.2240e-07  1.9991e-07  1.3471e-07  0:06:28  222
  2279  1.8663e-05  1.8346e-07  2.0348e-07  1.0708e-07  0:06:36  221

 Reversed flow on 2 faces (0.1% area) of pressure-outlet 21.
  2280  1.5632e-05  3.0537e-07  3.0892e-07  1.4600e-07  0:06:43  220

 Reversed flow on 8 faces (0.4% area) of pressure-outlet 21.
  2281  2.4460e-05  3.2288e-07  3.1669e-07  1.7182e-07  0:06:33  219

 Reversed flow on 8 faces (0.3% area) of pressure-outlet 21.
  2282  2.8581e-05  2.6071e-07  2.2517e-07  1.6669e-07  0:06:09  218

 Reversed flow on 1 face (0.0% area) of pressure-outlet 21.
  2283  2.4460e-05  2.1752e-07  2.0118e-07  1.1995e-07  0:06:05  217
  2284  1.6919e-05  1.9980e-07  2.1177e-07  1.1535e-07  0:06:16  216
  2285  1.8663e-05  2.2772e-07  2.2827e-07  1.4469e-07  0:06:25  215
  2286  2.6993e-05  2.3660e-07  2.0280e-07  1.5994e-07  0:06:17  214
  2287  2.6369e-05  2.2240e-07  1.9991e-07  1.3471e-07  0:06:10  213
  2288  1.8663e-05  1.8346e-07  2.0348e-07  1.0708e-07  0:06:19  212

 Reversed flow on 2 faces (0.1% area) of pressure-outlet 21.

  iter  continuity  x-velocity  y-velocity  z-velocity     time/iter
  2289  1.5632e-05  3.0537e-07  3.0892e-07  1.4600e-07  0:06:25  211

 Reversed flow on 8 faces (0.4% area) of pressure-outlet 21.
  2290  2.4460e-05  3.2288e-07  3.1669e-07  1.7182e-07  0:06:16  210

 Reversed flow on 8 faces (0.3% area) of pressure-outlet 21.
  2291  2.8581e-05  2.6071e-07  2.2517e-07  1.6669e-07  0:05:53  209

 Reversed flow on 1 face (0.0% area) of pressure-outlet 21.
  2292  2.4460e-05  2.1752e-07  2.0118e-07  1.1995e-07  0:05:49  208
  2293  1.6919e-05  1.9980e-07  2.1177e-07  1.1535e-07  0:06:00  207
  2294  1.8663e-05  2.2772e-07  2.2827e-07  1.4469e-07  0:06:08  206
  2295  2.6993e-05  2.3660e-07  2.0280e-07  1.5994e-07  0:06:00  205
  2296  2.6369e-05  2.2240e-07  1.9991e-07  1.3471e-07  0:05:53  204
  2297  1.8663e-05  1.8346e-07  2.0348e-07  1.0708e-07  0:06:02  203

 Reversed flow on 2 faces (0.1% area) of pressure-outlet 21.
  2298  1.5632e-05  3.0537e-07  3.0892e-07  1.4600e-07  0:06:22  202

 Reversed flow on 8 faces (0.4% area) of pressure-outlet 21.
  2299  2.4460e-05  3.2288e-07  3.1669e-07  1.7182e-07  0:06:10  201

 Reversed flow on 8 faces (0.3% area) of pressure-outlet 21.

  iter  continuity  x-velocity  y-velocity  z-velocity     time/iter
  2300  2.8581e-05  2.6071e-07  2.2517e-07  1.6669e-07  0:05:47  200

 Reversed flow on 1 face (0.0% area) of pressure-outlet 21.
  2301  2.4460e-05  2.1752e-07  2.0118e-07  1.1995e-07  0:05:41  199
  2302  1.6919e-05  1.9980e-07  2.1177e-07  1.1535e-07  0:05:50  198
  2303  1.8663e-05  2.2772e-07  2.2827e-07  1.4469e-07  0:05:57  197
  2304  2.6993e-05  2.3660e-07  2.0280e-07  1.5994e-07  0:05:48  196
  2305  2.6369e-05  2.2240e-07  1.9991e-07  1.3471e-07  0:05:41  195
  2306  1.8663e-05  1.8346e-07  2.0348e-07  1.0708e-07  0:05:48  194

 Reversed flow on 2 faces (0.1% area) of pressure-outlet 21.
  2307  1.5632e-05  3.0537e-07  3.0892e-07  1.4600e-07  0:05:54  193

 Reversed flow on 8 faces (0.4% area) of pressure-outlet 21.
  2308  2.4460e-05  3.2288e-07  3.1669e-07  1.7182e-07  0:05:44  192

 Reversed flow on 8 faces (0.3% area) of pressure-outlet 21.
  2309  2.8581e-05  2.6071e-07  2.2517e-07  1.6669e-07  0:05:24  191

 Reversed flow on 1 face (0.0% area) of pressure-outlet 21.
  2310  2.4460e-05  2.1752e-07  2.0118e-07  1.1995e-07  0:05:20  190

  iter  continuity  x-velocity  y-velocity  z-velocity     time/iter
  2311  1.6919e-05  1.9980e-07  2.1177e-07  1.1535e-07  0:05:30  189
  2312  1.8663e-05  2.2772e-07  2.2827e-07  1.4469e-07  0:05:37  188
  2313  2.6993e-05  2.3660e-07  2.0280e-07  1.5994e-07  0:05:29  187
  2314  2.6369e-05  2.2240e-07  1.9991e-07  1.3471e-07  0:05:23  186
  2315  1.8663e-05  1.8346e-07  2.0348e-07  1.0708e-07  0:05:30  185

 Reversed flow on 2 faces (0.1% area) of pressure-outlet 21.
  2316  1.5632e-05  3.0537e-07  3.0892e-07  1.4600e-07  0:05:41  184

 Reversed flow on 8 faces (0.4% area) of pressure-outlet 21.
  2317  2.4460e-05  3.2288e-07  3.1669e-07  1.7182e-07  0:05:31  183

 Reversed flow on 8 faces (0.3% area) of pressure-outlet 21.
  2318  2.8581e-05  2.6071e-07  2.2517e-07  1.6669e-07  0:05:10  182

 Reversed flow on 1 face (0.0% area) of pressure-outlet 21.
  2319  2.4460e-05  2.1752e-07  2.0118e-07  1.1995e-07  0:05:06  181
  2320  1.6919e-05  1.9980e-07  2.1177e-07  1.1535e-07  0:05:15  180
  2321  1.8663e-05  2.2772e-07  2.2827e-07  1.4469e-07  0:05:21  179

  iter  continuity  x-velocity  y-velocity  z-velocity     time/iter
  2322  2.6993e-05  2.3660e-07  2.0280e-07  1.5994e-07  0:05:14  178
  2323  2.6369e-05  2.2240e-07  1.9991e-07  1.3471e-07  0:05:08  177
  2324  1.8663e-05  1.8346e-07  2.0348e-07  1.0708e-07  0:05:15  176

 Reversed flow on 2 faces (0.1% area) of pressure-outlet 21.
  2325  1.5632e-05  3.0537e-07  3.0892e-07  1.4600e-07  0:05:20  175

 Reversed flow on 8 faces (0.4% area) of pressure-outlet 21.
  2326  2.4460e-05  3.2288e-07  3.1669e-07  1.7182e-07  0:05:11  174

 Reversed flow on 8 faces (0.3% area) of pressure-outlet 21.
  2327  2.8581e-05  2.6071e-07  2.2517e-07  1.6669e-07  0:04:52  173

 Reversed flow on 1 face (0.0% area) of pressure-outlet 21.
  2328  2.4460e-05  2.1752e-07  2.0118e-07  1.1995e-07  0:04:49  172
  2329  1.6919e-05  1.9980e-07  2.1177e-07  1.1535e-07  0:04:58  171
  2330  1.8663e-05  2.2772e-07  2.2827e-07  1.4469e-07  0:05:04  170
  2331  2.6993e-05  2.3660e-07  2.0280e-07  1.5994e-07  0:04:57  169
  2332  2.6369e-05  2.2240e-07  1.9991e-07  1.3471e-07  0:04:51  168

  iter  continuity  x-velocity  y-velocity  z-velocity     time/iter
  2333  1.8663e-05  1.8346e-07  2.0348e-07  1.0708e-07  0:04:58  167

 Reversed flow on 2 faces (0.1% area) of pressure-outlet 21.
  2334  1.5632e-05  3.0537e-07  3.0892e-07  1.4600e-07  0:05:03  166

 Reversed flow on 8 faces (0.4% area) of pressure-outlet 21.
  2335  2.4460e-05  3.2288e-07  3.1669e-07  1.7182e-07  0:04:55  165

 Reversed flow on 8 faces (0.3% area) of pressure-outlet 21.
  2336  2.8581e-05  2.6071e-07  2.2517e-07  1.6669e-07  0:04:38  164

 Reversed flow on 1 face (0.0% area) of pressure-outlet 21.
  2337  2.4460e-05  2.1752e-07  2.0118e-07  1.1995e-07  0:04:34  163
  2338  1.6919e-05  1.9980e-07  2.1177e-07  1.1535e-07  0:04:42  162
  2339  1.8663e-05  2.2772e-07  2.2827e-07  1.4469e-07  0:04:48  161
  2340  2.6993e-05  2.3660e-07  2.0280e-07  1.5994e-07  0:04:42  160
  2341  2.6369e-05  2.2240e-07  1.9991e-07  1.3471e-07  0:04:36  159
  2342  1.8663e-05  1.8346e-07  2.0348e-07  1.0708e-07  0:04:42  158

 Reversed flow on 2 faces (0.1% area) of pressure-outlet 21.
  2343  1.5632e-05  3.0537e-07  3.0892e-07  1.4600e-07  0:04:47  157

 Reversed flow on 8 faces (0.4% area) of pressure-outlet 21.

  iter  continuity  x-velocity  y-velocity  z-velocity     time/iter
  2344  2.4460e-05  3.2288e-07  3.1669e-07  1.7182e-07  0:04:39  156

 Reversed flow on 8 faces (0.3% area) of pressure-outlet 21.
  2345  2.8581e-05  2.6071e-07  2.2517e-07  1.6669e-07  0:04:22  155

 Reversed flow on 1 face (0.0% area) of pressure-outlet 21.
  2346  2.4460e-05  2.1752e-07  2.0118e-07  1.1995e-07  0:04:18  154
  2347  1.6919e-05  1.9980e-07  2.1177e-07  1.1535e-07  0:04:26  153
  2348  1.8663e-05  2.2772e-07  2.2827e-07  1.4469e-07  0:04:32  152
  2349  2.6993e-05  2.3660e-07  2.0280e-07  1.5994e-07  0:04:26  151
  2350  2.6369e-05  2.2240e-07  1.9991e-07  1.3471e-07  0:04:20  150
  2351  1.8663e-05  1.8346e-07  2.0348e-07  1.0708e-07  0:04:26  149

 Reversed flow on 2 faces (0.1% area) of pressure-outlet 21.
  2352  1.5632e-05  3.0537e-07  3.0892e-07  1.4600e-07  0:04:30  148

 Reversed flow on 8 faces (0.4% area) of pressure-outlet 21.
  2353  2.4460e-05  3.2288e-07  3.1669e-07  1.7182e-07  0:04:23  147

 Reversed flow on 8 faces (0.3% area) of pressure-outlet 21.
  2354  2.8581e-05  2.6071e-07  2.2517e-07  1.6669e-07  0:04:06  146

 Reversed flow on 1 face (0.0% area) of pressure-outlet 21.

  iter  continuity  x-velocity  y-velocity  z-velocity     time/iter
  2355  2.4460e-05  2.1752e-07  2.0118e-07  1.1995e-07  0:04:03  145
  2356  1.6919e-05  1.9980e-07  2.1177e-07  1.1535e-07  0:04:11  144
  2357  1.8663e-05  2.2772e-07  2.2827e-07  1.4469e-07  0:04:16  143
  2358  2.6993e-05  2.3660e-07  2.0280e-07  1.5994e-07  0:04:10  142
  2359  2.6369e-05  2.2240e-07  1.9991e-07  1.3471e-07  0:04:04  141
  2360  1.8663e-05  1.8346e-07  2.0348e-07  1.0708e-07  0:04:10  140

 Reversed flow on 2 faces (0.1% area) of pressure-outlet 21.
  2361  1.5632e-05  3.0537e-07  3.0892e-07  1.4600e-07  0:04:14  139

 Reversed flow on 8 faces (0.4% area) of pressure-outlet 21.
  2362  2.4460e-05  3.2288e-07  3.1669e-07  1.7182e-07  0:04:07  138

 Reversed flow on 8 faces (0.3% area) of pressure-outlet 21.
  2363  2.8581e-05  2.6071e-07  2.2517e-07  1.6669e-07  0:03:51  137

 Reversed flow on 1 face (0.0% area) of pressure-outlet 21.
  2364  2.4460e-05  2.1752e-07  2.0118e-07  1.1995e-07  0:03:48  136
  2365  1.6919e-05  1.9980e-07  2.1177e-07  1.1535e-07  0:03:55  135

  iter  continuity  x-velocity  y-velocity  z-velocity     time/iter
  2366  1.8663e-05  2.2772e-07  2.2827e-07  1.4469e-07  0:03:59  134
  2367  2.6993e-05  2.3660e-07  2.0280e-07  1.5994e-07  0:03:54  133
  2368  2.6369e-05  2.2240e-07  1.9991e-07  1.3471e-07  0:03:49  132
  2369  1.8663e-05  1.8346e-07  2.0348e-07  1.0708e-07  0:03:54  131

 Reversed flow on 2 faces (0.1% area) of pressure-outlet 21.
  2370  1.5632e-05  3.0537e-07  3.0892e-07  1.4600e-07  0:03:57  130

 Reversed flow on 8 faces (0.4% area) of pressure-outlet 21.
  2371  2.4460e-05  3.2288e-07  3.1669e-07  1.7182e-07  0:03:50  129

 Reversed flow on 8 faces (0.3% area) of pressure-outlet 21.
  2372  2.8581e-05  2.6071e-07  2.2517e-07  1.6669e-07  0:03:36  128

 Reversed flow on 1 face (0.0% area) of pressure-outlet 21.
  2373  2.4460e-05  2.1752e-07  2.0118e-07  1.1995e-07  0:03:33  127
  2374  1.6919e-05  1.9980e-07  2.1177e-07  1.1535e-07  0:03:39  126
  2375  1.8663e-05  2.2772e-07  2.2827e-07  1.4469e-07  0:03:44  125
  2376  2.6993e-05  2.3660e-07  2.0280e-07  1.5994e-07  0:03:38  124

  iter  continuity  x-velocity  y-velocity  z-velocity     time/iter
  2377  2.6369e-05  2.2240e-07  1.9991e-07  1.3471e-07  0:03:33  123
  2378  1.8663e-05  1.8346e-07  2.0348e-07  1.0708e-07  0:03:38  122

 Reversed flow on 2 faces (0.1% area) of pressure-outlet 21.
  2379  1.5632e-05  3.0537e-07  3.0892e-07  1.4600e-07  0:03:41  121

 Reversed flow on 8 faces (0.4% area) of pressure-outlet 21.
  2380  2.4460e-05  3.2288e-07  3.1669e-07  1.7182e-07  0:03:34  120

 Reversed flow on 8 faces (0.3% area) of pressure-outlet 21.
  2381  2.8581e-05  2.6071e-07  2.2517e-07  1.6669e-07  0:03:21  119

 Reversed flow on 1 face (0.0% area) of pressure-outlet 21.
  2382  2.4460e-05  2.1752e-07  2.0118e-07  1.1995e-07  0:03:18  118
  2383  1.6919e-05  1.9980e-07  2.1177e-07  1.1535e-07  0:03:24  117
  2384  1.8663e-05  2.2772e-07  2.2827e-07  1.4469e-07  0:03:27  116
  2385  2.6993e-05  2.3660e-07  2.0280e-07  1.5994e-07  0:03:22  115
  2386  2.6369e-05  2.2240e-07  1.9991e-07  1.3471e-07  0:03:18  114
  2387  1.8663e-05  1.8346e-07  2.0348e-07  1.0708e-07  0:03:22  113

 Reversed flow on 2 faces (0.1% area) of pressure-outlet 21.

  iter  continuity  x-velocity  y-velocity  z-velocity     time/iter
  2388  1.5632e-05  3.0537e-07  3.0892e-07  1.4600e-07  0:03:24  112

 Reversed flow on 8 faces (0.4% area) of pressure-outlet 21.
  2389  2.4460e-05  3.2288e-07  3.1669e-07  1.7182e-07  0:03:18  111

 Reversed flow on 8 faces (0.3% area) of pressure-outlet 21.
  2390  2.8581e-05  2.6071e-07  2.2517e-07  1.6669e-07  0:03:06  110

 Reversed flow on 1 face (0.0% area) of pressure-outlet 21.
  2391  2.4460e-05  2.1752e-07  2.0118e-07  1.1995e-07  0:03:05  109
  2392  1.6919e-05  1.9980e-07  2.1177e-07  1.1535e-07  0:03:10  108
  2393  1.8663e-05  2.2772e-07  2.2827e-07  1.4469e-07  0:03:13  107
  2394  2.6993e-05  2.3660e-07  2.0280e-07  1.5994e-07  0:03:08  106
  2395  2.6369e-05  2.2240e-07  1.9991e-07  1.3471e-07  0:03:03  105
  2396  1.8663e-05  1.8346e-07  2.0348e-07  1.0708e-07  0:03:07  104

 Reversed flow on 2 faces (0.1% area) of pressure-outlet 21.
  2397  1.5632e-05  3.0537e-07  3.0892e-07  1.4600e-07  0:03:09  103

 Reversed flow on 8 faces (0.4% area) of pressure-outlet 21.
  2398  2.4460e-05  3.2288e-07  3.1669e-07  1.7182e-07  0:03:03  102

 Reversed flow on 8 faces (0.3% area) of pressure-outlet 21.

  iter  continuity  x-velocity  y-velocity  z-velocity     time/iter
  2399  2.8581e-05  2.6071e-07  2.2517e-07  1.6669e-07  0:02:51  101

 Reversed flow on 1 face (0.0% area) of pressure-outlet 21.
  2400  2.4460e-05  2.1752e-07  2.0118e-07  1.1995e-07  0:02:48  100
  2401  1.6919e-05  1.9980e-07  2.1177e-07  1.1535e-07  0:02:53   99
  2402  1.8663e-05  2.2772e-07  2.2827e-07  1.4469e-07  0:02:56   98
  2403  2.6993e-05  2.3660e-07  2.0280e-07  1.5994e-07  0:02:51   97
  2404  2.6369e-05  2.2240e-07  1.9991e-07  1.3471e-07  0:02:47   96
  2405  1.8663e-05  1.8346e-07  2.0348e-07  1.0708e-07  0:02:50   95

 Reversed flow on 2 faces (0.1% area) of pressure-outlet 21.
  2406  1.5632e-05  3.0537e-07  3.0892e-07  1.4600e-07  0:02:52   94

 Reversed flow on 8 faces (0.4% area) of pressure-outlet 21.
  2407  2.4460e-05  3.2288e-07  3.1669e-07  1.7182e-07  0:02:46   93

 Reversed flow on 8 faces (0.3% area) of pressure-outlet 21.
  2408  2.8581e-05  2.6071e-07  2.2517e-07  1.6669e-07  0:02:35   92

 Reversed flow on 1 face (0.0% area) of pressure-outlet 21.
  2409  2.4460e-05  2.1752e-07  2.0118e-07  1.1995e-07  0:02:33   91

  iter  continuity  x-velocity  y-velocity  z-velocity     time/iter
  2410  1.6919e-05  1.9980e-07  2.1177e-07  1.1535e-07  0:02:37   90
  2411  1.8663e-05  2.2772e-07  2.2827e-07  1.4469e-07  0:02:39   89
  2412  2.6993e-05  2.3660e-07  2.0280e-07  1.5994e-07  0:02:35   88
  2413  2.6369e-05  2.2240e-07  1.9991e-07  1.3471e-07  0:02:31   87
  2414  1.8663e-05  1.8346e-07  2.0348e-07  1.0708e-07  0:02:34   86

 Reversed flow on 2 faces (0.1% area) of pressure-outlet 21.
  2415  1.5632e-05  3.0537e-07  3.0892e-07  1.4600e-07  0:02:35   85

 Reversed flow on 8 faces (0.4% area) of pressure-outlet 21.
  2416  2.4460e-05  3.2288e-07  3.1669e-07  1.7182e-07  0:02:30   84

 Reversed flow on 8 faces (0.3% area) of pressure-outlet 21.
  2417  2.8581e-05  2.6071e-07  2.2517e-07  1.6669e-07  0:02:20   83

 Reversed flow on 1 face (0.0% area) of pressure-outlet 21.
  2418  2.4460e-05  2.1752e-07  2.0118e-07  1.1995e-07  0:02:17   82
  2419  1.6919e-05  1.9980e-07  2.1177e-07  1.1535e-07  0:02:21   81
  2420  1.8663e-05  2.2772e-07  2.2827e-07  1.4469e-07  0:02:23   80

  iter  continuity  x-velocity  y-velocity  z-velocity     time/iter
  2421  2.6993e-05  2.3660e-07  2.0280e-07  1.5994e-07  0:02:19   79
  2422  2.6369e-05  2.2240e-07  1.9991e-07  1.3471e-07  0:02:15   78
  2423  1.8663e-05  1.8346e-07  2.0348e-07  1.0708e-07  0:02:17   77

 Reversed flow on 2 faces (0.1% area) of pressure-outlet 21.
  2424  1.5632e-05  3.0537e-07  3.0892e-07  1.4600e-07  0:02:19   76

 Reversed flow on 8 faces (0.4% area) of pressure-outlet 21.
  2425  2.4460e-05  3.2288e-07  3.1669e-07  1.7182e-07  0:02:14   75

 Reversed flow on 8 faces (0.3% area) of pressure-outlet 21.
  2426  2.8581e-05  2.6071e-07  2.2517e-07  1.6669e-07  0:02:05   74

 Reversed flow on 1 face (0.0% area) of pressure-outlet 21.
  2427  2.4460e-05  2.1752e-07  2.0118e-07  1.1995e-07  0:02:02   73
  2428  1.6919e-05  1.9980e-07  2.1177e-07  1.1535e-07  0:02:05   72
  2429  1.8663e-05  2.2772e-07  2.2827e-07  1.4469e-07  0:02:07   71
  2430  2.6993e-05  2.3660e-07  2.0280e-07  1.5994e-07  0:02:03   70
  2431  2.6369e-05  2.2240e-07  1.9991e-07  1.3471e-07  0:02:00   69

  iter  continuity  x-velocity  y-velocity  z-velocity     time/iter
  2432  1.8663e-05  1.8346e-07  2.0348e-07  1.0708e-07  0:02:01   68

 Reversed flow on 2 faces (0.1% area) of pressure-outlet 21.
  2433  1.5632e-05  3.0537e-07  3.0892e-07  1.4600e-07  0:02:02   67

 Reversed flow on 8 faces (0.4% area) of pressure-outlet 21.
  2434  2.4460e-05  3.2288e-07  3.1669e-07  1.7182e-07  0:01:58   66

 Reversed flow on 8 faces (0.3% area) of pressure-outlet 21.
  2435  2.8581e-05  2.6071e-07  2.2517e-07  1.6669e-07  0:01:50   65

 Reversed flow on 1 face (0.0% area) of pressure-outlet 21.
  2436  2.4460e-05  2.1752e-07  2.0118e-07  1.1995e-07  0:01:47   64
  2437  1.6919e-05  1.9980e-07  2.1177e-07  1.1535e-07  0:01:50   63
  2438  1.8663e-05  2.2772e-07  2.2827e-07  1.4469e-07  0:01:53   62
  2439  2.6993e-05  2.3660e-07  2.0280e-07  1.5994e-07  0:01:49   61
  2440  2.6369e-05  2.2240e-07  1.9991e-07  1.3471e-07  0:01:45   60
  2441  1.8663e-05  1.8346e-07  2.0348e-07  1.0708e-07  0:01:46   59

 Reversed flow on 2 faces (0.1% area) of pressure-outlet 21.
  2442  1.5632e-05  3.0537e-07  3.0892e-07  1.4600e-07  0:01:47   58

 Reversed flow on 8 faces (0.4% area) of pressure-outlet 21.

  iter  continuity  x-velocity  y-velocity  z-velocity     time/iter
  2443  2.4460e-05  3.2288e-07  3.1669e-07  1.7182e-07  0:01:43   57

 Reversed flow on 8 faces (0.3% area) of pressure-outlet 21.
  2444  2.8581e-05  2.6071e-07  2.2517e-07  1.6669e-07  0:01:35   56

 Reversed flow on 1 face (0.0% area) of pressure-outlet 21.
  2445  2.4460e-05  2.1752e-07  2.0118e-07  1.1995e-07  0:01:33   55
  2446  1.6919e-05  1.9980e-07  2.1177e-07  1.1535e-07  0:01:34   54
  2447  1.8663e-05  2.2772e-07  2.2827e-07  1.4469e-07  0:01:35   53
  2448  2.6993e-05  2.3660e-07  2.0280e-07  1.5994e-07  0:01:32   52
  2449  2.6369e-05  2.2240e-07  1.9991e-07  1.3471e-07  0:01:29   51
  2450  1.8663e-05  1.8346e-07  2.0348e-07  1.0708e-07  0:01:30   50

 Reversed flow on 2 faces (0.1% area) of pressure-outlet 21.
  2451  1.5632e-05  3.0537e-07  3.0892e-07  1.4600e-07  0:01:30   49

 Reversed flow on 8 faces (0.4% area) of pressure-outlet 21.
  2452  2.4460e-05  3.2288e-07  3.1669e-07  1.7182e-07  0:01:26   48

 Reversed flow on 8 faces (0.3% area) of pressure-outlet 21.
  2453  2.8581e-05  2.6071e-07  2.2517e-07  1.6669e-07  0:01:20   47

 Reversed flow on 1 face (0.0% area) of pressure-outlet 21.

  iter  continuity  x-velocity  y-velocity  z-velocity     time/iter
  2454  2.4460e-05  2.1752e-07  2.0118e-07  1.1995e-07  0:01:17   46
  2455  1.6919e-05  1.9980e-07  2.1177e-07  1.1535e-07  0:01:22   45
  2456  1.8663e-05  2.2772e-07  2.2827e-07  1.4469e-07  0:01:21   44
  2457  2.6993e-05  2.3660e-07  2.0280e-07  1.5994e-07  0:01:18   43
  2458  2.6369e-05  2.2240e-07  1.9991e-07  1.3471e-07  0:01:14   42
  2459  1.8663e-05  1.8346e-07  2.0348e-07  1.0708e-07  0:01:14   41

 Reversed flow on 2 faces (0.1% area) of pressure-outlet 21.
  2460  1.5632e-05  3.0537e-07  3.0892e-07  1.4600e-07  0:01:14   40

 Reversed flow on 8 faces (0.4% area) of pressure-outlet 21.
  2461  2.4460e-05  3.2288e-07  3.1669e-07  1.7182e-07  0:01:11   39

 Reversed flow on 8 faces (0.3% area) of pressure-outlet 21.
  2462  2.8581e-05  2.6071e-07  2.2517e-07  1.6669e-07  0:01:05   38

 Reversed flow on 1 face (0.0% area) of pressure-outlet 21.
  2463  2.4460e-05  2.1752e-07  2.0118e-07  1.1995e-07  0:01:03   37
  2464  1.6919e-05  1.9980e-07  2.1177e-07  1.1535e-07  0:01:03   36

  iter  continuity  x-velocity  y-velocity  z-velocity     time/iter
  2465  1.8663e-05  2.2772e-07  2.2827e-07  1.4469e-07  0:01:03   35
  2466  2.6993e-05  2.3660e-07  2.0280e-07  1.5994e-07  0:01:00   34
  2467  2.6369e-05  2.2240e-07  1.9991e-07  1.3471e-07  0:00:57   33
  2468  1.8663e-05  1.8346e-07  2.0348e-07  1.0708e-07  0:00:57   32

 Reversed flow on 2 faces (0.1% area) of pressure-outlet 21.
  2469  1.5632e-05  3.0537e-07  3.0892e-07  1.4600e-07  0:00:57   31

 Reversed flow on 8 faces (0.4% area) of pressure-outlet 21.
  2470  2.4460e-05  3.2288e-07  3.1669e-07  1.7182e-07  0:00:54   30

 Reversed flow on 8 faces (0.3% area) of pressure-outlet 21.
  2471  2.8581e-05  2.6071e-07  2.2517e-07  1.6669e-07  0:00:49   29

 Reversed flow on 1 face (0.0% area) of pressure-outlet 21.
  2472  2.4460e-05  2.1752e-07  2.0118e-07  1.1995e-07  0:00:47   28
  2473  1.6919e-05  1.9980e-07  2.1177e-07  1.1535e-07  0:00:47   27
  2474  1.8663e-05  2.2772e-07  2.2827e-07  1.4469e-07  0:00:47   26
  2475  2.6993e-05  2.3660e-07  2.0280e-07  1.5994e-07  0:00:44   25

  iter  continuity  x-velocity  y-velocity  z-velocity     time/iter
  2476  2.6369e-05  2.2240e-07  1.9991e-07  1.3471e-07  0:00:42   24
  2477  1.8663e-05  1.8346e-07  2.0348e-07  1.0708e-07  0:00:41   23

 Reversed flow on 2 faces (0.1% area) of pressure-outlet 21.
  2478  1.5632e-05  3.0537e-07  3.0892e-07  1.4600e-07  0:00:40   22

 Reversed flow on 8 faces (0.4% area) of pressure-outlet 21.
  2479  2.4460e-05  3.2288e-07  3.1669e-07  1.7182e-07  0:00:38   21

 Reversed flow on 8 faces (0.3% area) of pressure-outlet 21.
  2480  2.8581e-05  2.6071e-07  2.2517e-07  1.6669e-07  0:00:34   20

 Reversed flow on 1 face (0.0% area) of pressure-outlet 21.
  2481  2.4460e-05  2.1752e-07  2.0118e-07  1.1995e-07  0:00:32   19
  2482  1.6919e-05  1.9980e-07  2.1177e-07  1.1535e-07  0:00:31   18
  2483  1.8663e-05  2.2772e-07  2.2827e-07  1.4469e-07  0:00:30   17
  2484  2.6993e-05  2.3660e-07  2.0280e-07  1.5994e-07  0:00:28   16
  2485  2.6369e-05  2.2240e-07  1.9991e-07  1.3471e-07  0:00:26   15
  2486  1.8663e-05  1.8346e-07  2.0348e-07  1.0708e-07  0:00:25   14

 Reversed flow on 2 faces (0.1% area) of pressure-outlet 21.

  iter  continuity  x-velocity  y-velocity  z-velocity     time/iter
  2487  1.5632e-05  3.0537e-07  3.0892e-07  1.4600e-07  0:00:24   13

 Reversed flow on 8 faces (0.4% area) of pressure-outlet 21.
  2488  2.4460e-05  3.2288e-07  3.1669e-07  1.7182e-07  0:00:21   12

 Reversed flow on 8 faces (0.3% area) of pressure-outlet 21.
  2489  2.8581e-05  2.6071e-07  2.2517e-07  1.6669e-07  0:00:19   11

 Reversed flow on 1 face (0.0% area) of pressure-outlet 21.
  2490  2.4460e-05  2.1752e-07  2.0118e-07  1.1995e-07  0:00:17   10
  2491  1.6919e-05  1.9980e-07  2.1177e-07  1.1535e-07  0:00:16    9
  2492  1.8663e-05  2.2772e-07  2.2827e-07  1.4469e-07  0:00:14    8
  2493  2.6993e-05  2.3660e-07  2.0280e-07  1.5994e-07  0:00:12    7
  2494  2.6369e-05  2.2240e-07  1.9991e-07  1.3471e-07  0:00:10    6
  2495  1.8663e-05  1.8346e-07  2.0348e-07  1.0708e-07  0:00:09    5

 Reversed flow on 2 faces (0.1% area) of pressure-outlet 21.
  2496  1.5632e-05  3.0537e-07  3.0892e-07  1.4600e-07  0:00:07    4

 Reversed flow on 8 faces (0.4% area) of pressure-outlet 21.
  2497  2.4460e-05  3.2288e-07  3.1669e-07  1.7182e-07  0:00:05    3

 Reversed flow on 8 faces (0.3% area) of pressure-outlet 21.

  iter  continuity  x-velocity  y-velocity  z-velocity     time/iter
  2498  2.8581e-05  2.6071e-07  2.2517e-07  1.6669e-07  0:00:03    2

 Reversed flow on 1 face (0.0% area) of pressure-outlet 21.
  2499  2.4460e-05  2.1752e-07  2.0118e-07  1.1995e-07  0:00:02    1
  2500  1.6919e-05  1.9980e-07  2.1177e-07  1.1535e-07  0:00:00    0

> 
adjoint/                parallel/               server/
define/                 parametric-study/       solve/
display/                plot/                   surface/
exit                    preferences/            turbo-setup/
file/                   print-license-usage     views/
mesh/                   report/

> ; ===========================================================
; DATA EXPORT
; ===========================================================

adjoint/                parallel/               server/
define/                 parametric-study/       solve/
display/                plot/                   surface/
exit                    preferences/            turbo-setup/
file/                   print-license-usage     views/
mesh/                   report/

> /surface/zone-surface interior-data fluid_domain

> 
adjoint/                parallel/               server/
define/                 parametric-study/       solve/
display/                plot/                   surface/
exit                    preferences/            turbo-setup/
file/                   print-license-usage     views/
mesh/                   report/

> ; Save case and data
/file/write-case-data "results/coronary_extracted_vessel/Re50/bifurcation_Re50.cas.h5"Fast-loading "C:\PROGRA~1\ANSYSI~1\v252\fluent\fluent25.2.0\\addons\afd\lib\hdfio.bin"
Done.

Writing to DESKTOP-BBN4MI6:"C:\Users\radie\Desktop\1_TrainingSIMS\realbifurcationSIM\results/coronary_extracted_vessel/Re50/bifurcation_Re50.cas.h5" in NODE0 mode and compression level 1 ...
Grouping cells for Laplace smoothing ...
      567668 cells,     1 zone  ...
     1279652 faces,     5 zones ...
      211243 nodes,     1 zone  ...
  Done.
Done.

Writing to DESKTOP-BBN4MI6:"C:\Users\radie\Desktop\1_TrainingSIMS\realbifurcationSIM\results/coronary_extracted_vessel/Re50/bifurcation_Re50.dat.h5" in NODE0 mode and compression level 1 ...
  Writing results.
Done.


> 
adjoint/                parallel/               server/
define/                 parametric-study/       solve/
display/                plot/                   surface/
exit                    preferences/            turbo-setup/
file/                   print-license-usage     views/
mesh/                   report/

> ; Export interior field data
/file/export/ascii "results/coronary_extracted_vessel/Re50/interior_full_Re50.csv" interior-data () no x-coordinate y-coordinate z-coordinate pressure x-velocity y-velocity z-velocity velocity-magnitude ()

Location/Cell-Centered?,
if Cell-Centered not chosen, node values of scalars are reported [no] ; Respond to the single prompt:
; Location/Cell-Centered? [no]
no

Writing "results/coronary_extracted_vessel/Re50/interior_full_Re50.csv"...

Writing information to ascii file ...
Done.


> 
adjoint/                parallel/               server/
define/                 parametric-study/       solve/
display/                plot/                   surface/
exit                    preferences/            turbo-setup/
file/                   print-license-usage     views/
mesh/                   report/

> ; Export wall data
/file/export/ascii "results/coronary_extracted_vessel/Re50/wall_data_Re50.csv" wall-fluid_domain () no x-coordinate y-coordinate z-coordinate pressure wall-shear x-wall-shear y-wall-shear z-wall-shear ()

Location/Cell-Centered?,
if Cell-Centered not chosen, node values of scalars are reported [no] ; Location/Cell-Centered? [no]
no

Writing "results/coronary_extracted_vessel/Re50/wall_data_Re50.csv"...

Writing information to ascii file ...
Done.


> 
adjoint/                parallel/               server/
define/                 parametric-study/       solve/
display/                plot/                   surface/
exit                    preferences/            turbo-setup/
file/                   print-license-usage     views/
mesh/                   report/

> ; Export outlet data
/file/export/ascii "results/coronary_extracted_vessel/Re50/outlets_Re50.csv" outlet_1 outlet_2 () no x-coordinate y-coordinate z-coordinate pressure velocity-magnitude ()

Location/Cell-Centered?,
if Cell-Centered not chosen, node values of scalars are reported [no] ; Location/Cell-Centered? [no]
no

Writing "results/coronary_extracted_vessel/Re50/outlets_Re50.csv"...

Writing information to ascii file ...
Done.


> 
adjoint/                parallel/               server/
define/                 parametric-study/       solve/
display/                plot/                   surface/
exit                    preferences/            turbo-setup/
file/                   print-license-usage     views/
mesh/                   report/

> /exit 
Posting ANSYS Product Improvement Program performance data 
Done.
Auto-Transcript Stop Time:  20:53:10, 22 Feb 2026 E. Australia Standard Time 
Total Transcript Time: 1 Hour 13 Minute 41 Second.

Automatic transcript closed.
